{"type": "FeatureCollection", "columns": {"count": "Long<0, 4294967295>", "label": "Integer", "system:index": "String"}, "features": [{"type": "Feature", "geometry": {"geodesic": false, "type": "Polygon", "coordinates": [[[-96.55398100913219, 39.08830312636433], [-96.55344201996171, 39.08830312636433], [-96.55344201996171, 39.08857262094956], [-96.55398100913219, 39.08857262094956], [-96.55398100913219, 39.08830312636433]]]}, "id": "-358277+145043", "properties": {"count": 2, "label": 0}}, {"type": "Feature", "geometry": {"geodesic": false, "type": "Polygon", "coordinates": [[[-96.55371151454695, 39.09072857763145], [-96.55371151454695, 39.09045908304622], [-96.55425050371743, 39.09045908304622], [-96.55425050371743, 39.09018958846098], [-96.55344201996171, 39.09018958846098], [-96.55344201996171, 39.09072857763145], [-96.55371151454695, 39.09072857763145]]]}, "id": "-358277+145051", "properties": {"count": 4, "label": 0}}, {"type": "Feature", "geometry": {"geodesic": false, "type": "Polygon", "coordinates": [[[-96.55478949288789, 39.087494642608625], [-96.55478949288789, 39.08695565343815], [-96.55505898747313, 39.08695565343815], [-96.55505898747313, 39.08641666426768], [-96.5555979766436, 39.08641666426768], [-96.5555979766436, 39.08668615885291], [-96.55613696581408, 39.08668615885291], [-96.55613696581408, 39.08695565343815], [-96.5564064603993, 39.08695565343815], [-96.5564064603993, 39.08614716968244], [-96.55667595498454, 39.08614716968244], [-96.55667595498454, 39.085338685926736], [-96.55694544956978, 39.085338685926736], [-96.55694544956978, 39.084799696756264], [-96.55775393332549, 39.084799696756264], [-96.55775393332549, 39.0850691913415], [-96.55829292249597, 39.0850691913415], [-96.55829292249597, 39.084799696756264], [-96.55802342791073, 39.084799696756264], [-96.55802342791073, 39.08453020217103], [-96.55775393332549, 39.08453020217103], [-96.55775393332549, 39.08426070758579], [-96.55748443874025, 39.08426070758579], [-96.55748443874025, 39.08399121300056], [-96.55613696581408, 39.08399121300056], [-96.55613696581408, 39.08426070758579], [-96.55586747122884, 39.08426070758579], [-96.55586747122884, 39.084799696756264], [-96.5555979766436, 39.084799696756264], [-96.5555979766436, 39.0850691913415], [-96.55532848205837, 39.0850691913415], [-96.55532848205837, 39.08560818051197], [-96.55505898747313, 39.08560818051197], [-96.55505898747313, 39.08614716968244], [-96.55478949288789, 39.08614716968244], [-96.55478949288789, 39.08641666426768], [-96.55425050371743, 39.08641666426768], [-96.55425050371743, 39.08668615885291], [-96.55398100913219, 39.08668615885291], [-96.55398100913219, 39.08695565343815], [-96.55371151454695, 39.08695565343815], [-96.55371151454695, 39.08668615885291], [-96.55344201996171, 39.08668615885291], [-96.55344201996171, 39.08695565343815], [-96.55371151454695, 39.08695565343815], [-96.55371151454695, 39.087494642608625], [-96.55478949288789, 39.087494642608625]], [[-96.55667595498454, 39.084799696756264], [-96.55694544956978, 39.084799696756264], [-96.55694544956978, 39.08453020217103], [-96.55667595498454, 39.08453020217103], [-96.55667595498454, 39.084799696756264]], [[-96.5555979766436, 39.08614716968244], [-96.55586747122884, 39.08614716968244], [-96.55586747122884, 39.08587767509721], [-96.5555979766436, 39.08587767509721], [-96.5555979766436, 39.08614716968244]], [[-96.55425050371743, 39.08695565343815], [-96.55451999830265, 39.08695565343815], [-96.55451999830265, 39.08668615885291], [-96.55425050371743, 39.08668615885291], [-96.55425050371743, 39.08695565343815]]]}, "id": "-358278+145039", "properties": {"count": 73, "label": 0}}, {"type": "Feature", "geometry": {"geodesic": false, "type": "Polygon", "coordinates": [[[-96.55451999830265, 39.08965059929051], [-96.55451999830265, 39.089381104705275], [-96.55478949288789, 39.089381104705275], [-96.55478949288789, 39.0888421155348], [-96.55451999830265, 39.0888421155348], [-96.55451999830265, 39.089381104705275], [-96.55371151454695, 39.089381104705275], [-96.55371151454695, 39.08965059929051], [-96.55451999830265, 39.08965059929051]]]}, "id": "-358278+145047", "properties": {"count": 5, "label": 0}}, {"type": "Feature", "geometry": {"geodesic": false, "type": "Polygon", "coordinates": [[[-96.55478949288789, 39.08641666426768], [-96.55478949288789, 39.08614716968244], [-96.55505898747313, 39.08614716968244], [-96.55505898747313, 39.08587767509721], [-96.55478949288789, 39.08587767509721], [-96.55478949288789, 39.08614716968244], [-96.55451999830265, 39.08614716968244], [-96.55451999830265, 39.08641666426768], [-96.55478949288789, 39.08641666426768]]]}, "id": "-358281+145035", "properties": {"count": 2, "label": 1}}, {"type": "Feature", "geometry": {"geodesic": false, "type": "Polygon", "coordinates": [[[-96.55532848205837, 39.085338685926736], [-96.55505898747313, 39.085338685926736], [-96.55505898747313, 39.08560818051197], [-96.55532848205837, 39.08560818051197], [-96.55532848205837, 39.085338685926736]]]}, "id": "-358283+145032", "properties": {"count": 1, "label": 1}}, {"type": "Feature", "geometry": {"geodesic": false, "type": "Polygon", "coordinates": [[[-96.5555979766436, 39.0850691913415], [-96.5555979766436, 39.084799696756264], [-96.55586747122884, 39.084799696756264], [-96.55586747122884, 39.08426070758579], [-96.55613696581408, 39.08426070758579], [-96.55613696581408, 39.08399121300056], [-96.55694544956978, 39.08399121300056], [-96.55694544956978, 39.08372171841532], [-96.55613696581408, 39.08372171841532], [-96.55613696581408, 39.08399121300056], [-96.55586747122884, 39.08399121300056], [-96.55586747122884, 39.08426070758579], [-96.5555979766436, 39.08426070758579], [-96.5555979766436, 39.084799696756264], [-96.55532848205837, 39.084799696756264], [-96.55532848205837, 39.0850691913415], [-96.5555979766436, 39.0850691913415]]]}, "id": "-358284+145030", "properties": {"count": 7, "label": 1}}, {"type": "Feature", "geometry": {"geodesic": false, "type": "Polygon", "coordinates": [[[-96.55586747122884, 39.08587767509721], [-96.5555979766436, 39.08587767509721], [-96.5555979766436, 39.08614716968244], [-96.55586747122884, 39.08614716968244], [-96.55586747122884, 39.08587767509721]]]}, "id": "-358285+145034", "properties": {"count": 1, "label": 1}}, {"type": "Feature", "geometry": {"geodesic": false, "type": "Polygon", "coordinates": [[[-96.55667595498454, 39.08857262094956], [-96.5564064603993, 39.08857262094956], [-96.5564064603993, 39.0888421155348], [-96.55667595498454, 39.0888421155348], [-96.55667595498454, 39.08857262094956]]]}, "id": "-358288+145044", "properties": {"count": 1, "label": 1}}, {"type": "Feature", "geometry": {"geodesic": false, "type": "Polygon", "coordinates": [[[-96.55667595498454, 39.09369301806905], [-96.5564064603993, 39.09369301806905], [-96.5564064603993, 39.09396251265429], [-96.55667595498454, 39.09396251265429], [-96.55667595498454, 39.09369301806905]]]}, "id": "-358288+145063", "properties": {"count": 1, "label": 1}}, {"type": "Feature", "geometry": {"geodesic": false, "type": "Polygon", "coordinates": [[[-96.55721494415502, 39.087225148023386], [-96.55667595498454, 39.087225148023386], [-96.55667595498454, 39.087494642608625], [-96.55721494415502, 39.087494642608625], [-96.55721494415502, 39.087225148023386]]]}, "id": "-358289+145039", "properties": {"count": 2, "label": 0}}, {"type": "Feature", "geometry": {"geodesic": false, "type": "Polygon", "coordinates": [[[-96.55721494415502, 39.09045908304622], [-96.55694544956978, 39.09045908304622], [-96.55694544956978, 39.09072857763145], [-96.55721494415502, 39.09072857763145], [-96.55721494415502, 39.09045908304622]]]}, "id": "-358290+145051", "properties": {"count": 1, "label": 1}}, {"type": "Feature", "geometry": {"geodesic": false, "type": "Polygon", "coordinates": [[[-96.55775393332549, 39.085338685926736], [-96.55721494415502, 39.085338685926736], [-96.55721494415502, 39.08560818051197], [-96.55775393332549, 39.08560818051197], [-96.55775393332549, 39.085338685926736]]]}, "id": "-358291+145032", "properties": {"count": 2, "label": 0}}, {"type": "Feature", "geometry": {"geodesic": false, "type": "Polygon", "coordinates": [[[-96.55748443874025, 39.09099807221669], [-96.55721494415502, 39.09099807221669], [-96.55721494415502, 39.091267566801925], [-96.55748443874025, 39.091267566801925], [-96.55748443874025, 39.09099807221669]]]}, "id": "-358291+145053", "properties": {"count": 1, "label": 1}}, {"type": "Feature", "geometry": {"geodesic": false, "type": "Polygon", "coordinates": [[[-96.55775393332549, 39.0926150397281], [-96.55775393332549, 39.09234554514287], [-96.55802342791073, 39.09234554514287], [-96.55802342791073, 39.09207605055763], [-96.55829292249597, 39.09207605055763], [-96.55829292249597, 39.0926150397281], [-96.55883191166643, 39.0926150397281], [-96.55883191166643, 39.09207605055763], [-96.55910140625167, 39.09207605055763], [-96.55910140625167, 39.0918065559724], [-96.55883191166643, 39.0918065559724], [-96.55883191166643, 39.09153706138716], [-96.55856241708119, 39.09153706138716], [-96.55856241708119, 39.091267566801925], [-96.55883191166643, 39.091267566801925], [-96.55883191166643, 39.09045908304622], [-96.55910140625167, 39.09045908304622], [-96.55910140625167, 39.09099807221669], [-96.5593709008369, 39.09099807221669], [-96.5593709008369, 39.09072857763145], [-96.55964039542214, 39.09072857763145], [-96.55964039542214, 39.08992009387575], [-96.5593709008369, 39.08992009387575], [-96.5593709008369, 39.089381104705275], [-96.55964039542214, 39.089381104705275], [-96.55964039542214, 39.089111610120035], [-96.55990989000738, 39.089111610120035], [-96.55990989000738, 39.089381104705275], [-96.56017938459262, 39.089381104705275], [-96.56017938459262, 39.08857262094956], [-96.55964039542214, 39.08857262094956], [-96.55964039542214, 39.08830312636433], [-96.5593709008369, 39.08830312636433], [-96.5593709008369, 39.0880336317791], [-96.55964039542214, 39.0880336317791], [-96.55964039542214, 39.08776413719386], [-96.5593709008369, 39.08776413719386], [-96.5593709008369, 39.08668615885291], [-96.55964039542214, 39.08668615885291], [-96.55964039542214, 39.0850691913415], [-96.56017938459262, 39.0850691913415], [-96.56017938459262, 39.085338685926736], [-96.56044887917784, 39.085338685926736], [-96.56044887917784, 39.08560818051197], [-96.56071837376308, 39.08560818051197], [-96.56071837376308, 39.08587767509721], [-96.56125736293356, 39.08587767509721], [-96.56125736293356, 39.08560818051197], [-96.56098786834832, 39.08560818051197], [-96.56098786834832, 39.085338685926736], [-96.56071837376308, 39.085338685926736], [-96.56071837376308, 39.0850691913415], [-96.56017938459262, 39.0850691913415], [-96.56017938459262, 39.08453020217103], [-96.55964039542214, 39.08453020217103], [-96.55964039542214, 39.0850691913415], [-96.5593709008369, 39.0850691913415], [-96.5593709008369, 39.08453020217103], [-96.55910140625167, 39.08453020217103], [-96.55910140625167, 39.08426070758579], [-96.55829292249597, 39.08426070758579], [-96.55829292249597, 39.08453020217103], [-96.55883191166643, 39.08453020217103], [-96.55883191166643, 39.0850691913415], [-96.55910140625167, 39.0850691913415], [-96.55910140625167, 39.08560818051197], [-96.5593709008369, 39.08560818051197], [-96.5593709008369, 39.08668615885291], [-96.55883191166643, 39.08668615885291], [-96.55883191166643, 39.08641666426768], [-96.55856241708119, 39.08641666426768], [-96.55856241708119, 39.08668615885291], [-96.55802342791073, 39.08668615885291], [-96.55802342791073, 39.08641666426768], [-96.55748443874025, 39.08641666426768], [-96.55748443874025, 39.08668615885291], [-96.55802342791073, 39.08668615885291], [-96.55802342791073, 39.087225148023386], [-96.55775393332549, 39.087225148023386], [-96.55775393332549, 39.087494642608625], [-96.55802342791073, 39.087494642608625], [-96.55802342791073, 39.0880336317791], [-96.55829292249597, 39.0880336317791], [-96.55829292249597, 39.087494642608625], [-96.55856241708119, 39.087494642608625], [-96.55856241708119, 39.08776413719386], [-96.55883191166643, 39.08776413719386], [-96.55883191166643, 39.0888421155348], [-96.55829292249597, 39.0888421155348], [-96.55829292249597, 39.089381104705275], [-96.55775393332549, 39.089381104705275], [-96.55775393332549, 39.089111610120035], [-96.55748443874025, 39.089111610120035], [-96.55748443874025, 39.08830312636433], [-96.55721494415502, 39.08830312636433], [-96.55721494415502, 39.0880336317791], [-96.5564064603993, 39.0880336317791], [-96.5564064603993, 39.08776413719386], [-96.55613696581408, 39.08776413719386], [-96.55613696581408, 39.08857262094956], [-96.55586747122884, 39.08857262094956], [-96.55586747122884, 39.0880336317791], [-96.55532848205837, 39.0880336317791], [-96.55532848205837, 39.08830312636433], [-96.55505898747313, 39.08830312636433], [-96.55505898747313, 39.0880336317791], [-96.55425050371743, 39.0880336317791], [-96.55425050371743, 39.08830312636433], [-96.55478949288789, 39.08830312636433], [-96.55478949288789, 39.08857262094956], [-96.55505898747313, 39.08857262094956], [-96.55505898747313, 39.0888421155348], [-96.55532848205837, 39.0888421155348], [-96.55532848205837, 39.089381104705275], [-96.5555979766436, 39.089381104705275], [-96.5555979766436, 39.08965059929051], [-96.55586747122884, 39.08965059929051], [-96.55586747122884, 39.08992009387575], [-96.55667595498454, 39.08992009387575], [-96.55667595498454, 39.08965059929051], [-96.5564064603993, 39.08965059929051], [-96.5564064603993, 39.089111610120035], [-96.55667595498454, 39.089111610120035], [-96.55667595498454, 39.089381104705275], [-96.55694544956978, 39.089381104705275], [-96.55694544956978, 39.08965059929051], [-96.55721494415502, 39.08965059929051], [-96.55721494415502, 39.08992009387575], [-96.55748443874025, 39.08992009387575], [-96.55748443874025, 39.09018958846098], [-96.5564064603993, 39.09018958846098], [-96.5564064603993, 39.09072857763145], [-96.55586747122884, 39.09072857763145], [-96.55586747122884, 39.09018958846098], [-96.55532848205837, 39.09018958846098], [-96.55532848205837, 39.09045908304622], [-96.55478949288789, 39.09045908304622], [-96.55478949288789, 39.09018958846098], [-96.55451999830265, 39.09018958846098], [-96.55451999830265, 39.09045908304622], [-96.55478949288789, 39.09045908304622], [-96.55478949288789, 39.09072857763145], [-96.55425050371743, 39.09072857763145], [-96.55425050371743, 39.09099807221669], [-96.55451999830265, 39.09099807221669], [-96.55451999830265, 39.091267566801925], [-96.55613696581408, 39.091267566801925], [-96.55613696581408, 39.09099807221669], [-96.55667595498454, 39.09099807221669], [-96.55667595498454, 39.09234554514287], [-96.55694544956978, 39.09234554514287], [-96.55694544956978, 39.0918065559724], [-96.55721494415502, 39.0918065559724], [-96.55721494415502, 39.09207605055763], [-96.55748443874025, 39.09207605055763], [-96.55748443874025, 39.09234554514287], [-96.55721494415502, 39.09234554514287], [-96.55721494415502, 39.0926150397281], [-96.55775393332549, 39.0926150397281]], [[-96.55910140625167, 39.08857262094956], [-96.5593709008369, 39.08857262094956], [-96.5593709008369, 39.08830312636433], [-96.55910140625167, 39.08830312636433], [-96.55910140625167, 39.08857262094956]], [[-96.5564064603993, 39.0888421155348], [-96.55667595498454, 39.0888421155348], [-96.55667595498454, 39.08857262094956], [-96.5564064603993, 39.08857262094956], [-96.5564064603993, 39.0888421155348]], [[-96.55883191166643, 39.08992009387575], [-96.55910140625167, 39.08992009387575], [-96.55910140625167, 39.08965059929051], [-96.55883191166643, 39.08965059929051], [-96.55883191166643, 39.08992009387575]], [[-96.55802342791073, 39.09045908304622], [-96.55829292249597, 39.09045908304622], [-96.55829292249597, 39.08992009387575], [-96.55802342791073, 39.08992009387575], [-96.55802342791073, 39.09045908304622]], [[-96.55694544956978, 39.09072857763145], [-96.55721494415502, 39.09072857763145], [-96.55721494415502, 39.09045908304622], [-96.55694544956978, 39.09045908304622], [-96.55694544956978, 39.09072857763145]], [[-96.55802342791073, 39.091267566801925], [-96.55856241708119, 39.091267566801925], [-96.55856241708119, 39.09099807221669], [-96.55802342791073, 39.09099807221669], [-96.55802342791073, 39.091267566801925]], [[-96.55721494415502, 39.091267566801925], [-96.55748443874025, 39.091267566801925], [-96.55748443874025, 39.09099807221669], [-96.55721494415502, 39.09099807221669], [-96.55721494415502, 39.091267566801925]], [[-96.55829292249597, 39.09207605055763], [-96.55856241708119, 39.09207605055763], [-96.55856241708119, 39.0918065559724], [-96.55829292249597, 39.0918065559724], [-96.55829292249597, 39.09207605055763]], [[-96.55748443874025, 39.09207605055763], [-96.55802342791073, 39.09207605055763], [-96.55802342791073, 39.09153706138716], [-96.55775393332549, 39.09153706138716], [-96.55775393332549, 39.0918065559724], [-96.55748443874025, 39.0918065559724], [-96.55748443874025, 39.09207605055763]]]}, "id": "-358291+145058", "properties": {"count": 231, "label": 0}}, {"type": "Feature", "geometry": {"geodesic": false, "type": "Polygon", "coordinates": [[[-96.55829292249597, 39.085338685926736], [-96.55802342791073, 39.085338685926736], [-96.55802342791073, 39.08587767509721], [-96.55829292249597, 39.08587767509721], [-96.55829292249597, 39.085338685926736]]]}, "id": "-358294+145033", "properties": {"count": 2, "label": 0}}, {"type": "Feature", "geometry": {"geodesic": false, "type": "Polygon", "coordinates": [[[-96.55829292249597, 39.08992009387575], [-96.55802342791073, 39.08992009387575], [-96.55802342791073, 39.09045908304622], [-96.55829292249597, 39.09045908304622], [-96.55829292249597, 39.08992009387575]]]}, "id": "-358294+145050", "properties": {"count": 2, "label": 1}}, {"type": "Feature", "geometry": {"geodesic": false, "type": "Polygon", "coordinates": [[[-96.55856241708119, 39.09477099640999], [-96.55829292249597, 39.09477099640999], [-96.55829292249597, 39.095040490995224], [-96.55856241708119, 39.095040490995224], [-96.55856241708119, 39.09477099640999]]]}, "id": "-358295+145067", "properties": {"count": 1, "label": 1}}, {"type": "Feature", "geometry": {"geodesic": false, "type": "Polygon", "coordinates": [[[-96.55910140625167, 39.08965059929051], [-96.55883191166643, 39.08965059929051], [-96.55883191166643, 39.08992009387575], [-96.55910140625167, 39.08992009387575], [-96.55910140625167, 39.08965059929051]]]}, "id": "-358297+145048", "properties": {"count": 1, "label": 1}}, {"type": "Feature", "geometry": {"geodesic": false, "type": "Polygon", "coordinates": [[[-96.55910140625167, 39.09854392060329], [-96.55910140625167, 39.09827442601806], [-96.55883191166643, 39.09827442601806], [-96.55883191166643, 39.097465942262346], [-96.55856241708119, 39.097465942262346], [-96.55856241708119, 39.097735436847586], [-96.55829292249597, 39.097735436847586], [-96.55829292249597, 39.09800493143282], [-96.55856241708119, 39.09800493143282], [-96.55856241708119, 39.09827442601806], [-96.55883191166643, 39.09827442601806], [-96.55883191166643, 39.09854392060329], [-96.55910140625167, 39.09854392060329]]]}, "id": "-358297+145080", "properties": {"count": 5, "label": 0}}, {"type": "Feature", "geometry": {"geodesic": false, "type": "Polygon", "coordinates": [[[-96.55990989000738, 39.09207605055763], [-96.55990989000738, 39.09153706138716], [-96.5593709008369, 39.09153706138716], [-96.5593709008369, 39.091267566801925], [-96.55910140625167, 39.091267566801925], [-96.55910140625167, 39.09153706138716], [-96.5593709008369, 39.09153706138716], [-96.5593709008369, 39.09207605055763], [-96.55990989000738, 39.09207605055763]]]}, "id": "-358299+145056", "properties": {"count": 5, "label": 0}}, {"type": "Feature", "geometry": {"geodesic": false, "type": "Polygon", "coordinates": [[[-96.55990989000738, 39.09854392060329], [-96.55964039542214, 39.09854392060329], [-96.55964039542214, 39.09881341518853], [-96.55990989000738, 39.09881341518853], [-96.55990989000738, 39.09854392060329]]]}, "id": "-358300+145081", "properties": {"count": 1, "label": 0}}, {"type": "Feature", "geometry": {"geodesic": false, "type": "Polygon", "coordinates": [[[-96.56044887917784, 39.09396251265429], [-96.56044887917784, 39.09369301806905], [-96.56071837376308, 39.09369301806905], [-96.56071837376308, 39.093154028898574], [-96.56017938459262, 39.093154028898574], [-96.56017938459262, 39.093423523483814], [-96.56044887917784, 39.093423523483814], [-96.56044887917784, 39.09369301806905], [-96.55990989000738, 39.09369301806905], [-96.55990989000738, 39.09396251265429], [-96.56044887917784, 39.09396251265429]]]}, "id": "-358301+145063", "properties": {"count": 5, "label": 1}}, {"type": "Feature", "geometry": {"geodesic": false, "type": "Polygon", "coordinates": [[[-96.56017938459262, 39.09423200723952], [-96.55990989000738, 39.09423200723952], [-96.55990989000738, 39.09450150182475], [-96.56017938459262, 39.09450150182475], [-96.56017938459262, 39.09423200723952]]]}, "id": "-358301+145065", "properties": {"count": 1, "label": 1}}, {"type": "Feature", "geometry": {"geodesic": false, "type": "Polygon", "coordinates": [[[-96.56044887917784, 39.087225148023386], [-96.56017938459262, 39.087225148023386], [-96.56017938459262, 39.087494642608625], [-96.56044887917784, 39.087494642608625], [-96.56044887917784, 39.087225148023386]]]}, "id": "-358302+145039", "properties": {"count": 1, "label": 0}}, {"type": "Feature", "geometry": {"geodesic": false, "type": "Polygon", "coordinates": [[[-96.56071837376308, 39.08857262094956], [-96.56044887917784, 39.08857262094956], [-96.56044887917784, 39.0888421155348], [-96.56071837376308, 39.0888421155348], [-96.56071837376308, 39.08857262094956]]]}, "id": "-358303+145044", "properties": {"count": 1, "label": 0}}, {"type": "Feature", "geometry": {"geodesic": false, "type": "Polygon", "coordinates": [[[-96.56125736293356, 39.08426070758579], [-96.56098786834832, 39.08426070758579], [-96.56098786834832, 39.08453020217103], [-96.56125736293356, 39.08453020217103], [-96.56125736293356, 39.08426070758579]]]}, "id": "-358305+145028", "properties": {"count": 1, "label": 0}}, {"type": "Feature", "geometry": {"geodesic": false, "type": "Polygon", "coordinates": [[[-96.56125736293356, 39.087225148023386], [-96.56098786834832, 39.087225148023386], [-96.56098786834832, 39.087494642608625], [-96.56125736293356, 39.087494642608625], [-96.56125736293356, 39.087225148023386]]]}, "id": "-358305+145039", "properties": {"count": 1, "label": 0}}, {"type": "Feature", "geometry": {"geodesic": false, "type": "Polygon", "coordinates": [[[-96.56125736293356, 39.089111610120035], [-96.56098786834832, 39.089111610120035], [-96.56098786834832, 39.089381104705275], [-96.56125736293356, 39.089381104705275], [-96.56125736293356, 39.089111610120035]]]}, "id": "-358305+145046", "properties": {"count": 1, "label": 0}}, {"type": "Feature", "geometry": {"geodesic": false, "type": "Polygon", "coordinates": [[[-96.56206584668926, 39.09719644767711], [-96.56098786834832, 39.09719644767711], [-96.56098786834832, 39.097735436847586], [-96.56206584668926, 39.097735436847586], [-96.56206584668926, 39.09719644767711]]]}, "id": "-358305+145077", "properties": {"count": 8, "label": 1}}, {"type": "Feature", "geometry": {"geodesic": false, "type": "Polygon", "coordinates": [[[-96.56179635210403, 39.09611846933617], [-96.56179635210403, 39.095579480165696], [-96.56206584668926, 39.095579480165696], [-96.56206584668926, 39.095848974750936], [-96.56314382503021, 39.095848974750936], [-96.56314382503021, 39.095579480165696], [-96.56395230878591, 39.095579480165696], [-96.56395230878591, 39.095309985580464], [-96.56422180337115, 39.095309985580464], [-96.56422180337115, 39.09477099640999], [-96.56449129795638, 39.09477099640999], [-96.56449129795638, 39.09450150182475], [-96.56395230878591, 39.09450150182475], [-96.56395230878591, 39.095040490995224], [-96.56314382503021, 39.095040490995224], [-96.56314382503021, 39.09477099640999], [-96.56287433044497, 39.09477099640999], [-96.56287433044497, 39.095309985580464], [-96.56260483585973, 39.095309985580464], [-96.56260483585973, 39.095040490995224], [-96.56206584668926, 39.095040490995224], [-96.56206584668926, 39.095309985580464], [-96.56179635210403, 39.095309985580464], [-96.56179635210403, 39.095579480165696], [-96.56125736293356, 39.095579480165696], [-96.56125736293356, 39.095848974750936], [-96.56152685751879, 39.095848974750936], [-96.56152685751879, 39.09611846933617], [-96.56179635210403, 39.09611846933617]]]}, "id": "-358307+145071", "properties": {"count": 26, "label": 0}}, {"type": "Feature", "geometry": {"geodesic": false, "type": "Polygon", "coordinates": [[[-96.56260483585973, 39.08426070758579], [-96.56260483585973, 39.08399121300056], [-96.56233534127449, 39.08399121300056], [-96.56233534127449, 39.083452223830086], [-96.56206584668926, 39.083452223830086], [-96.56206584668926, 39.08399121300056], [-96.56179635210403, 39.08399121300056], [-96.56179635210403, 39.08426070758579], [-96.56260483585973, 39.08426070758579]]]}, "id": "-358308+145027", "properties": {"count": 5, "label": 0}}, {"type": "Feature", "geometry": {"geodesic": false, "type": "Polygon", "coordinates": [[[-96.56260483585973, 39.085338685926736], [-96.56260483585973, 39.084799696756264], [-96.56206584668926, 39.084799696756264], [-96.56206584668926, 39.0850691913415], [-96.56179635210403, 39.0850691913415], [-96.56179635210403, 39.085338685926736], [-96.56260483585973, 39.085338685926736]]]}, "id": "-358308+145031", "properties": {"count": 5, "label": 0}}, {"type": "Feature", "geometry": {"geodesic": false, "type": "Polygon", "coordinates": [[[-96.56260483585973, 39.09827442601806], [-96.56233534127449, 39.09827442601806], [-96.56233534127449, 39.09854392060329], [-96.56260483585973, 39.09854392060329], [-96.56260483585973, 39.09827442601806]]]}, "id": "-358310+145080", "properties": {"count": 1, "label": 1}}, {"type": "Feature", "geometry": {"geodesic": false, "type": "Polygon", "coordinates": [[[-96.56314382503021, 39.09692695309188], [-96.56314382503021, 39.09638796392141], [-96.56287433044497, 39.09638796392141], [-96.56287433044497, 39.09665745850664], [-96.56260483585973, 39.09665745850664], [-96.56260483585973, 39.09692695309188], [-96.56314382503021, 39.09692695309188]]]}, "id": "-358311+145074", "properties": {"count": 3, "label": 1}}, {"type": "Feature", "geometry": {"geodesic": false, "type": "Polygon", "coordinates": [[[-96.56341331961544, 39.084799696756264], [-96.56341331961544, 39.08453020217103], [-96.56395230878591, 39.08453020217103], [-96.56395230878591, 39.084799696756264], [-96.56422180337115, 39.084799696756264], [-96.56422180337115, 39.08426070758579], [-96.56368281420067, 39.08426070758579], [-96.56368281420067, 39.08399121300056], [-96.56341331961544, 39.08399121300056], [-96.56341331961544, 39.08426070758579], [-96.56287433044497, 39.08426070758579], [-96.56287433044497, 39.084799696756264], [-96.56341331961544, 39.084799696756264]]]}, "id": "-358312+145029", "properties": {"count": 9, "label": 0}}, {"type": "Feature", "geometry": {"geodesic": false, "type": "Polygon", "coordinates": [[[-96.56314382503021, 39.08641666426768], [-96.56287433044497, 39.08641666426768], [-96.56287433044497, 39.08695565343815], [-96.56314382503021, 39.08695565343815], [-96.56314382503021, 39.08641666426768]]]}, "id": "-358312+145037", "properties": {"count": 2, "label": 0}}, {"type": "Feature", "geometry": {"geodesic": false, "type": "Polygon", "coordinates": [[[-96.56368281420067, 39.08965059929051], [-96.56341331961544, 39.08965059929051], [-96.56341331961544, 39.08992009387575], [-96.56368281420067, 39.08992009387575], [-96.56368281420067, 39.08965059929051]]]}, "id": "-358314+145048", "properties": {"count": 1, "label": 0}}, {"type": "Feature", "geometry": {"geodesic": false, "type": "Polygon", "coordinates": [[[-96.56395230878591, 39.09045908304622], [-96.56341331961544, 39.09045908304622], [-96.56341331961544, 39.09072857763145], [-96.56395230878591, 39.09072857763145], [-96.56395230878591, 39.09045908304622]]]}, "id": "-358314+145051", "properties": {"count": 2, "label": 0}}, {"type": "Feature", "geometry": {"geodesic": false, "type": "Polygon", "coordinates": [[[-96.56395230878591, 39.091267566801925], [-96.56368281420067, 39.091267566801925], [-96.56368281420067, 39.09153706138716], [-96.56395230878591, 39.09153706138716], [-96.56395230878591, 39.091267566801925]]]}, "id": "-358315+145054", "properties": {"count": 1, "label": 0}}, {"type": "Feature", "geometry": {"geodesic": false, "type": "Polygon", "coordinates": [[[-96.56395230878591, 39.09692695309188], [-96.56368281420067, 39.09692695309188], [-96.56368281420067, 39.09719644767711], [-96.56395230878591, 39.09719644767711], [-96.56395230878591, 39.09692695309188]]]}, "id": "-358315+145075", "properties": {"count": 1, "label": 1}}, {"type": "Feature", "geometry": {"geodesic": false, "type": "Polygon", "coordinates": [[[-96.56422180337115, 39.08965059929051], [-96.56395230878591, 39.08965059929051], [-96.56395230878591, 39.09018958846098], [-96.56422180337115, 39.09018958846098], [-96.56422180337115, 39.08965059929051]]]}, "id": "-358316+145049", "properties": {"count": 2, "label": 0}}, {"type": "Feature", "geometry": {"geodesic": false, "type": "Polygon", "coordinates": [[[-96.56449129795638, 39.09072857763145], [-96.56422180337115, 39.09072857763145], [-96.56422180337115, 39.09099807221669], [-96.56449129795638, 39.09099807221669], [-96.56449129795638, 39.09072857763145]]]}, "id": "-358317+145052", "properties": {"count": 1, "label": 0}}, {"type": "Feature", "geometry": {"geodesic": false, "type": "Polygon", "coordinates": [[[-96.56449129795638, 39.09369301806905], [-96.56449129795638, 39.093423523483814], [-96.56476079254162, 39.093423523483814], [-96.56476079254162, 39.093154028898574], [-96.56449129795638, 39.093154028898574], [-96.56449129795638, 39.093423523483814], [-96.56422180337115, 39.093423523483814], [-96.56422180337115, 39.09369301806905], [-96.56449129795638, 39.09369301806905]]]}, "id": "-358317+145062", "properties": {"count": 2, "label": 1}}, {"type": "Feature", "geometry": {"geodesic": false, "type": "Polygon", "coordinates": [[[-96.56449129795638, 39.09827442601806], [-96.56422180337115, 39.09827442601806], [-96.56422180337115, 39.09854392060329], [-96.56449129795638, 39.09854392060329], [-96.56449129795638, 39.09827442601806]]]}, "id": "-358317+145080", "properties": {"count": 1, "label": 0}}, {"type": "Feature", "geometry": {"geodesic": false, "type": "Polygon", "coordinates": [[[-96.56529978171208, 39.08048778339249], [-96.56529978171208, 39.08021828880725], [-96.56503028712686, 39.08021828880725], [-96.56503028712686, 39.07994879422202], [-96.56476079254162, 39.07994879422202], [-96.56476079254162, 39.08048778339249], [-96.56529978171208, 39.08048778339249]]]}, "id": "-358319+145013", "properties": {"count": 3, "label": 0}}, {"type": "Feature", "geometry": {"geodesic": false, "type": "Polygon", "coordinates": [[[-96.56529978171208, 39.09450150182475], [-96.56476079254162, 39.09450150182475], [-96.56476079254162, 39.09477099640999], [-96.56529978171208, 39.09477099640999], [-96.56529978171208, 39.09450150182475]]]}, "id": "-358319+145066", "properties": {"count": 2, "label": 0}}, {"type": "Feature", "geometry": {"geodesic": false, "type": "Polygon", "coordinates": [[[-96.56556927629732, 39.09153706138716], [-96.56503028712686, 39.09153706138716], [-96.56503028712686, 39.0918065559724], [-96.56556927629732, 39.0918065559724], [-96.56556927629732, 39.09153706138716]]]}, "id": "-358320+145055", "properties": {"count": 2, "label": 0}}, {"type": "Feature", "geometry": {"geodesic": false, "type": "Polygon", "coordinates": [[[-96.56556927629732, 39.095579480165696], [-96.56503028712686, 39.095579480165696], [-96.56503028712686, 39.095848974750936], [-96.56556927629732, 39.095848974750936], [-96.56556927629732, 39.095579480165696]]]}, "id": "-358320+145070", "properties": {"count": 2, "label": 0}}, {"type": "Feature", "geometry": {"geodesic": false, "type": "Polygon", "coordinates": [[[-96.56583877088256, 39.081026772562964], [-96.56529978171208, 39.081026772562964], [-96.56529978171208, 39.0812962671482], [-96.56583877088256, 39.0812962671482], [-96.56583877088256, 39.081026772562964]]]}, "id": "-358321+145016", "properties": {"count": 2, "label": 0}}, {"type": "Feature", "geometry": {"geodesic": false, "type": "Polygon", "coordinates": [[[-96.56583877088256, 39.076984353784425], [-96.56556927629732, 39.076984353784425], [-96.56556927629732, 39.07725384836966], [-96.56583877088256, 39.07725384836966], [-96.56583877088256, 39.076984353784425]]]}, "id": "-358322+145001", "properties": {"count": 1, "label": 0}}, {"type": "Feature", "geometry": {"geodesic": false, "type": "Polygon", "coordinates": [[[-96.5661082654678, 39.07994879422202], [-96.56583877088256, 39.07994879422202], [-96.56583877088256, 39.08021828880725], [-96.5661082654678, 39.08021828880725], [-96.5661082654678, 39.07994879422202]]]}, "id": "-358323+145012", "properties": {"count": 1, "label": 0}}, {"type": "Feature", "geometry": {"geodesic": false, "type": "Polygon", "coordinates": [[[-96.56637776005303, 39.084799696756264], [-96.56583877088256, 39.084799696756264], [-96.56583877088256, 39.0850691913415], [-96.56637776005303, 39.0850691913415], [-96.56637776005303, 39.084799696756264]]]}, "id": "-358323+145030", "properties": {"count": 2, "label": 1}}, {"type": "Feature", "geometry": {"geodesic": false, "type": "Polygon", "coordinates": [[[-96.56637776005303, 39.089111610120035], [-96.56637776005303, 39.0888421155348], [-96.5661082654678, 39.0888421155348], [-96.5661082654678, 39.08830312636433], [-96.56583877088256, 39.08830312636433], [-96.56583877088256, 39.08857262094956], [-96.56556927629732, 39.08857262094956], [-96.56556927629732, 39.0888421155348], [-96.56583877088256, 39.0888421155348], [-96.56583877088256, 39.089111610120035], [-96.56637776005303, 39.089111610120035]]]}, "id": "-358323+145045", "properties": {"count": 5, "label": 0}}, {"type": "Feature", "geometry": {"geodesic": false, "type": "Polygon", "coordinates": [[[-96.5661082654678, 39.09450150182475], [-96.56583877088256, 39.09450150182475], [-96.56583877088256, 39.09477099640999], [-96.5661082654678, 39.09477099640999], [-96.5661082654678, 39.09450150182475]]]}, "id": "-358323+145066", "properties": {"count": 1, "label": 0}}, {"type": "Feature", "geometry": {"geodesic": false, "type": "Polygon", "coordinates": [[[-96.56691674922351, 39.08183525631867], [-96.5661082654678, 39.08183525631867], [-96.5661082654678, 39.08210475090391], [-96.56691674922351, 39.08210475090391], [-96.56691674922351, 39.08183525631867]]]}, "id": "-358324+145019", "properties": {"count": 3, "label": 0}}, {"type": "Feature", "geometry": {"geodesic": false, "type": "Polygon", "coordinates": [[[-96.56637776005303, 39.09018958846098], [-96.5661082654678, 39.09018958846098], [-96.5661082654678, 39.09045908304622], [-96.56637776005303, 39.09045908304622], [-96.56637776005303, 39.09018958846098]]]}, "id": "-358324+145050", "properties": {"count": 1, "label": 0}}, {"type": "Feature", "geometry": {"geodesic": false, "type": "Polygon", "coordinates": [[[-96.56637776005303, 39.103664317722775], [-96.5661082654678, 39.103664317722775], [-96.5661082654678, 39.10393381230801], [-96.56637776005303, 39.10393381230801], [-96.56637776005303, 39.103664317722775]]]}, "id": "-358324+145100", "properties": {"count": 1, "label": 0}}, {"type": "Feature", "geometry": {"geodesic": false, "type": "Polygon", "coordinates": [[[-96.56691674922351, 39.08048778339249], [-96.56691674922351, 39.07994879422202], [-96.56664725463827, 39.07994879422202], [-96.56664725463827, 39.07967929963678], [-96.56637776005303, 39.07967929963678], [-96.56637776005303, 39.08048778339249], [-96.56691674922351, 39.08048778339249]]]}, "id": "-358325+145013", "properties": {"count": 5, "label": 0}}, {"type": "Feature", "geometry": {"geodesic": false, "type": "Polygon", "coordinates": [[[-96.56691674922351, 39.08237424548914], [-96.56664725463827, 39.08237424548914], [-96.56664725463827, 39.082643740074374], [-96.56691674922351, 39.082643740074374], [-96.56691674922351, 39.08237424548914]]]}, "id": "-358326+145021", "properties": {"count": 1, "label": 0}}, {"type": "Feature", "geometry": {"geodesic": false, "type": "Polygon", "coordinates": [[[-96.56718624380875, 39.09099807221669], [-96.56664725463827, 39.09099807221669], [-96.56664725463827, 39.091267566801925], [-96.56718624380875, 39.091267566801925], [-96.56718624380875, 39.09099807221669]]]}, "id": "-358326+145053", "properties": {"count": 2, "label": 0}}, {"type": "Feature", "geometry": {"geodesic": false, "type": "Polygon", "coordinates": [[[-96.56691674922351, 39.095309985580464], [-96.56664725463827, 39.095309985580464], [-96.56664725463827, 39.095848974750936], [-96.56691674922351, 39.095848974750936], [-96.56691674922351, 39.095309985580464]]]}, "id": "-358326+145070", "properties": {"count": 2, "label": 0}}, {"type": "Feature", "geometry": {"geodesic": false, "type": "Polygon", "coordinates": [[[-96.56718624380875, 39.07779283754013], [-96.56691674922351, 39.07779283754013], [-96.56691674922351, 39.07806233212537], [-96.56718624380875, 39.07806233212537], [-96.56718624380875, 39.07779283754013]]]}, "id": "-358327+145004", "properties": {"count": 1, "label": 0}}, {"type": "Feature", "geometry": {"geodesic": false, "type": "Polygon", "coordinates": [[[-96.56772523297921, 39.087225148023386], [-96.56718624380875, 39.087225148023386], [-96.56718624380875, 39.087494642608625], [-96.56772523297921, 39.087494642608625], [-96.56772523297921, 39.087225148023386]]]}, "id": "-358328+145039", "properties": {"count": 2, "label": 0}}, {"type": "Feature", "geometry": {"geodesic": false, "type": "Polygon", "coordinates": [[[-96.56772523297921, 39.09045908304622], [-96.56772523297921, 39.09018958846098], [-96.56745573839397, 39.09018958846098], [-96.56745573839397, 39.08992009387575], [-96.56718624380875, 39.08992009387575], [-96.56718624380875, 39.09045908304622], [-96.56772523297921, 39.09045908304622]]]}, "id": "-358328+145050", "properties": {"count": 3, "label": 0}}, {"type": "Feature", "geometry": {"geodesic": false, "type": "Polygon", "coordinates": [[[-96.56799472756445, 39.076714859199186], [-96.56745573839397, 39.076714859199186], [-96.56745573839397, 39.07725384836966], [-96.56799472756445, 39.07725384836966], [-96.56799472756445, 39.076714859199186]]]}, "id": "-358329+145001", "properties": {"count": 4, "label": 0}}, {"type": "Feature", "geometry": {"geodesic": false, "type": "Polygon", "coordinates": [[[-96.56826422214968, 39.07617587002871], [-96.56799472756445, 39.07617587002871], [-96.56799472756445, 39.07644536461395], [-96.56826422214968, 39.07644536461395], [-96.56826422214968, 39.07617587002871]]]}, "id": "-358331+144998", "properties": {"count": 1, "label": 0}}, {"type": "Feature", "geometry": {"geodesic": false, "type": "Polygon", "coordinates": [[[-96.56826422214968, 39.09207605055763], [-96.56826422214968, 39.09153706138716], [-96.56745573839397, 39.09153706138716], [-96.56745573839397, 39.0918065559724], [-96.56799472756445, 39.0918065559724], [-96.56799472756445, 39.09207605055763], [-96.56826422214968, 39.09207605055763]]]}, "id": "-358331+145056", "properties": {"count": 4, "label": 0}}, {"type": "Feature", "geometry": {"geodesic": false, "type": "Polygon", "coordinates": [[[-96.56826422214968, 39.10258633938183], [-96.56826422214968, 39.1023168447966], [-96.56799472756445, 39.1023168447966], [-96.56799472756445, 39.10204735021136], [-96.56772523297921, 39.10204735021136], [-96.56772523297921, 39.1023168447966], [-96.56799472756445, 39.1023168447966], [-96.56799472756445, 39.10258633938183], [-96.56826422214968, 39.10258633938183]]]}, "id": "-358331+145095", "properties": {"count": 2, "label": 0}}, {"type": "Feature", "geometry": {"geodesic": false, "type": "Polygon", "coordinates": [[[-96.56826422214968, 39.103394823137535], [-96.56826422214968, 39.1031253285523], [-96.5690727059054, 39.1031253285523], [-96.5690727059054, 39.10285583396707], [-96.56826422214968, 39.10285583396707], [-96.56826422214968, 39.1031253285523], [-96.56799472756445, 39.1031253285523], [-96.56799472756445, 39.103394823137535], [-96.56826422214968, 39.103394823137535]]]}, "id": "-358331+145098", "properties": {"count": 4, "label": 0}}, {"type": "Feature", "geometry": {"geodesic": false, "type": "Polygon", "coordinates": [[[-96.56853371673492, 39.076984353784425], [-96.56826422214968, 39.076984353784425], [-96.56826422214968, 39.0775233429549], [-96.56853371673492, 39.0775233429549], [-96.56853371673492, 39.076984353784425]]]}, "id": "-358332+145002", "properties": {"count": 2, "label": 0}}, {"type": "Feature", "geometry": {"geodesic": false, "type": "Polygon", "coordinates": [[[-96.56880321132016, 39.083452223830086], [-96.56880321132016, 39.082913234659614], [-96.56853371673492, 39.082913234659614], [-96.56853371673492, 39.08318272924485], [-96.56826422214968, 39.08318272924485], [-96.56826422214968, 39.083452223830086], [-96.56880321132016, 39.083452223830086]]]}, "id": "-358332+145024", "properties": {"count": 3, "label": 0}}, {"type": "Feature", "geometry": {"geodesic": false, "type": "Polygon", "coordinates": [[[-96.56880321132016, 39.09153706138716], [-96.56853371673492, 39.09153706138716], [-96.56853371673492, 39.0918065559724], [-96.56880321132016, 39.0918065559724], [-96.56880321132016, 39.09153706138716]]]}, "id": "-358333+145055", "properties": {"count": 1, "label": 0}}, {"type": "Feature", "geometry": {"geodesic": false, "type": "Polygon", "coordinates": [[[-96.56880321132016, 39.09234554514287], [-96.56853371673492, 39.09234554514287], [-96.56853371673492, 39.0926150397281], [-96.56880321132016, 39.0926150397281], [-96.56880321132016, 39.09234554514287]]]}, "id": "-358333+145058", "properties": {"count": 1, "label": 0}}, {"type": "Feature", "geometry": {"geodesic": false, "type": "Polygon", "coordinates": [[[-96.5690727059054, 39.08776413719386], [-96.56880321132016, 39.08776413719386], [-96.56880321132016, 39.0880336317791], [-96.5690727059054, 39.0880336317791], [-96.5690727059054, 39.08776413719386]]]}, "id": "-358334+145041", "properties": {"count": 1, "label": 1}}, {"type": "Feature", "geometry": {"geodesic": false, "type": "Polygon", "coordinates": [[[-96.5690727059054, 39.08857262094956], [-96.56880321132016, 39.08857262094956], [-96.56880321132016, 39.0888421155348], [-96.5690727059054, 39.0888421155348], [-96.5690727059054, 39.08857262094956]]]}, "id": "-358334+145044", "properties": {"count": 1, "label": 1}}, {"type": "Feature", "geometry": {"geodesic": false, "type": "Polygon", "coordinates": [[[-96.56961169507586, 39.08587767509721], [-96.56961169507586, 39.08560818051197], [-96.56934220049062, 39.08560818051197], [-96.56934220049062, 39.085338685926736], [-96.56961169507586, 39.085338685926736], [-96.56961169507586, 39.0850691913415], [-96.5690727059054, 39.0850691913415], [-96.5690727059054, 39.085338685926736], [-96.56880321132016, 39.085338685926736], [-96.56880321132016, 39.08560818051197], [-96.5690727059054, 39.08560818051197], [-96.5690727059054, 39.08587767509721], [-96.56961169507586, 39.08587767509721]]]}, "id": "-358335+145033", "properties": {"count": 6, "label": 1}}, {"type": "Feature", "geometry": {"geodesic": false, "type": "Polygon", "coordinates": [[[-96.56961169507586, 39.076714859199186], [-96.56934220049062, 39.076714859199186], [-96.56934220049062, 39.076984353784425], [-96.56961169507586, 39.076984353784425], [-96.56961169507586, 39.076714859199186]]]}, "id": "-358336+145000", "properties": {"count": 1, "label": 0}}, {"type": "Feature", "geometry": {"geodesic": false, "type": "Polygon", "coordinates": [[[-96.56961169507586, 39.07806233212537], [-96.56961169507586, 39.07779283754013], [-96.56934220049062, 39.07779283754013], [-96.56934220049062, 39.0775233429549], [-96.56880321132016, 39.0775233429549], [-96.56880321132016, 39.07779283754013], [-96.56934220049062, 39.07779283754013], [-96.56934220049062, 39.07806233212537], [-96.56961169507586, 39.07806233212537]]]}, "id": "-358336+145004", "properties": {"count": 3, "label": 0}}, {"type": "Feature", "geometry": {"geodesic": false, "type": "Polygon", "coordinates": [[[-96.56961169507586, 39.07994879422202], [-96.56934220049062, 39.07994879422202], [-96.56934220049062, 39.08021828880725], [-96.56961169507586, 39.08021828880725], [-96.56961169507586, 39.07994879422202]]]}, "id": "-358336+145012", "properties": {"count": 1, "label": 0}}, {"type": "Feature", "geometry": {"geodesic": false, "type": "Polygon", "coordinates": [[[-96.56961169507586, 39.09153706138716], [-96.56934220049062, 39.09153706138716], [-96.56934220049062, 39.0918065559724], [-96.56961169507586, 39.0918065559724], [-96.56961169507586, 39.09153706138716]]]}, "id": "-358336+145055", "properties": {"count": 1, "label": 0}}, {"type": "Feature", "geometry": {"geodesic": false, "type": "Polygon", "coordinates": [[[-96.5698811896611, 39.08372171841532], [-96.5698811896611, 39.083452223830086], [-96.57042017883157, 39.083452223830086], [-96.57042017883157, 39.082913234659614], [-96.57015068424634, 39.082913234659614], [-96.57015068424634, 39.08318272924485], [-96.56961169507586, 39.08318272924485], [-96.56961169507586, 39.082913234659614], [-96.5690727059054, 39.082913234659614], [-96.5690727059054, 39.08318272924485], [-96.56934220049062, 39.08318272924485], [-96.56934220049062, 39.083452223830086], [-96.56961169507586, 39.083452223830086], [-96.56961169507586, 39.08372171841532], [-96.5698811896611, 39.08372171841532]]]}, "id": "-358337+145025", "properties": {"count": 8, "label": 0}}, {"type": "Feature", "geometry": {"geodesic": false, "type": "Polygon", "coordinates": [[[-96.57042017883157, 39.091267566801925], [-96.5698811896611, 39.091267566801925], [-96.5698811896611, 39.09153706138716], [-96.57042017883157, 39.09153706138716], [-96.57042017883157, 39.091267566801925]]]}, "id": "-358338+145054", "properties": {"count": 2, "label": 0}}, {"type": "Feature", "geometry": {"geodesic": false, "type": "Polygon", "coordinates": [[[-96.57015068424634, 39.0918065559724], [-96.5698811896611, 39.0918065559724], [-96.5698811896611, 39.09207605055763], [-96.57015068424634, 39.09207605055763], [-96.57015068424634, 39.0918065559724]]]}, "id": "-358338+145056", "properties": {"count": 1, "label": 0}}, {"type": "Feature", "geometry": {"geodesic": false, "type": "Polygon", "coordinates": [[[-96.57042017883157, 39.09611846933617], [-96.57042017883157, 39.095579480165696], [-96.57015068424634, 39.095579480165696], [-96.57015068424634, 39.095848974750936], [-96.5698811896611, 39.095848974750936], [-96.5698811896611, 39.09611846933617], [-96.57042017883157, 39.09611846933617]]]}, "id": "-358338+145071", "properties": {"count": 3, "label": 1}}, {"type": "Feature", "geometry": {"geodesic": false, "type": "Polygon", "coordinates": [[[-96.57042017883157, 39.10528128523419], [-96.57042017883157, 39.10447280147848], [-96.57015068424634, 39.10447280147848], [-96.57015068424634, 39.10420330689325], [-96.5698811896611, 39.10420330689325], [-96.5698811896611, 39.10447280147848], [-96.57015068424634, 39.10447280147848], [-96.57015068424634, 39.10474229606372], [-96.5698811896611, 39.10474229606372], [-96.5698811896611, 39.10528128523419], [-96.57042017883157, 39.10528128523419]]]}, "id": "-358338+145105", "properties": {"count": 6, "label": 0}}, {"type": "Feature", "geometry": {"geodesic": false, "type": "Polygon", "coordinates": [[[-96.57095916800205, 39.08021828880725], [-96.57042017883157, 39.08021828880725], [-96.57042017883157, 39.08048778339249], [-96.57095916800205, 39.08048778339249], [-96.57095916800205, 39.08021828880725]]]}, "id": "-358340+145013", "properties": {"count": 2, "label": 1}}, {"type": "Feature", "geometry": {"geodesic": false, "type": "Polygon", "coordinates": [[[-96.57176765175775, 39.089111610120035], [-96.57176765175775, 39.0888421155348], [-96.57149815717251, 39.0888421155348], [-96.57149815717251, 39.08857262094956], [-96.57095916800205, 39.08857262094956], [-96.57095916800205, 39.08830312636433], [-96.57122866258727, 39.08830312636433], [-96.57122866258727, 39.0880336317791], [-96.57068967341681, 39.0880336317791], [-96.57068967341681, 39.08776413719386], [-96.57042017883157, 39.08776413719386], [-96.57042017883157, 39.0880336317791], [-96.5698811896611, 39.0880336317791], [-96.5698811896611, 39.08857262094956], [-96.57015068424634, 39.08857262094956], [-96.57015068424634, 39.0888421155348], [-96.57042017883157, 39.0888421155348], [-96.57042017883157, 39.089111610120035], [-96.57176765175775, 39.089111610120035]], [[-96.57015068424634, 39.08857262094956], [-96.57068967341681, 39.08857262094956], [-96.57068967341681, 39.08830312636433], [-96.57015068424634, 39.08830312636433], [-96.57015068424634, 39.08857262094956]]]}, "id": "-358340+145045", "properties": {"count": 18, "label": 1}}, {"type": "Feature", "geometry": {"geodesic": false, "type": "Polygon", "coordinates": [[[-96.57068967341681, 39.09719644767711], [-96.57068967341681, 39.09692695309188], [-96.57042017883157, 39.09692695309188], [-96.57042017883157, 39.09665745850664], [-96.57015068424634, 39.09665745850664], [-96.57015068424634, 39.09692695309188], [-96.57042017883157, 39.09692695309188], [-96.57042017883157, 39.09719644767711], [-96.57068967341681, 39.09719644767711]]]}, "id": "-358340+145075", "properties": {"count": 2, "label": 1}}, {"type": "Feature", "geometry": {"geodesic": false, "type": "Polygon", "coordinates": [[[-96.57095916800205, 39.10258633938183], [-96.57042017883157, 39.10258633938183], [-96.57042017883157, 39.1031253285523], [-96.57095916800205, 39.1031253285523], [-96.57095916800205, 39.10258633938183]]]}, "id": "-358340+145097", "properties": {"count": 4, "label": 0}}, {"type": "Feature", "geometry": {"geodesic": false, "type": "Polygon", "coordinates": [[[-96.57149815717251, 39.076984353784425], [-96.57068967341681, 39.076984353784425], [-96.57068967341681, 39.07725384836966], [-96.57149815717251, 39.07725384836966], [-96.57149815717251, 39.076984353784425]]]}, "id": "-358341+145001", "properties": {"count": 3, "label": 0}}, {"type": "Feature", "geometry": {"geodesic": false, "type": "Polygon", "coordinates": [[[-96.57122866258727, 39.0775233429549], [-96.57068967341681, 39.0775233429549], [-96.57068967341681, 39.07779283754013], [-96.57122866258727, 39.07779283754013], [-96.57122866258727, 39.0775233429549]]]}, "id": "-358341+145003", "properties": {"count": 2, "label": 0}}, {"type": "Feature", "geometry": {"geodesic": false, "type": "Polygon", "coordinates": [[[-96.57095916800205, 39.087494642608625], [-96.57095916800205, 39.08668615885291], [-96.57015068424634, 39.08668615885291], [-96.57015068424634, 39.08695565343815], [-96.57042017883157, 39.08695565343815], [-96.57042017883157, 39.087225148023386], [-96.57068967341681, 39.087225148023386], [-96.57068967341681, 39.087494642608625], [-96.57095916800205, 39.087494642608625]]]}, "id": "-358341+145039", "properties": {"count": 6, "label": 1}}, {"type": "Feature", "geometry": {"geodesic": false, "type": "Polygon", "coordinates": [[[-96.57149815717251, 39.103664317722775], [-96.57095916800205, 39.103664317722775], [-96.57095916800205, 39.10393381230801], [-96.57149815717251, 39.10393381230801], [-96.57149815717251, 39.103664317722775]]]}, "id": "-358342+145100", "properties": {"count": 2, "label": 0}}, {"type": "Feature", "geometry": {"geodesic": false, "type": "Polygon", "coordinates": [[[-96.57149815717251, 39.081026772562964], [-96.57122866258727, 39.081026772562964], [-96.57122866258727, 39.0812962671482], [-96.57149815717251, 39.0812962671482], [-96.57149815717251, 39.081026772562964]]]}, "id": "-358343+145016", "properties": {"count": 1, "label": 0}}, {"type": "Feature", "geometry": {"geodesic": false, "type": "Polygon", "coordinates": [[[-96.57149815717251, 39.08453020217103], [-96.57149815717251, 39.083452223830086], [-96.57230664092822, 39.083452223830086], [-96.57230664092822, 39.08318272924485], [-96.57203714634299, 39.08318272924485], [-96.57203714634299, 39.082913234659614], [-96.57095916800205, 39.082913234659614], [-96.57095916800205, 39.08318272924485], [-96.57149815717251, 39.08318272924485], [-96.57149815717251, 39.083452223830086], [-96.57095916800205, 39.083452223830086], [-96.57095916800205, 39.08426070758579], [-96.57122866258727, 39.08426070758579], [-96.57122866258727, 39.08453020217103], [-96.57149815717251, 39.08453020217103]]]}, "id": "-358343+145028", "properties": {"count": 14, "label": 0}}, {"type": "Feature", "geometry": {"geodesic": false, "type": "Polygon", "coordinates": [[[-96.57176765175775, 39.105820274404664], [-96.57176765175775, 39.10528128523419], [-96.57230664092822, 39.10528128523419], [-96.57230664092822, 39.10501179064895], [-96.57203714634299, 39.10501179064895], [-96.57203714634299, 39.10474229606372], [-96.57176765175775, 39.10474229606372], [-96.57176765175775, 39.10528128523419], [-96.57149815717251, 39.10528128523419], [-96.57149815717251, 39.105820274404664], [-96.57176765175775, 39.105820274404664]]]}, "id": "-358344+145107", "properties": {"count": 5, "label": 0}}, {"type": "Feature", "geometry": {"geodesic": false, "type": "Polygon", "coordinates": [[[-96.57230664092822, 39.10096937187041], [-96.57230664092822, 39.10069987728518], [-96.57257613551346, 39.10069987728518], [-96.57257613551346, 39.10043038269994], [-96.57203714634299, 39.10043038269994], [-96.57203714634299, 39.10069987728518], [-96.57176765175775, 39.10069987728518], [-96.57176765175775, 39.10043038269994], [-96.57149815717251, 39.10043038269994], [-96.57149815717251, 39.10069987728518], [-96.57176765175775, 39.10069987728518], [-96.57176765175775, 39.10096937187041], [-96.57230664092822, 39.10096937187041]]]}, "id": "-358345+145089", "properties": {"count": 5, "label": 0}}, {"type": "Feature", "geometry": {"geodesic": false, "type": "Polygon", "coordinates": [[[-96.57203714634299, 39.10635926357513], [-96.57176765175775, 39.10635926357513], [-96.57176765175775, 39.10662875816037], [-96.57203714634299, 39.10662875816037], [-96.57203714634299, 39.10635926357513]]]}, "id": "-358345+145110", "properties": {"count": 1, "label": 0}}, {"type": "Feature", "geometry": {"geodesic": false, "type": "Polygon", "coordinates": [[[-96.57230664092822, 39.08210475090391], [-96.57230664092822, 39.0812962671482], [-96.57176765175775, 39.0812962671482], [-96.57176765175775, 39.08156576173344], [-96.57203714634299, 39.08156576173344], [-96.57203714634299, 39.08210475090391], [-96.57230664092822, 39.08210475090391]]]}, "id": "-358346+145019", "properties": {"count": 4, "label": 0}}, {"type": "Feature", "geometry": {"geodesic": false, "type": "Polygon", "coordinates": [[[-96.57257613551346, 39.08776413719386], [-96.57257613551346, 39.087494642608625], [-96.57203714634299, 39.087494642608625], [-96.57203714634299, 39.087225148023386], [-96.57176765175775, 39.087225148023386], [-96.57176765175775, 39.087494642608625], [-96.57203714634299, 39.087494642608625], [-96.57203714634299, 39.08776413719386], [-96.57257613551346, 39.08776413719386]]]}, "id": "-358346+145040", "properties": {"count": 3, "label": 1}}, {"type": "Feature", "geometry": {"geodesic": false, "type": "Polygon", "coordinates": [[[-96.57230664092822, 39.095040490995224], [-96.57203714634299, 39.095040490995224], [-96.57203714634299, 39.095309985580464], [-96.57230664092822, 39.095309985580464], [-96.57230664092822, 39.095040490995224]]]}, "id": "-358346+145068", "properties": {"count": 1, "label": 0}}, {"type": "Feature", "geometry": {"geodesic": false, "type": "Polygon", "coordinates": [[[-96.57257613551346, 39.08857262094956], [-96.57230664092822, 39.08857262094956], [-96.57230664092822, 39.0888421155348], [-96.57257613551346, 39.0888421155348], [-96.57257613551346, 39.08857262094956]]]}, "id": "-358347+145044", "properties": {"count": 1, "label": 1}}, {"type": "Feature", "geometry": {"geodesic": false, "type": "Polygon", "coordinates": [[[-96.5736541138544, 39.08372171841532], [-96.5736541138544, 39.083452223830086], [-96.57311512468394, 39.083452223830086], [-96.57311512468394, 39.08318272924485], [-96.57257613551346, 39.08318272924485], [-96.57257613551346, 39.08372171841532], [-96.5736541138544, 39.08372171841532]]]}, "id": "-358348+145025", "properties": {"count": 6, "label": 0}}, {"type": "Feature", "geometry": {"geodesic": false, "type": "Polygon", "coordinates": [[[-96.5728456300987, 39.10501179064895], [-96.57257613551346, 39.10501179064895], [-96.57257613551346, 39.105550779819424], [-96.5728456300987, 39.105550779819424], [-96.5728456300987, 39.10501179064895]]]}, "id": "-358348+145106", "properties": {"count": 2, "label": 0}}, {"type": "Feature", "geometry": {"geodesic": false, "type": "Polygon", "coordinates": [[[-96.5728456300987, 39.107706736501314], [-96.5728456300987, 39.107437241916074], [-96.57392360843964, 39.107437241916074], [-96.57392360843964, 39.10716774733084], [-96.57257613551346, 39.10716774733084], [-96.57257613551346, 39.107706736501314], [-96.5728456300987, 39.107706736501314]]]}, "id": "-358348+145114", "properties": {"count": 6, "label": 0}}, {"type": "Feature", "geometry": {"geodesic": false, "type": "Polygon", "coordinates": [[[-96.57338461926916, 39.08857262094956], [-96.5728456300987, 39.08857262094956], [-96.5728456300987, 39.0888421155348], [-96.57338461926916, 39.0888421155348], [-96.57338461926916, 39.08857262094956]]]}, "id": "-358349+145044", "properties": {"count": 2, "label": 1}}, {"type": "Feature", "geometry": {"geodesic": false, "type": "Polygon", "coordinates": [[[-96.5736541138544, 39.10635926357513], [-96.5728456300987, 39.10635926357513], [-96.5728456300987, 39.10662875816037], [-96.5736541138544, 39.10662875816037], [-96.5736541138544, 39.10635926357513]]]}, "id": "-358349+145110", "properties": {"count": 3, "label": 0}}, {"type": "Feature", "geometry": {"geodesic": false, "type": "Polygon", "coordinates": [[[-96.5736541138544, 39.07563688085825], [-96.57338461926916, 39.07563688085825], [-96.57338461926916, 39.07590637544348], [-96.5736541138544, 39.07590637544348], [-96.5736541138544, 39.07563688085825]]]}, "id": "-358351+144996", "properties": {"count": 1, "label": 0}}, {"type": "Feature", "geometry": {"geodesic": false, "type": "Polygon", "coordinates": [[[-96.5736541138544, 39.07779283754013], [-96.5736541138544, 39.07725384836966], [-96.57446259761011, 39.07725384836966], [-96.57446259761011, 39.076714859199186], [-96.57419310302487, 39.076714859199186], [-96.57419310302487, 39.07644536461395], [-96.57392360843964, 39.07644536461395], [-96.57392360843964, 39.076714859199186], [-96.57338461926916, 39.076714859199186], [-96.57338461926916, 39.07779283754013], [-96.5736541138544, 39.07779283754013]]]}, "id": "-358351+145003", "properties": {"count": 11, "label": 0}}, {"type": "Feature", "geometry": {"geodesic": false, "type": "Polygon", "coordinates": [[[-96.5736541138544, 39.085338685926736], [-96.57338461926916, 39.085338685926736], [-96.57338461926916, 39.08560818051197], [-96.5736541138544, 39.08560818051197], [-96.5736541138544, 39.085338685926736]]]}, "id": "-358351+145032", "properties": {"count": 1, "label": 0}}, {"type": "Feature", "geometry": {"geodesic": false, "type": "Polygon", "coordinates": [[[-96.5736541138544, 39.095848974750936], [-96.57338461926916, 39.095848974750936], [-96.57338461926916, 39.09611846933617], [-96.5736541138544, 39.09611846933617], [-96.5736541138544, 39.095848974750936]]]}, "id": "-358351+145071", "properties": {"count": 1, "label": 0}}, {"type": "Feature", "geometry": {"geodesic": false, "type": "Polygon", "coordinates": [[[-96.57473209219535, 39.08048778339249], [-96.57473209219535, 39.07994879422202], [-96.57446259761011, 39.07994879422202], [-96.57446259761011, 39.08021828880725], [-96.57419310302487, 39.08021828880725], [-96.57419310302487, 39.08048778339249], [-96.57473209219535, 39.08048778339249]]]}, "id": "-358354+145013", "properties": {"count": 3, "label": 0}}, {"type": "Feature", "geometry": {"geodesic": false, "type": "Polygon", "coordinates": [[[-96.57446259761011, 39.08614716968244], [-96.57419310302487, 39.08614716968244], [-96.57419310302487, 39.08641666426768], [-96.57446259761011, 39.08641666426768], [-96.57446259761011, 39.08614716968244]]]}, "id": "-358354+145035", "properties": {"count": 1, "label": 0}}, {"type": "Feature", "geometry": {"geodesic": false, "type": "Polygon", "coordinates": [[[-96.57473209219535, 39.093154028898574], [-96.57446259761011, 39.093154028898574], [-96.57446259761011, 39.093423523483814], [-96.57473209219535, 39.093423523483814], [-96.57473209219535, 39.093154028898574]]]}, "id": "-358355+145061", "properties": {"count": 1, "label": 0}}, {"type": "Feature", "geometry": {"geodesic": false, "type": "Polygon", "coordinates": [[[-96.57473209219535, 39.10420330689325], [-96.57446259761011, 39.10420330689325], [-96.57446259761011, 39.10447280147848], [-96.57473209219535, 39.10447280147848], [-96.57473209219535, 39.10420330689325]]]}, "id": "-358355+145102", "properties": {"count": 1, "label": 1}}, {"type": "Feature", "geometry": {"geodesic": false, "type": "Polygon", "coordinates": [[[-96.57554057595105, 39.078870815881075], [-96.57554057595105, 39.07860132129584], [-96.57581007053629, 39.07860132129584], [-96.57581007053629, 39.0775233429549], [-96.57554057595105, 39.0775233429549], [-96.57554057595105, 39.07806233212537], [-96.57527108136581, 39.07806233212537], [-96.57527108136581, 39.0783318267106], [-96.57500158678059, 39.0783318267106], [-96.57500158678059, 39.078870815881075], [-96.57554057595105, 39.078870815881075]]]}, "id": "-358357+145007", "properties": {"count": 9, "label": 0}}, {"type": "Feature", "geometry": {"geodesic": false, "type": "Polygon", "coordinates": [[[-96.57527108136581, 39.0880336317791], [-96.57527108136581, 39.08776413719386], [-96.57581007053629, 39.08776413719386], [-96.57581007053629, 39.087494642608625], [-96.57527108136581, 39.087494642608625], [-96.57527108136581, 39.08776413719386], [-96.57500158678059, 39.08776413719386], [-96.57500158678059, 39.0880336317791], [-96.57527108136581, 39.0880336317791]]]}, "id": "-358357+145041", "properties": {"count": 3, "label": 0}}, {"type": "Feature", "geometry": {"geodesic": false, "type": "Polygon", "coordinates": [[[-96.57554057595105, 39.10069987728518], [-96.57554057595105, 39.10043038269994], [-96.57527108136581, 39.10043038269994], [-96.57527108136581, 39.10016088811471], [-96.57554057595105, 39.10016088811471], [-96.57554057595105, 39.099891393529475], [-96.57527108136581, 39.099891393529475], [-96.57527108136581, 39.10016088811471], [-96.57500158678059, 39.10016088811471], [-96.57500158678059, 39.10069987728518], [-96.57554057595105, 39.10069987728518]]]}, "id": "-358357+145088", "properties": {"count": 4, "label": 1}}, {"type": "Feature", "geometry": {"geodesic": false, "type": "Polygon", "coordinates": [[[-96.57581007053629, 39.08048778339249], [-96.57554057595105, 39.08048778339249], [-96.57554057595105, 39.080757277977725], [-96.57581007053629, 39.080757277977725], [-96.57581007053629, 39.08048778339249]]]}, "id": "-358359+145014", "properties": {"count": 1, "label": 0}}, {"type": "Feature", "geometry": {"geodesic": false, "type": "Polygon", "coordinates": [[[-96.57581007053629, 39.101508361040885], [-96.57554057595105, 39.101508361040885], [-96.57554057595105, 39.101777855626125], [-96.57581007053629, 39.101777855626125], [-96.57581007053629, 39.101508361040885]]]}, "id": "-358359+145092", "properties": {"count": 1, "label": 0}}, {"type": "Feature", "geometry": {"geodesic": false, "type": "Polygon", "coordinates": [[[-96.57634905970676, 39.08048778339249], [-96.57607956512153, 39.08048778339249], [-96.57607956512153, 39.080757277977725], [-96.57634905970676, 39.080757277977725], [-96.57634905970676, 39.08048778339249]]]}, "id": "-358361+145014", "properties": {"count": 1, "label": 0}}, {"type": "Feature", "geometry": {"geodesic": false, "type": "Polygon", "coordinates": [[[-96.57634905970676, 39.09018958846098], [-96.57607956512153, 39.09018958846098], [-96.57607956512153, 39.09045908304622], [-96.57634905970676, 39.09045908304622], [-96.57634905970676, 39.09018958846098]]]}, "id": "-358361+145050", "properties": {"count": 1, "label": 0}}, {"type": "Feature", "geometry": {"geodesic": false, "type": "Polygon", "coordinates": [[[-96.576618554292, 39.076714859199186], [-96.57634905970676, 39.076714859199186], [-96.57634905970676, 39.076984353784425], [-96.576618554292, 39.076984353784425], [-96.576618554292, 39.076714859199186]]]}, "id": "-358362+145000", "properties": {"count": 1, "label": 0}}, {"type": "Feature", "geometry": {"geodesic": false, "type": "Polygon", "coordinates": [[[-96.576618554292, 39.09665745850664], [-96.576618554292, 39.09638796392141], [-96.57688804887724, 39.09638796392141], [-96.57688804887724, 39.09611846933617], [-96.576618554292, 39.09611846933617], [-96.576618554292, 39.095848974750936], [-96.57688804887724, 39.095848974750936], [-96.57688804887724, 39.095579480165696], [-96.576618554292, 39.095579480165696], [-96.576618554292, 39.095309985580464], [-96.57688804887724, 39.095309985580464], [-96.57688804887724, 39.095040490995224], [-96.576618554292, 39.095040490995224], [-96.576618554292, 39.095309985580464], [-96.57634905970676, 39.095309985580464], [-96.57634905970676, 39.095848974750936], [-96.57607956512153, 39.095848974750936], [-96.57607956512153, 39.09638796392141], [-96.57634905970676, 39.09638796392141], [-96.57634905970676, 39.09665745850664], [-96.576618554292, 39.09665745850664]]]}, "id": "-358362+145073", "properties": {"count": 10, "label": 0}}, {"type": "Feature", "geometry": {"geodesic": false, "type": "Polygon", "coordinates": [[[-96.57769653263294, 39.08399121300056], [-96.57769653263294, 39.083452223830086], [-96.57715754346246, 39.083452223830086], [-96.57715754346246, 39.08372171841532], [-96.57688804887724, 39.08372171841532], [-96.57688804887724, 39.083452223830086], [-96.576618554292, 39.083452223830086], [-96.576618554292, 39.08399121300056], [-96.57769653263294, 39.08399121300056]]]}, "id": "-358363+145026", "properties": {"count": 7, "label": 0}}, {"type": "Feature", "geometry": {"geodesic": false, "type": "Polygon", "coordinates": [[[-96.5774270380477, 39.080757277977725], [-96.5774270380477, 39.07967929963678], [-96.57688804887724, 39.07967929963678], [-96.57688804887724, 39.07940980505155], [-96.57715754346246, 39.07940980505155], [-96.57715754346246, 39.079140310466315], [-96.5774270380477, 39.079140310466315], [-96.5774270380477, 39.07860132129584], [-96.57715754346246, 39.07860132129584], [-96.57715754346246, 39.0783318267106], [-96.57769653263294, 39.0783318267106], [-96.57769653263294, 39.07806233212537], [-96.5774270380477, 39.07806233212537], [-96.5774270380477, 39.07779283754013], [-96.57715754346246, 39.07779283754013], [-96.57715754346246, 39.07806233212537], [-96.57688804887724, 39.07806233212537], [-96.57688804887724, 39.0783318267106], [-96.576618554292, 39.0783318267106], [-96.576618554292, 39.07860132129584], [-96.57634905970676, 39.07860132129584], [-96.57634905970676, 39.078870815881075], [-96.57581007053629, 39.078870815881075], [-96.57581007053629, 39.079140310466315], [-96.57527108136581, 39.079140310466315], [-96.57527108136581, 39.07940980505155], [-96.57500158678059, 39.07940980505155], [-96.57500158678059, 39.07994879422202], [-96.57527108136581, 39.07994879422202], [-96.57527108136581, 39.07967929963678], [-96.576618554292, 39.07967929963678], [-96.576618554292, 39.08021828880725], [-96.57688804887724, 39.08021828880725], [-96.57688804887724, 39.080757277977725], [-96.5774270380477, 39.080757277977725]]]}, "id": "-358364+145014", "properties": {"count": 41, "label": 0}}, {"type": "Feature", "geometry": {"geodesic": false, "type": "Polygon", "coordinates": [[[-96.57715754346246, 39.082643740074374], [-96.57715754346246, 39.08237424548914], [-96.57688804887724, 39.08237424548914], [-96.57688804887724, 39.08210475090391], [-96.57715754346246, 39.08210475090391], [-96.57715754346246, 39.08183525631867], [-96.576618554292, 39.08183525631867], [-96.576618554292, 39.08210475090391], [-96.57634905970676, 39.08210475090391], [-96.57634905970676, 39.08183525631867], [-96.57607956512153, 39.08183525631867], [-96.57607956512153, 39.08156576173344], [-96.57581007053629, 39.08156576173344], [-96.57581007053629, 39.0812962671482], [-96.57554057595105, 39.0812962671482], [-96.57554057595105, 39.08156576173344], [-96.57581007053629, 39.08156576173344], [-96.57581007053629, 39.08183525631867], [-96.57607956512153, 39.08183525631867], [-96.57607956512153, 39.08210475090391], [-96.57634905970676, 39.08210475090391], [-96.57634905970676, 39.08237424548914], [-96.57688804887724, 39.08237424548914], [-96.57688804887724, 39.082643740074374], [-96.57715754346246, 39.082643740074374]]]}, "id": "-358364+145021", "properties": {"count": 8, "label": 0}}, {"type": "Feature", "geometry": {"geodesic": false, "type": "Polygon", "coordinates": [[[-96.5774270380477, 39.107706736501314], [-96.57688804887724, 39.107706736501314], [-96.57688804887724, 39.107976231086546], [-96.5774270380477, 39.107976231086546], [-96.5774270380477, 39.107706736501314]]]}, "id": "-358364+145115", "properties": {"count": 2, "label": 0}}, {"type": "Feature", "geometry": {"geodesic": false, "type": "Polygon", "coordinates": [[[-96.5774270380477, 39.08426070758579], [-96.57715754346246, 39.08426070758579], [-96.57715754346246, 39.084799696756264], [-96.5774270380477, 39.084799696756264], [-96.5774270380477, 39.08426070758579]]]}, "id": "-358365+145029", "properties": {"count": 2, "label": 0}}, {"type": "Feature", "geometry": {"geodesic": false, "type": "Polygon", "coordinates": [[[-96.57850501638865, 39.0775233429549], [-96.57850501638865, 39.076984353784425], [-96.5774270380477, 39.076984353784425], [-96.5774270380477, 39.07725384836966], [-96.57769653263294, 39.07725384836966], [-96.57769653263294, 39.0775233429549], [-96.57850501638865, 39.0775233429549]]]}, "id": "-358367+145002", "properties": {"count": 7, "label": 0}}, {"type": "Feature", "geometry": {"geodesic": false, "type": "Polygon", "coordinates": [[[-96.5782355218034, 39.07644536461395], [-96.5782355218034, 39.07617587002871], [-96.57850501638865, 39.07617587002871], [-96.57850501638865, 39.07590637544348], [-96.57796602721818, 39.07590637544348], [-96.57796602721818, 39.07644536461395], [-96.5782355218034, 39.07644536461395]]]}, "id": "-358368+144998", "properties": {"count": 3, "label": 0}}, {"type": "Feature", "geometry": {"geodesic": false, "type": "Polygon", "coordinates": [[[-96.5782355218034, 39.07967929963678], [-96.57796602721818, 39.07967929963678], [-96.57796602721818, 39.08021828880725], [-96.5782355218034, 39.08021828880725], [-96.5782355218034, 39.07967929963678]]]}, "id": "-358368+145012", "properties": {"count": 2, "label": 0}}, {"type": "Feature", "geometry": {"geodesic": false, "type": "Polygon", "coordinates": [[[-96.5782355218034, 39.08560818051197], [-96.5782355218034, 39.085338685926736], [-96.57877451097389, 39.085338685926736], [-96.57877451097389, 39.08560818051197], [-96.57904400555913, 39.08560818051197], [-96.57904400555913, 39.0850691913415], [-96.57850501638865, 39.0850691913415], [-96.57850501638865, 39.084799696756264], [-96.5782355218034, 39.084799696756264], [-96.5782355218034, 39.0850691913415], [-96.57796602721818, 39.0850691913415], [-96.57796602721818, 39.08560818051197], [-96.5782355218034, 39.08560818051197]]]}, "id": "-358368+145032", "properties": {"count": 7, "label": 0}}, {"type": "Feature", "geometry": {"geodesic": false, "type": "Polygon", "coordinates": [[[-96.5782355218034, 39.091267566801925], [-96.57796602721818, 39.091267566801925], [-96.57796602721818, 39.09153706138716], [-96.5782355218034, 39.09153706138716], [-96.5782355218034, 39.091267566801925]]]}, "id": "-358368+145054", "properties": {"count": 1, "label": 0}}, {"type": "Feature", "geometry": {"geodesic": false, "type": "Polygon", "coordinates": [[[-96.5782355218034, 39.099621898944235], [-96.57796602721818, 39.099621898944235], [-96.57796602721818, 39.10016088811471], [-96.5782355218034, 39.10016088811471], [-96.5782355218034, 39.099621898944235]]]}, "id": "-358368+145086", "properties": {"count": 2, "label": 0}}, {"type": "Feature", "geometry": {"geodesic": false, "type": "Polygon", "coordinates": [[[-96.57850501638865, 39.099352404359], [-96.57850501638865, 39.09908290977376], [-96.57877451097389, 39.09908290977376], [-96.57877451097389, 39.09827442601806], [-96.57904400555913, 39.09827442601806], [-96.57904400555913, 39.097735436847586], [-96.57931350014435, 39.097735436847586], [-96.57931350014435, 39.09719644767711], [-96.57904400555913, 39.09719644767711], [-96.57904400555913, 39.097465942262346], [-96.57877451097389, 39.097465942262346], [-96.57877451097389, 39.09800493143282], [-96.57850501638865, 39.09800493143282], [-96.57850501638865, 39.09881341518853], [-96.5782355218034, 39.09881341518853], [-96.5782355218034, 39.099352404359], [-96.57850501638865, 39.099352404359]]]}, "id": "-358369+145083", "properties": {"count": 11, "label": 0}}, {"type": "Feature", "geometry": {"geodesic": false, "type": "Polygon", "coordinates": [[[-96.57850501638865, 39.10716774733084], [-96.5782355218034, 39.10716774733084], [-96.5782355218034, 39.107437241916074], [-96.57850501638865, 39.107437241916074], [-96.57850501638865, 39.10716774733084]]]}, "id": "-358369+145113", "properties": {"count": 1, "label": 0}}, {"type": "Feature", "geometry": {"geodesic": false, "type": "Polygon", "coordinates": [[[-96.57850501638865, 39.108245725671786], [-96.5782355218034, 39.108245725671786], [-96.5782355218034, 39.10851522025702], [-96.57850501638865, 39.10851522025702], [-96.57850501638865, 39.108245725671786]]]}, "id": "-358369+145117", "properties": {"count": 1, "label": 0}}, {"type": "Feature", "geometry": {"geodesic": false, "type": "Polygon", "coordinates": [[[-96.57877451097389, 39.078870815881075], [-96.57850501638865, 39.078870815881075], [-96.57850501638865, 39.079140310466315], [-96.57877451097389, 39.079140310466315], [-96.57877451097389, 39.078870815881075]]]}, "id": "-358370+145008", "properties": {"count": 1, "label": 0}}, {"type": "Feature", "geometry": {"geodesic": false, "type": "Polygon", "coordinates": [[[-96.57958299472959, 39.0880336317791], [-96.57958299472959, 39.087494642608625], [-96.57904400555913, 39.087494642608625], [-96.57904400555913, 39.08776413719386], [-96.57877451097389, 39.08776413719386], [-96.57877451097389, 39.0880336317791], [-96.57958299472959, 39.0880336317791]]]}, "id": "-358371+145041", "properties": {"count": 5, "label": 0}}, {"type": "Feature", "geometry": {"geodesic": false, "type": "Polygon", "coordinates": [[[-96.57904400555913, 39.107437241916074], [-96.57904400555913, 39.10716774733084], [-96.57931350014435, 39.10716774733084], [-96.57931350014435, 39.1068982527456], [-96.57877451097389, 39.1068982527456], [-96.57877451097389, 39.107437241916074], [-96.57904400555913, 39.107437241916074]]]}, "id": "-358371+145113", "properties": {"count": 3, "label": 0}}, {"type": "Feature", "geometry": {"geodesic": false, "type": "Polygon", "coordinates": [[[-96.57985248931483, 39.07806233212537], [-96.57985248931483, 39.07779283754013], [-96.5803914784853, 39.07779283754013], [-96.5803914784853, 39.076714859199186], [-96.57931350014435, 39.076714859199186], [-96.57931350014435, 39.07644536461395], [-96.57877451097389, 39.07644536461395], [-96.57877451097389, 39.076984353784425], [-96.57958299472959, 39.076984353784425], [-96.57958299472959, 39.07725384836966], [-96.57985248931483, 39.07725384836966], [-96.57985248931483, 39.07779283754013], [-96.57958299472959, 39.07779283754013], [-96.57958299472959, 39.0775233429549], [-96.57931350014435, 39.0775233429549], [-96.57931350014435, 39.07725384836966], [-96.57904400555913, 39.07725384836966], [-96.57904400555913, 39.07806233212537], [-96.57985248931483, 39.07806233212537]]]}, "id": "-358372+145004", "properties": {"count": 21, "label": 0}}, {"type": "Feature", "geometry": {"geodesic": false, "type": "Polygon", "coordinates": [[[-96.57931350014435, 39.09665745850664], [-96.57904400555913, 39.09665745850664], [-96.57904400555913, 39.09692695309188], [-96.57931350014435, 39.09692695309188], [-96.57931350014435, 39.09665745850664]]]}, "id": "-358372+145074", "properties": {"count": 1, "label": 0}}, {"type": "Feature", "geometry": {"geodesic": false, "type": "Polygon", "coordinates": [[[-96.57931350014435, 39.1060897689899], [-96.57904400555913, 39.1060897689899], [-96.57904400555913, 39.10635926357513], [-96.57931350014435, 39.10635926357513], [-96.57931350014435, 39.1060897689899]]]}, "id": "-358372+145109", "properties": {"count": 1, "label": 0}}, {"type": "Feature", "geometry": {"geodesic": false, "type": "Polygon", "coordinates": [[[-96.58012198390006, 39.07860132129584], [-96.57985248931483, 39.07860132129584], [-96.57985248931483, 39.079140310466315], [-96.58012198390006, 39.079140310466315], [-96.58012198390006, 39.07860132129584]]]}, "id": "-358375+145008", "properties": {"count": 2, "label": 0}}, {"type": "Feature", "geometry": {"geodesic": false, "type": "Polygon", "coordinates": [[[-96.5803914784853, 39.10716774733084], [-96.58012198390006, 39.10716774733084], [-96.58012198390006, 39.107437241916074], [-96.5803914784853, 39.107437241916074], [-96.5803914784853, 39.10716774733084]]]}, "id": "-358376+145113", "properties": {"count": 1, "label": 0}}, {"type": "Feature", "geometry": {"geodesic": false, "type": "Polygon", "coordinates": [[[-96.58066097307054, 39.08156576173344], [-96.5803914784853, 39.08156576173344], [-96.5803914784853, 39.08183525631867], [-96.58066097307054, 39.08183525631867], [-96.58066097307054, 39.08156576173344]]]}, "id": "-358377+145018", "properties": {"count": 1, "label": 0}}, {"type": "Feature", "geometry": {"geodesic": false, "type": "Polygon", "coordinates": [[[-96.58093046765578, 39.084799696756264], [-96.58093046765578, 39.08453020217103], [-96.58066097307054, 39.08453020217103], [-96.58066097307054, 39.08426070758579], [-96.5803914784853, 39.08426070758579], [-96.5803914784853, 39.08372171841532], [-96.58012198390006, 39.08372171841532], [-96.58012198390006, 39.083452223830086], [-96.57985248931483, 39.083452223830086], [-96.57985248931483, 39.082913234659614], [-96.57931350014435, 39.082913234659614], [-96.57931350014435, 39.082643740074374], [-96.57958299472959, 39.082643740074374], [-96.57958299472959, 39.08183525631867], [-96.57904400555913, 39.08183525631867], [-96.57904400555913, 39.08210475090391], [-96.57850501638865, 39.08210475090391], [-96.57850501638865, 39.08237424548914], [-96.57904400555913, 39.08237424548914], [-96.57904400555913, 39.082913234659614], [-96.57850501638865, 39.082913234659614], [-96.57850501638865, 39.083452223830086], [-96.57904400555913, 39.083452223830086], [-96.57904400555913, 39.08318272924485], [-96.57931350014435, 39.08318272924485], [-96.57931350014435, 39.083452223830086], [-96.57985248931483, 39.083452223830086], [-96.57985248931483, 39.08399121300056], [-96.58012198390006, 39.08399121300056], [-96.58012198390006, 39.08453020217103], [-96.5803914784853, 39.08453020217103], [-96.5803914784853, 39.084799696756264], [-96.58093046765578, 39.084799696756264]]]}, "id": "-358377+145029", "properties": {"count": 26, "label": 0}}, {"type": "Feature", "geometry": {"geodesic": false, "type": "Polygon", "coordinates": [[[-96.58093046765578, 39.07940980505155], [-96.58066097307054, 39.07940980505155], [-96.58066097307054, 39.07967929963678], [-96.58093046765578, 39.07967929963678], [-96.58093046765578, 39.07940980505155]]]}, "id": "-358378+145010", "properties": {"count": 1, "label": 0}}, {"type": "Feature", "geometry": {"geodesic": false, "type": "Polygon", "coordinates": [[[-96.58093046765578, 39.08776413719386], [-96.58066097307054, 39.08776413719386], [-96.58066097307054, 39.0880336317791], [-96.58093046765578, 39.0880336317791], [-96.58093046765578, 39.08776413719386]]]}, "id": "-358378+145041", "properties": {"count": 1, "label": 0}}, {"type": "Feature", "geometry": {"geodesic": false, "type": "Polygon", "coordinates": [[[-96.58093046765578, 39.095040490995224], [-96.58066097307054, 39.095040490995224], [-96.58066097307054, 39.095309985580464], [-96.58093046765578, 39.095309985580464], [-96.58093046765578, 39.095040490995224]]]}, "id": "-358378+145068", "properties": {"count": 1, "label": 0}}, {"type": "Feature", "geometry": {"geodesic": false, "type": "Polygon", "coordinates": [[[-96.58093046765578, 39.10447280147848], [-96.58066097307054, 39.10447280147848], [-96.58066097307054, 39.10474229606372], [-96.58093046765578, 39.10474229606372], [-96.58093046765578, 39.10447280147848]]]}, "id": "-358378+145103", "properties": {"count": 1, "label": 0}}, {"type": "Feature", "geometry": {"geodesic": false, "type": "Polygon", "coordinates": [[[-96.581199962241, 39.087225148023386], [-96.58093046765578, 39.087225148023386], [-96.58093046765578, 39.087494642608625], [-96.581199962241, 39.087494642608625], [-96.581199962241, 39.087225148023386]]]}, "id": "-358379+145039", "properties": {"count": 1, "label": 0}}, {"type": "Feature", "geometry": {"geodesic": false, "type": "Polygon", "coordinates": [[[-96.581199962241, 39.107706736501314], [-96.58093046765578, 39.107706736501314], [-96.58093046765578, 39.107976231086546], [-96.581199962241, 39.107976231086546], [-96.581199962241, 39.107706736501314]]]}, "id": "-358379+145115", "properties": {"count": 1, "label": 0}}, {"type": "Feature", "geometry": {"geodesic": false, "type": "Polygon", "coordinates": [[[-96.58173895141148, 39.084799696756264], [-96.581199962241, 39.084799696756264], [-96.581199962241, 39.0850691913415], [-96.58173895141148, 39.0850691913415], [-96.58173895141148, 39.084799696756264]]]}, "id": "-358380+145030", "properties": {"count": 2, "label": 0}}, {"type": "Feature", "geometry": {"geodesic": false, "type": "Polygon", "coordinates": [[[-96.58173895141148, 39.093423523483814], [-96.58173895141148, 39.093154028898574], [-96.58200844599672, 39.093154028898574], [-96.58200844599672, 39.09288453431334], [-96.581199962241, 39.09288453431334], [-96.581199962241, 39.093423523483814], [-96.58173895141148, 39.093423523483814]]]}, "id": "-358380+145061", "properties": {"count": 5, "label": 0}}, {"type": "Feature", "geometry": {"geodesic": false, "type": "Polygon", "coordinates": [[[-96.58173895141148, 39.075097891687776], [-96.58173895141148, 39.074828397102536], [-96.58200844599672, 39.074828397102536], [-96.58200844599672, 39.0745589025173], [-96.58146945682624, 39.0745589025173], [-96.58146945682624, 39.075097891687776], [-96.58173895141148, 39.075097891687776]]]}, "id": "-358381+144993", "properties": {"count": 3, "label": 0}}, {"type": "Feature", "geometry": {"geodesic": false, "type": "Polygon", "coordinates": [[[-96.58173895141148, 39.10662875816037], [-96.58173895141148, 39.10635926357513], [-96.58200844599672, 39.10635926357513], [-96.58200844599672, 39.1060897689899], [-96.58146945682624, 39.1060897689899], [-96.58146945682624, 39.10662875816037], [-96.58173895141148, 39.10662875816037]]]}, "id": "-358381+145110", "properties": {"count": 3, "label": 0}}, {"type": "Feature", "geometry": {"geodesic": false, "type": "Polygon", "coordinates": [[[-96.58200844599672, 39.07563688085825], [-96.58173895141148, 39.07563688085825], [-96.58173895141148, 39.07590637544348], [-96.58200844599672, 39.07590637544348], [-96.58200844599672, 39.07563688085825]]]}, "id": "-358382+144996", "properties": {"count": 1, "label": 0}}, {"type": "Feature", "geometry": {"geodesic": false, "type": "Polygon", "coordinates": [[[-96.58254743516719, 39.084799696756264], [-96.58200844599672, 39.084799696756264], [-96.58200844599672, 39.085338685926736], [-96.58254743516719, 39.085338685926736], [-96.58254743516719, 39.084799696756264]]]}, "id": "-358383+145031", "properties": {"count": 4, "label": 0}}, {"type": "Feature", "geometry": {"geodesic": false, "type": "Polygon", "coordinates": [[[-96.58227794058195, 39.089111610120035], [-96.58200844599672, 39.089111610120035], [-96.58200844599672, 39.089381104705275], [-96.58227794058195, 39.089381104705275], [-96.58227794058195, 39.089111610120035]]]}, "id": "-358383+145046", "properties": {"count": 1, "label": 0}}, {"type": "Feature", "geometry": {"geodesic": false, "type": "Polygon", "coordinates": [[[-96.58227794058195, 39.107976231086546], [-96.58227794058195, 39.107706736501314], [-96.58254743516719, 39.107706736501314], [-96.58254743516719, 39.107437241916074], [-96.58281692975243, 39.107437241916074], [-96.58281692975243, 39.107706736501314], [-96.58362541350813, 39.107706736501314], [-96.58362541350813, 39.107437241916074], [-96.58335591892289, 39.107437241916074], [-96.58335591892289, 39.10716774733084], [-96.58389490809337, 39.10716774733084], [-96.58389490809337, 39.10662875816037], [-96.58335591892289, 39.10662875816037], [-96.58335591892289, 39.10716774733084], [-96.58308642433765, 39.10716774733084], [-96.58308642433765, 39.10662875816037], [-96.58254743516719, 39.10662875816037], [-96.58254743516719, 39.10716774733084], [-96.58227794058195, 39.10716774733084], [-96.58227794058195, 39.107706736501314], [-96.58200844599672, 39.107706736501314], [-96.58200844599672, 39.107976231086546], [-96.58227794058195, 39.107976231086546]]]}, "id": "-358383+145115", "properties": {"count": 17, "label": 0}}, {"type": "Feature", "geometry": {"geodesic": false, "type": "Polygon", "coordinates": [[[-96.58254743516719, 39.09423200723952], [-96.58254743516719, 39.09369301806905], [-96.58281692975243, 39.09369301806905], [-96.58281692975243, 39.093423523483814], [-96.58227794058195, 39.093423523483814], [-96.58227794058195, 39.09423200723952], [-96.58254743516719, 39.09423200723952]]]}, "id": "-358384+145064", "properties": {"count": 4, "label": 0}}, {"type": "Feature", "geometry": {"geodesic": false, "type": "Polygon", "coordinates": [[[-96.58254743516719, 39.09692695309188], [-96.58227794058195, 39.09692695309188], [-96.58227794058195, 39.09719644767711], [-96.58254743516719, 39.09719644767711], [-96.58254743516719, 39.09692695309188]]]}, "id": "-358384+145075", "properties": {"count": 1, "label": 1}}, {"type": "Feature", "geometry": {"geodesic": false, "type": "Polygon", "coordinates": [[[-96.58281692975243, 39.09477099640999], [-96.58254743516719, 39.09477099640999], [-96.58254743516719, 39.095040490995224], [-96.58281692975243, 39.095040490995224], [-96.58281692975243, 39.09477099640999]]]}, "id": "-358385+145067", "properties": {"count": 1, "label": 0}}, {"type": "Feature", "geometry": {"geodesic": false, "type": "Polygon", "coordinates": [[[-96.58308642433765, 39.10447280147848], [-96.58254743516719, 39.10447280147848], [-96.58254743516719, 39.10474229606372], [-96.58308642433765, 39.10474229606372], [-96.58308642433765, 39.10447280147848]]]}, "id": "-358385+145103", "properties": {"count": 2, "label": 0}}, {"type": "Feature", "geometry": {"geodesic": false, "type": "Polygon", "coordinates": [[[-96.58335591892289, 39.07348092417636], [-96.58335591892289, 39.07321142959112], [-96.58308642433765, 39.07321142959112], [-96.58308642433765, 39.072941935005886], [-96.58254743516719, 39.072941935005886], [-96.58254743516719, 39.07321142959112], [-96.58281692975243, 39.07321142959112], [-96.58281692975243, 39.07348092417636], [-96.58335591892289, 39.07348092417636]]]}, "id": "-358386+144987", "properties": {"count": 4, "label": 0}}, {"type": "Feature", "geometry": {"geodesic": false, "type": "Polygon", "coordinates": [[[-96.58308642433765, 39.0783318267106], [-96.58308642433765, 39.07806233212537], [-96.58335591892289, 39.07806233212537], [-96.58335591892289, 39.07725384836966], [-96.58308642433765, 39.07725384836966], [-96.58308642433765, 39.07779283754013], [-96.58281692975243, 39.07779283754013], [-96.58281692975243, 39.0783318267106], [-96.58308642433765, 39.0783318267106]]]}, "id": "-358386+145005", "properties": {"count": 5, "label": 1}}, {"type": "Feature", "geometry": {"geodesic": false, "type": "Polygon", "coordinates": [[[-96.58308642433765, 39.10285583396707], [-96.58281692975243, 39.10285583396707], [-96.58281692975243, 39.1031253285523], [-96.58308642433765, 39.1031253285523], [-96.58308642433765, 39.10285583396707]]]}, "id": "-358386+145097", "properties": {"count": 1, "label": 1}}, {"type": "Feature", "geometry": {"geodesic": false, "type": "Polygon", "coordinates": [[[-96.58362541350813, 39.1031253285523], [-96.58335591892289, 39.1031253285523], [-96.58335591892289, 39.103394823137535], [-96.58362541350813, 39.103394823137535], [-96.58362541350813, 39.1031253285523]]]}, "id": "-358388+145098", "properties": {"count": 1, "label": 1}}, {"type": "Feature", "geometry": {"geodesic": false, "type": "Polygon", "coordinates": [[[-96.58389490809337, 39.07617587002871], [-96.58362541350813, 39.07617587002871], [-96.58362541350813, 39.07644536461395], [-96.58389490809337, 39.07644536461395], [-96.58389490809337, 39.07617587002871]]]}, "id": "-358389+144998", "properties": {"count": 1, "label": 1}}, {"type": "Feature", "geometry": {"geodesic": false, "type": "Polygon", "coordinates": [[[-96.58389490809337, 39.08560818051197], [-96.58362541350813, 39.08560818051197], [-96.58362541350813, 39.08587767509721], [-96.58389490809337, 39.08587767509721], [-96.58389490809337, 39.08560818051197]]]}, "id": "-358389+145033", "properties": {"count": 1, "label": 1}}, {"type": "Feature", "geometry": {"geodesic": false, "type": "Polygon", "coordinates": [[[-96.58443389726384, 39.07213345125018], [-96.58443389726384, 39.07159446207971], [-96.5841644026786, 39.07159446207971], [-96.5841644026786, 39.07186395666494], [-96.58389490809337, 39.07186395666494], [-96.58389490809337, 39.07213345125018], [-96.58443389726384, 39.07213345125018]]]}, "id": "-358390+144982", "properties": {"count": 3, "label": 0}}, {"type": "Feature", "geometry": {"geodesic": false, "type": "Polygon", "coordinates": [[[-96.58470339184908, 39.07321142959112], [-96.58470339184908, 39.072672440420654], [-96.58443389726384, 39.072672440420654], [-96.58443389726384, 39.072941935005886], [-96.5841644026786, 39.072941935005886], [-96.5841644026786, 39.072402945835414], [-96.58362541350813, 39.072402945835414], [-96.58362541350813, 39.072941935005886], [-96.58389490809337, 39.072941935005886], [-96.58389490809337, 39.07321142959112], [-96.58470339184908, 39.07321142959112]]]}, "id": "-358390+144986", "properties": {"count": 8, "label": 0}}, {"type": "Feature", "geometry": {"geodesic": false, "type": "Polygon", "coordinates": [[[-96.5841644026786, 39.07348092417636], [-96.58389490809337, 39.07348092417636], [-96.58389490809337, 39.07375041876159], [-96.5841644026786, 39.07375041876159], [-96.5841644026786, 39.07348092417636]]]}, "id": "-358390+144988", "properties": {"count": 1, "label": 0}}, {"type": "Feature", "geometry": {"geodesic": false, "type": "Polygon", "coordinates": [[[-96.5841644026786, 39.10285583396707], [-96.58389490809337, 39.10285583396707], [-96.58389490809337, 39.1031253285523], [-96.5841644026786, 39.1031253285523], [-96.5841644026786, 39.10285583396707]]]}, "id": "-358390+145097", "properties": {"count": 1, "label": 1}}, {"type": "Feature", "geometry": {"geodesic": false, "type": "Polygon", "coordinates": [[[-96.58443389726384, 39.07105547290924], [-96.5841644026786, 39.07105547290924], [-96.5841644026786, 39.07132496749447], [-96.58443389726384, 39.07132496749447], [-96.58443389726384, 39.07105547290924]]]}, "id": "-358391+144979", "properties": {"count": 1, "label": 0}}, {"type": "Feature", "geometry": {"geodesic": false, "type": "Polygon", "coordinates": [[[-96.58443389726384, 39.0745589025173], [-96.5841644026786, 39.0745589025173], [-96.5841644026786, 39.074828397102536], [-96.58443389726384, 39.074828397102536], [-96.58443389726384, 39.0745589025173]]]}, "id": "-358391+144992", "properties": {"count": 1, "label": 1}}, {"type": "Feature", "geometry": {"geodesic": false, "type": "Polygon", "coordinates": [[[-96.58497288643431, 39.0926150397281], [-96.5841644026786, 39.0926150397281], [-96.5841644026786, 39.09288453431334], [-96.58497288643431, 39.09288453431334], [-96.58497288643431, 39.0926150397281]]]}, "id": "-358391+145059", "properties": {"count": 3, "label": 0}}, {"type": "Feature", "geometry": {"geodesic": false, "type": "Polygon", "coordinates": [[[-96.58443389726384, 39.09800493143282], [-96.58443389726384, 39.097735436847586], [-96.5841644026786, 39.097735436847586], [-96.5841644026786, 39.097465942262346], [-96.58389490809337, 39.097465942262346], [-96.58389490809337, 39.097735436847586], [-96.5841644026786, 39.097735436847586], [-96.5841644026786, 39.09800493143282], [-96.58443389726384, 39.09800493143282]]]}, "id": "-358391+145078", "properties": {"count": 2, "label": 0}}, {"type": "Feature", "geometry": {"geodesic": false, "type": "Polygon", "coordinates": [[[-96.58443389726384, 39.10851522025702], [-96.5841644026786, 39.10851522025702], [-96.5841644026786, 39.10878471484226], [-96.58443389726384, 39.10878471484226], [-96.58443389726384, 39.10851522025702]]]}, "id": "-358391+145118", "properties": {"count": 1, "label": 0}}, {"type": "Feature", "geometry": {"geodesic": false, "type": "Polygon", "coordinates": [[[-96.58470339184908, 39.099621898944235], [-96.58470339184908, 39.09908290977376], [-96.58443389726384, 39.09908290977376], [-96.58443389726384, 39.09854392060329], [-96.58389490809337, 39.09854392060329], [-96.58389490809337, 39.09827442601806], [-96.58362541350813, 39.09827442601806], [-96.58362541350813, 39.09800493143282], [-96.58335591892289, 39.09800493143282], [-96.58335591892289, 39.097735436847586], [-96.58308642433765, 39.097735436847586], [-96.58308642433765, 39.097465942262346], [-96.58362541350813, 39.097465942262346], [-96.58362541350813, 39.09719644767711], [-96.58335591892289, 39.09719644767711], [-96.58335591892289, 39.09638796392141], [-96.58308642433765, 39.09638796392141], [-96.58308642433765, 39.09611846933617], [-96.58335591892289, 39.09611846933617], [-96.58335591892289, 39.095848974750936], [-96.58281692975243, 39.095848974750936], [-96.58281692975243, 39.09611846933617], [-96.58227794058195, 39.09611846933617], [-96.58227794058195, 39.09638796392141], [-96.58281692975243, 39.09638796392141], [-96.58281692975243, 39.09665745850664], [-96.58200844599672, 39.09665745850664], [-96.58200844599672, 39.09611846933617], [-96.58173895141148, 39.09611846933617], [-96.58173895141148, 39.09638796392141], [-96.581199962241, 39.09638796392141], [-96.581199962241, 39.09665745850664], [-96.58173895141148, 39.09665745850664], [-96.58173895141148, 39.09692695309188], [-96.58146945682624, 39.09692695309188], [-96.58146945682624, 39.09719644767711], [-96.58200844599672, 39.09719644767711], [-96.58200844599672, 39.097465942262346], [-96.58281692975243, 39.097465942262346], [-96.58281692975243, 39.097735436847586], [-96.58308642433765, 39.097735436847586], [-96.58308642433765, 39.09854392060329], [-96.58362541350813, 39.09854392060329], [-96.58362541350813, 39.09881341518853], [-96.58389490809337, 39.09881341518853], [-96.58389490809337, 39.09908290977376], [-96.5841644026786, 39.09908290977376], [-96.5841644026786, 39.099352404359], [-96.58443389726384, 39.099352404359], [-96.58443389726384, 39.099621898944235], [-96.58470339184908, 39.099621898944235]], [[-96.58227794058195, 39.09719644767711], [-96.58254743516719, 39.09719644767711], [-96.58254743516719, 39.09692695309188], [-96.58227794058195, 39.09692695309188], [-96.58227794058195, 39.09719644767711]]]}, "id": "-358392+145084", "properties": {"count": 44, "label": 0}}, {"type": "Feature", "geometry": {"geodesic": false, "type": "Polygon", "coordinates": [[[-96.58524238101954, 39.070785978324], [-96.58524238101954, 39.070516483738764], [-96.58470339184908, 39.070516483738764], [-96.58470339184908, 39.070246989153524], [-96.58443389726384, 39.070246989153524], [-96.58443389726384, 39.070516483738764], [-96.58470339184908, 39.070516483738764], [-96.58470339184908, 39.070785978324], [-96.58524238101954, 39.070785978324]]]}, "id": "-358393+144977", "properties": {"count": 3, "label": 0}}, {"type": "Feature", "geometry": {"geodesic": false, "type": "Polygon", "coordinates": [[[-96.58497288643431, 39.08237424548914], [-96.58470339184908, 39.08237424548914], [-96.58470339184908, 39.082643740074374], [-96.58497288643431, 39.082643740074374], [-96.58497288643431, 39.08237424548914]]]}, "id": "-358393+145021", "properties": {"count": 1, "label": 0}}, {"type": "Feature", "geometry": {"geodesic": false, "type": "Polygon", "coordinates": [[[-96.58578137019002, 39.0783318267106], [-96.58578137019002, 39.07779283754013], [-96.58605086477525, 39.07779283754013], [-96.58605086477525, 39.076984353784425], [-96.58578137019002, 39.076984353784425], [-96.58578137019002, 39.07725384836966], [-96.58551187560478, 39.07725384836966], [-96.58551187560478, 39.0775233429549], [-96.58497288643431, 39.0775233429549], [-96.58497288643431, 39.07779283754013], [-96.58524238101954, 39.07779283754013], [-96.58524238101954, 39.0783318267106], [-96.58578137019002, 39.0783318267106]]]}, "id": "-358395+145005", "properties": {"count": 11, "label": 0}}, {"type": "Feature", "geometry": {"geodesic": false, "type": "Polygon", "coordinates": [[[-96.58605086477525, 39.09719644767711], [-96.58605086477525, 39.09692695309188], [-96.58578137019002, 39.09692695309188], [-96.58578137019002, 39.09665745850664], [-96.58524238101954, 39.09665745850664], [-96.58524238101954, 39.09692695309188], [-96.58551187560478, 39.09692695309188], [-96.58551187560478, 39.09719644767711], [-96.58605086477525, 39.09719644767711]]]}, "id": "-358396+145075", "properties": {"count": 4, "label": 0}}, {"type": "Feature", "geometry": {"geodesic": false, "type": "Polygon", "coordinates": [[[-96.58658985394572, 39.0812962671482], [-96.58632035936049, 39.0812962671482], [-96.58632035936049, 39.08156576173344], [-96.58658985394572, 39.08156576173344], [-96.58658985394572, 39.0812962671482]]]}, "id": "-358399+145017", "properties": {"count": 1, "label": 1}}, {"type": "Feature", "geometry": {"geodesic": false, "type": "Polygon", "coordinates": [[[-96.58658985394572, 39.08183525631867], [-96.58632035936049, 39.08183525631867], [-96.58632035936049, 39.08210475090391], [-96.58658985394572, 39.08210475090391], [-96.58658985394572, 39.08183525631867]]]}, "id": "-358399+145019", "properties": {"count": 1, "label": 1}}, {"type": "Feature", "geometry": {"geodesic": false, "type": "Polygon", "coordinates": [[[-96.58739833770143, 39.097465942262346], [-96.58739833770143, 39.09719644767711], [-96.58712884311619, 39.09719644767711], [-96.58712884311619, 39.09692695309188], [-96.58632035936049, 39.09692695309188], [-96.58632035936049, 39.09719644767711], [-96.58658985394572, 39.09719644767711], [-96.58658985394572, 39.097465942262346], [-96.58739833770143, 39.097465942262346]]]}, "id": "-358400+145076", "properties": {"count": 6, "label": 0}}, {"type": "Feature", "geometry": {"geodesic": false, "type": "Polygon", "coordinates": [[[-96.58739833770143, 39.107437241916074], [-96.58739833770143, 39.10716774733084], [-96.58793732687191, 39.10716774733084], [-96.58793732687191, 39.1068982527456], [-96.58820682145713, 39.1068982527456], [-96.58820682145713, 39.10635926357513], [-96.58847631604237, 39.10635926357513], [-96.58847631604237, 39.105820274404664], [-96.58874581062761, 39.105820274404664], [-96.58874581062761, 39.105550779819424], [-96.58901530521284, 39.105550779819424], [-96.58901530521284, 39.10501179064895], [-96.58928479979808, 39.10501179064895], [-96.58928479979808, 39.10447280147848], [-96.58955429438332, 39.10447280147848], [-96.58955429438332, 39.10420330689325], [-96.59009328355378, 39.10420330689325], [-96.59009328355378, 39.103664317722775], [-96.58982378896856, 39.103664317722775], [-96.58982378896856, 39.10393381230801], [-96.58955429438332, 39.10393381230801], [-96.58955429438332, 39.10420330689325], [-96.58847631604237, 39.10420330689325], [-96.58847631604237, 39.10447280147848], [-96.58820682145713, 39.10447280147848], [-96.58820682145713, 39.10420330689325], [-96.58793732687191, 39.10420330689325], [-96.58793732687191, 39.10393381230801], [-96.58820682145713, 39.10393381230801], [-96.58820682145713, 39.103394823137535], [-96.58901530521284, 39.103394823137535], [-96.58901530521284, 39.1031253285523], [-96.59036277813902, 39.1031253285523], [-96.59036277813902, 39.103394823137535], [-96.59063227272426, 39.103394823137535], [-96.59063227272426, 39.1031253285523], [-96.5909017673095, 39.1031253285523], [-96.5909017673095, 39.10285583396707], [-96.59117126189473, 39.10285583396707], [-96.59117126189473, 39.1031253285523], [-96.59144075647997, 39.1031253285523], [-96.59144075647997, 39.10285583396707], [-96.59224924023567, 39.10285583396707], [-96.59224924023567, 39.103664317722775], [-96.59197974565043, 39.103664317722775], [-96.59197974565043, 39.10393381230801], [-96.59224924023567, 39.10393381230801], [-96.59224924023567, 39.10420330689325], [-96.59305772399138, 39.10420330689325], [-96.59305772399138, 39.103394823137535], [-96.59359671316186, 39.103394823137535], [-96.59359671316186, 39.103664317722775], [-96.59332721857662, 39.103664317722775], [-96.59332721857662, 39.10393381230801], [-96.59359671316186, 39.10393381230801], [-96.59359671316186, 39.103664317722775], [-96.59440519691756, 39.103664317722775], [-96.59440519691756, 39.103394823137535], [-96.59494418608803, 39.103394823137535], [-96.59494418608803, 39.103664317722775], [-96.59521368067327, 39.103664317722775], [-96.59521368067327, 39.10393381230801], [-96.59548317525851, 39.10393381230801], [-96.59548317525851, 39.103664317722775], [-96.59575266984375, 39.103664317722775], [-96.59575266984375, 39.1031253285523], [-96.59602216442897, 39.1031253285523], [-96.59602216442897, 39.101508361040885], [-96.59548317525851, 39.101508361040885], [-96.59548317525851, 39.10123886645565], [-96.59521368067327, 39.10123886645565], [-96.59521368067327, 39.101508361040885], [-96.59494418608803, 39.101508361040885], [-96.59494418608803, 39.10123886645565], [-96.59413570233232, 39.10123886645565], [-96.59413570233232, 39.10096937187041], [-96.59440519691756, 39.10096937187041], [-96.59440519691756, 39.10069987728518], [-96.59413570233232, 39.10069987728518], [-96.59413570233232, 39.10096937187041], [-96.59305772399138, 39.10096937187041], [-96.59305772399138, 39.10016088811471], [-96.59332721857662, 39.10016088811471], [-96.59332721857662, 39.10069987728518], [-96.5938662077471, 39.10069987728518], [-96.5938662077471, 39.10016088811471], [-96.59332721857662, 39.10016088811471], [-96.59332721857662, 39.099891393529475], [-96.59305772399138, 39.099891393529475], [-96.59305772399138, 39.099621898944235], [-96.59278822940615, 39.099621898944235], [-96.59278822940615, 39.09854392060329], [-96.59251873482091, 39.09854392060329], [-96.59251873482091, 39.09881341518853], [-96.59224924023567, 39.09881341518853], [-96.59224924023567, 39.09908290977376], [-96.59197974565043, 39.09908290977376], [-96.59197974565043, 39.09881341518853], [-96.59171025106521, 39.09881341518853], [-96.59171025106521, 39.09854392060329], [-96.59144075647997, 39.09854392060329], [-96.59144075647997, 39.09827442601806], [-96.59171025106521, 39.09827442601806], [-96.59171025106521, 39.09800493143282], [-96.59144075647997, 39.09800493143282], [-96.59144075647997, 39.097735436847586], [-96.59117126189473, 39.097735436847586], [-96.59117126189473, 39.097465942262346], [-96.59224924023567, 39.097465942262346], [-96.59224924023567, 39.097735436847586], [-96.59278822940615, 39.097735436847586], [-96.59278822940615, 39.09719644767711], [-96.59332721857662, 39.09719644767711], [-96.59332721857662, 39.09692695309188], [-96.59359671316186, 39.09692695309188], [-96.59359671316186, 39.095848974750936], [-96.59332721857662, 39.095848974750936], [-96.59332721857662, 39.095579480165696], [-96.5938662077471, 39.095579480165696], [-96.5938662077471, 39.095040490995224], [-96.59332721857662, 39.095040490995224], [-96.59332721857662, 39.095309985580464], [-96.59305772399138, 39.095309985580464], [-96.59305772399138, 39.095848974750936], [-96.59278822940615, 39.095848974750936], [-96.59278822940615, 39.095579480165696], [-96.59251873482091, 39.095579480165696], [-96.59251873482091, 39.095848974750936], [-96.59197974565043, 39.095848974750936], [-96.59197974565043, 39.09611846933617], [-96.59171025106521, 39.09611846933617], [-96.59171025106521, 39.09638796392141], [-96.59144075647997, 39.09638796392141], [-96.59144075647997, 39.09719644767711], [-96.59117126189473, 39.09719644767711], [-96.59117126189473, 39.097465942262346], [-96.5909017673095, 39.097465942262346], [-96.5909017673095, 39.097735436847586], [-96.59036277813902, 39.097735436847586], [-96.59036277813902, 39.097465942262346], [-96.59063227272426, 39.097465942262346], [-96.59063227272426, 39.09719644767711], [-96.59036277813902, 39.09719644767711], [-96.59036277813902, 39.09665745850664], [-96.59009328355378, 39.09665745850664], [-96.59009328355378, 39.095040490995224], [-96.58982378896856, 39.095040490995224], [-96.58982378896856, 39.09450150182475], [-96.59063227272426, 39.09450150182475], [-96.59063227272426, 39.09396251265429], [-96.59036277813902, 39.09396251265429], [-96.59036277813902, 39.09369301806905], [-96.59063227272426, 39.09369301806905], [-96.59063227272426, 39.093423523483814], [-96.58982378896856, 39.093423523483814], [-96.58982378896856, 39.09450150182475], [-96.58901530521284, 39.09450150182475], [-96.58901530521284, 39.09423200723952], [-96.58874581062761, 39.09423200723952], [-96.58874581062761, 39.09234554514287], [-96.58928479979808, 39.09234554514287], [-96.58928479979808, 39.09207605055763], [-96.58901530521284, 39.09207605055763], [-96.58901530521284, 39.0918065559724], [-96.58874581062761, 39.0918065559724], [-96.58874581062761, 39.09153706138716], [-96.58847631604237, 39.09153706138716], [-96.58847631604237, 39.09099807221669], [-96.58874581062761, 39.09099807221669], [-96.58874581062761, 39.09045908304622], [-96.58901530521284, 39.09045908304622], [-96.58901530521284, 39.09018958846098], [-96.58928479979808, 39.09018958846098], [-96.58928479979808, 39.08992009387575], [-96.59063227272426, 39.08992009387575], [-96.59063227272426, 39.08965059929051], [-96.59036277813902, 39.08965059929051], [-96.59036277813902, 39.089381104705275], [-96.59009328355378, 39.089381104705275], [-96.59009328355378, 39.08965059929051], [-96.58901530521284, 39.08965059929051], [-96.58901530521284, 39.08992009387575], [-96.58874581062761, 39.08992009387575], [-96.58874581062761, 39.089381104705275], [-96.58820682145713, 39.089381104705275], [-96.58820682145713, 39.08992009387575], [-96.58766783228667, 39.08992009387575], [-96.58766783228667, 39.09018958846098], [-96.58739833770143, 39.09018958846098], [-96.58739833770143, 39.09045908304622], [-96.58685934853096, 39.09045908304622], [-96.58685934853096, 39.08992009387575], [-96.58658985394572, 39.08992009387575], [-96.58658985394572, 39.089381104705275], [-96.58632035936049, 39.089381104705275], [-96.58632035936049, 39.0888421155348], [-96.58578137019002, 39.0888421155348], [-96.58578137019002, 39.0880336317791], [-96.58632035936049, 39.0880336317791], [-96.58632035936049, 39.08776413719386], [-96.58685934853096, 39.08776413719386], [-96.58685934853096, 39.087225148023386], [-96.58712884311619, 39.087225148023386], [-96.58712884311619, 39.08668615885291], [-96.58739833770143, 39.08668615885291], [-96.58739833770143, 39.08641666426768], [-96.58712884311619, 39.08641666426768], [-96.58712884311619, 39.08587767509721], [-96.58739833770143, 39.08587767509721], [-96.58739833770143, 39.0850691913415], [-96.58766783228667, 39.0850691913415], [-96.58766783228667, 39.084799696756264], [-96.58739833770143, 39.084799696756264], [-96.58739833770143, 39.0850691913415], [-96.58685934853096, 39.0850691913415], [-96.58685934853096, 39.085338685926736], [-96.58658985394572, 39.085338685926736], [-96.58658985394572, 39.08587767509721], [-96.58685934853096, 39.08587767509721], [-96.58685934853096, 39.08614716968244], [-96.58658985394572, 39.08614716968244], [-96.58658985394572, 39.08695565343815], [-96.58632035936049, 39.08695565343815], [-96.58632035936049, 39.087225148023386], [-96.58578137019002, 39.087225148023386], [-96.58578137019002, 39.087494642608625], [-96.58605086477525, 39.087494642608625], [-96.58605086477525, 39.08776413719386], [-96.58551187560478, 39.08776413719386], [-96.58551187560478, 39.0880336317791], [-96.58497288643431, 39.0880336317791], [-96.58497288643431, 39.087225148023386], [-96.58470339184908, 39.087225148023386], [-96.58470339184908, 39.08668615885291], [-96.58443389726384, 39.08668615885291], [-96.58443389726384, 39.08641666426768], [-96.58470339184908, 39.08641666426768], [-96.58470339184908, 39.08614716968244], [-96.58443389726384, 39.08614716968244], [-96.58443389726384, 39.08560818051197], [-96.5841644026786, 39.08560818051197], [-96.5841644026786, 39.085338685926736], [-96.58389490809337, 39.085338685926736], [-96.58389490809337, 39.084799696756264], [-96.58443389726384, 39.084799696756264], [-96.58443389726384, 39.08453020217103], [-96.58470339184908, 39.08453020217103], [-96.58470339184908, 39.084799696756264], [-96.58497288643431, 39.084799696756264], [-96.58497288643431, 39.08426070758579], [-96.58524238101954, 39.08426070758579], [-96.58524238101954, 39.08399121300056], [-96.58605086477525, 39.08399121300056], [-96.58605086477525, 39.08372171841532], [-96.58578137019002, 39.08372171841532], [-96.58578137019002, 39.083452223830086], [-96.58632035936049, 39.083452223830086], [-96.58632035936049, 39.082913234659614], [-96.58658985394572, 39.082913234659614], [-96.58658985394572, 39.082643740074374], [-96.58632035936049, 39.082643740074374], [-96.58632035936049, 39.08237424548914], [-96.58685934853096, 39.08237424548914], [-96.58685934853096, 39.081026772562964], [-96.58712884311619, 39.081026772562964], [-96.58712884311619, 39.08048778339249], [-96.58766783228667, 39.08048778339249], [-96.58766783228667, 39.080757277977725], [-96.58820682145713, 39.080757277977725], [-96.58820682145713, 39.08021828880725], [-96.58874581062761, 39.08021828880725], [-96.58874581062761, 39.07994879422202], [-96.58901530521284, 39.07994879422202], [-96.58901530521284, 39.08021828880725], [-96.58928479979808, 39.08021828880725], [-96.58928479979808, 39.07967929963678], [-96.58874581062761, 39.07967929963678], [-96.58874581062761, 39.07994879422202], [-96.58847631604237, 39.07994879422202], [-96.58847631604237, 39.07967929963678], [-96.58820682145713, 39.07967929963678], [-96.58820682145713, 39.08021828880725], [-96.58739833770143, 39.08021828880725], [-96.58739833770143, 39.079140310466315], [-96.58847631604237, 39.079140310466315], [-96.58847631604237, 39.078870815881075], [-96.58874581062761, 39.078870815881075], [-96.58874581062761, 39.07860132129584], [-96.58847631604237, 39.07860132129584], [-96.58847631604237, 39.0783318267106], [-96.58928479979808, 39.0783318267106], [-96.58928479979808, 39.07779283754013], [-96.58874581062761, 39.07779283754013], [-96.58874581062761, 39.07806233212537], [-96.58766783228667, 39.07806233212537], [-96.58766783228667, 39.07779283754013], [-96.58793732687191, 39.07779283754013], [-96.58793732687191, 39.07725384836966], [-96.58820682145713, 39.07725384836966], [-96.58820682145713, 39.076984353784425], [-96.58847631604237, 39.076984353784425], [-96.58847631604237, 39.0775233429549], [-96.58874581062761, 39.0775233429549], [-96.58874581062761, 39.07725384836966], [-96.58901530521284, 39.07725384836966], [-96.58901530521284, 39.076984353784425], [-96.58874581062761, 39.076984353784425], [-96.58874581062761, 39.07644536461395], [-96.58847631604237, 39.07644536461395], [-96.58847631604237, 39.076714859199186], [-96.58820682145713, 39.076714859199186], [-96.58820682145713, 39.076984353784425], [-96.58739833770143, 39.076984353784425], [-96.58739833770143, 39.076714859199186], [-96.58766783228667, 39.076714859199186], [-96.58766783228667, 39.07590637544348], [-96.58739833770143, 39.07590637544348], [-96.58739833770143, 39.07644536461395], [-96.58712884311619, 39.07644536461395], [-96.58712884311619, 39.076984353784425], [-96.58739833770143, 39.076984353784425], [-96.58739833770143, 39.07806233212537], [-96.58712884311619, 39.07806233212537], [-96.58712884311619, 39.0783318267106], [-96.58685934853096, 39.0783318267106], [-96.58685934853096, 39.07860132129584], [-96.58605086477525, 39.07860132129584], [-96.58605086477525, 39.078870815881075], [-96.58578137019002, 39.078870815881075], [-96.58578137019002, 39.07967929963678], [-96.58551187560478, 39.07967929963678], [-96.58551187560478, 39.07994879422202], [-96.58578137019002, 39.07994879422202], [-96.58578137019002, 39.08021828880725], [-96.58551187560478, 39.08021828880725], [-96.58551187560478, 39.08048778339249], [-96.58524238101954, 39.08048778339249], [-96.58524238101954, 39.080757277977725], [-96.58497288643431, 39.080757277977725], [-96.58497288643431, 39.0812962671482], [-96.5841644026786, 39.0812962671482], [-96.5841644026786, 39.08183525631867], [-96.58443389726384, 39.08183525631867], [-96.58443389726384, 39.08210475090391], [-96.5841644026786, 39.08210475090391], [-96.5841644026786, 39.08237424548914], [-96.58389490809337, 39.08237424548914], [-96.58389490809337, 39.082643740074374], [-96.58308642433765, 39.082643740074374], [-96.58308642433765, 39.08237424548914], [-96.58281692975243, 39.08237424548914], [-96.58281692975243, 39.08210475090391], [-96.58254743516719, 39.08210475090391], [-96.58254743516719, 39.08183525631867], [-96.58227794058195, 39.08183525631867], [-96.58227794058195, 39.081026772562964], [-96.58254743516719, 39.081026772562964], [-96.58254743516719, 39.080757277977725], [-96.58227794058195, 39.080757277977725], [-96.58227794058195, 39.08021828880725], [-96.58254743516719, 39.08021828880725], [-96.58254743516719, 39.08048778339249], [-96.58308642433765, 39.08048778339249], [-96.58308642433765, 39.07994879422202], [-96.58362541350813, 39.07994879422202], [-96.58362541350813, 39.08048778339249], [-96.58335591892289, 39.08048778339249], [-96.58335591892289, 39.081026772562964], [-96.58389490809337, 39.081026772562964], [-96.58389490809337, 39.07994879422202], [-96.58362541350813, 39.07994879422202], [-96.58362541350813, 39.079140310466315], [-96.58389490809337, 39.079140310466315], [-96.58389490809337, 39.07940980505155], [-96.5841644026786, 39.07940980505155], [-96.5841644026786, 39.078870815881075], [-96.58335591892289, 39.078870815881075], [-96.58335591892289, 39.0783318267106], [-96.58362541350813, 39.0783318267106], [-96.58362541350813, 39.07806233212537], [-96.58389490809337, 39.07806233212537], [-96.58389490809337, 39.0783318267106], [-96.5841644026786, 39.0783318267106], [-96.5841644026786, 39.07779283754013], [-96.58443389726384, 39.07779283754013], [-96.58443389726384, 39.0775233429549], [-96.5841644026786, 39.0775233429549], [-96.5841644026786, 39.07725384836966], [-96.58497288643431, 39.07725384836966], [-96.58497288643431, 39.076984353784425], [-96.58524238101954, 39.076984353784425], [-96.58524238101954, 39.076714859199186], [-96.58497288643431, 39.076714859199186], [-96.58497288643431, 39.07617587002871], [-96.58551187560478, 39.07617587002871], [-96.58551187560478, 39.07644536461395], [-96.58605086477525, 39.07644536461395], [-96.58605086477525, 39.07617587002871], [-96.58632035936049, 39.07617587002871], [-96.58632035936049, 39.07590637544348], [-96.58443389726384, 39.07590637544348], [-96.58443389726384, 39.07563688085825], [-96.58470339184908, 39.07563688085825], [-96.58470339184908, 39.07536738627301], [-96.58497288643431, 39.07536738627301], [-96.58497288643431, 39.074828397102536], [-96.58470339184908, 39.074828397102536], [-96.58470339184908, 39.0745589025173], [-96.58497288643431, 39.0745589025173], [-96.58497288643431, 39.07428940793206], [-96.58524238101954, 39.07428940793206], [-96.58524238101954, 39.07401991334683], [-96.58389490809337, 39.07401991334683], [-96.58389490809337, 39.07428940793206], [-96.58362541350813, 39.07428940793206], [-96.58362541350813, 39.075097891687776], [-96.58335591892289, 39.075097891687776], [-96.58335591892289, 39.07563688085825], [-96.58308642433765, 39.07563688085825], [-96.58308642433765, 39.076714859199186], [-96.58281692975243, 39.076714859199186], [-96.58281692975243, 39.076984353784425], [-96.58227794058195, 39.076984353784425], [-96.58227794058195, 39.07725384836966], [-96.58254743516719, 39.07725384836966], [-96.58254743516719, 39.0775233429549], [-96.58227794058195, 39.0775233429549], [-96.58227794058195, 39.0783318267106], [-96.58200844599672, 39.0783318267106], [-96.58200844599672, 39.07860132129584], [-96.58173895141148, 39.07860132129584], [-96.58173895141148, 39.078870815881075], [-96.58146945682624, 39.078870815881075], [-96.58146945682624, 39.079140310466315], [-96.581199962241, 39.079140310466315], [-96.581199962241, 39.08021828880725], [-96.58146945682624, 39.08021828880725], [-96.58146945682624, 39.08048778339249], [-96.58093046765578, 39.08048778339249], [-96.58093046765578, 39.081026772562964], [-96.58146945682624, 39.081026772562964], [-96.58146945682624, 39.08210475090391], [-96.58200844599672, 39.08210475090391], [-96.58200844599672, 39.082913234659614], [-96.58254743516719, 39.082913234659614], [-96.58254743516719, 39.083452223830086], [-96.58281692975243, 39.083452223830086], [-96.58281692975243, 39.08399121300056], [-96.58308642433765, 39.08399121300056], [-96.58308642433765, 39.08453020217103], [-96.58281692975243, 39.08453020217103], [-96.58281692975243, 39.08560818051197], [-96.58254743516719, 39.08560818051197], [-96.58254743516719, 39.08614716968244], [-96.58281692975243, 39.08614716968244], [-96.58281692975243, 39.08668615885291], [-96.58308642433765, 39.08668615885291], [-96.58308642433765, 39.08695565343815], [-96.58389490809337, 39.08695565343815], [-96.58389490809337, 39.0880336317791], [-96.58362541350813, 39.0880336317791], [-96.58362541350813, 39.08857262094956], [-96.58389490809337, 39.08857262094956], [-96.58389490809337, 39.089111610120035], [-96.5841644026786, 39.089111610120035], [-96.5841644026786, 39.08857262094956], [-96.58389490809337, 39.08857262094956], [-96.58389490809337, 39.08830312636433], [-96.58497288643431, 39.08830312636433], [-96.58497288643431, 39.089111610120035], [-96.58470339184908, 39.089111610120035], [-96.58470339184908, 39.089381104705275], [-96.58551187560478, 39.089381104705275], [-96.58551187560478, 39.09018958846098], [-96.58578137019002, 39.09018958846098], [-96.58578137019002, 39.09045908304622], [-96.58605086477525, 39.09045908304622], [-96.58605086477525, 39.09072857763145], [-96.58551187560478, 39.09072857763145], [-96.58551187560478, 39.09045908304622], [-96.58524238101954, 39.09045908304622], [-96.58524238101954, 39.08992009387575], [-96.58362541350813, 39.08992009387575], [-96.58362541350813, 39.08965059929051], [-96.58173895141148, 39.08965059929051], [-96.58173895141148, 39.08992009387575], [-96.58146945682624, 39.08992009387575], [-96.58146945682624, 39.08965059929051], [-96.58066097307054, 39.08965059929051], [-96.58066097307054, 39.089381104705275], [-96.58012198390006, 39.089381104705275], [-96.58012198390006, 39.089111610120035], [-96.58093046765578, 39.089111610120035], [-96.58093046765578, 39.089381104705275], [-96.58173895141148, 39.089381104705275], [-96.58173895141148, 39.089111610120035], [-96.58093046765578, 39.089111610120035], [-96.58093046765578, 39.0888421155348], [-96.5803914784853, 39.0888421155348], [-96.5803914784853, 39.08857262094956], [-96.57985248931483, 39.08857262094956], [-96.57985248931483, 39.08830312636433], [-96.57958299472959, 39.08830312636433], [-96.57958299472959, 39.08857262094956], [-96.57985248931483, 39.08857262094956], [-96.57985248931483, 39.0888421155348], [-96.58012198390006, 39.0888421155348], [-96.58012198390006, 39.089111610120035], [-96.57958299472959, 39.089111610120035], [-96.57958299472959, 39.0888421155348], [-96.57931350014435, 39.0888421155348], [-96.57931350014435, 39.08857262094956], [-96.57904400555913, 39.08857262094956], [-96.57904400555913, 39.08830312636433], [-96.5782355218034, 39.08830312636433], [-96.5782355218034, 39.0880336317791], [-96.57769653263294, 39.0880336317791], [-96.57769653263294, 39.08776413719386], [-96.5782355218034, 39.08776413719386], [-96.5782355218034, 39.087225148023386], [-96.57796602721818, 39.087225148023386], [-96.57796602721818, 39.087494642608625], [-96.57769653263294, 39.087494642608625], [-96.57769653263294, 39.087225148023386], [-96.5774270380477, 39.087225148023386], [-96.5774270380477, 39.08668615885291], [-96.57769653263294, 39.08668615885291], [-96.57769653263294, 39.08614716968244], [-96.5774270380477, 39.08614716968244], [-96.5774270380477, 39.08587767509721], [-96.57688804887724, 39.08587767509721], [-96.57688804887724, 39.08560818051197], [-96.57634905970676, 39.08560818051197], [-96.57634905970676, 39.0850691913415], [-96.57607956512153, 39.0850691913415], [-96.57607956512153, 39.08453020217103], [-96.57554057595105, 39.08453020217103], [-96.57554057595105, 39.08399121300056], [-96.57527108136581, 39.08399121300056], [-96.57527108136581, 39.083452223830086], [-96.57554057595105, 39.083452223830086], [-96.57554057595105, 39.082913234659614], [-96.57634905970676, 39.082913234659614], [-96.57634905970676, 39.082643740074374], [-96.57527108136581, 39.082643740074374], [-96.57527108136581, 39.082913234659614], [-96.57473209219535, 39.082913234659614], [-96.57473209219535, 39.082643740074374], [-96.57500158678059, 39.082643740074374], [-96.57500158678059, 39.08210475090391], [-96.57446259761011, 39.08210475090391], [-96.57446259761011, 39.08156576173344], [-96.57500158678059, 39.08156576173344], [-96.57500158678059, 39.08183525631867], [-96.57527108136581, 39.08183525631867], [-96.57527108136581, 39.0812962671482], [-96.57446259761011, 39.0812962671482], [-96.57446259761011, 39.081026772562964], [-96.57419310302487, 39.081026772562964], [-96.57419310302487, 39.080757277977725], [-96.57392360843964, 39.080757277977725], [-96.57392360843964, 39.08048778339249], [-96.57257613551346, 39.08048778339249], [-96.57257613551346, 39.08021828880725], [-96.57230664092822, 39.08021828880725], [-96.57230664092822, 39.08048778339249], [-96.57176765175775, 39.08048778339249], [-96.57176765175775, 39.08021828880725], [-96.57149815717251, 39.08021828880725], [-96.57149815717251, 39.07967929963678], [-96.57095916800205, 39.07967929963678], [-96.57095916800205, 39.079140310466315], [-96.57068967341681, 39.079140310466315], [-96.57068967341681, 39.078870815881075], [-96.57042017883157, 39.078870815881075], [-96.57042017883157, 39.07860132129584], [-96.57068967341681, 39.07860132129584], [-96.57068967341681, 39.07806233212537], [-96.57042017883157, 39.07806233212537], [-96.57042017883157, 39.0783318267106], [-96.5698811896611, 39.0783318267106], [-96.5698811896611, 39.079140310466315], [-96.57015068424634, 39.079140310466315], [-96.57015068424634, 39.078870815881075], [-96.57042017883157, 39.078870815881075], [-96.57042017883157, 39.07940980505155], [-96.57068967341681, 39.07940980505155], [-96.57068967341681, 39.07967929963678], [-96.57042017883157, 39.07967929963678], [-96.57042017883157, 39.07994879422202], [-96.57015068424634, 39.07994879422202], [-96.57015068424634, 39.08021828880725], [-96.5698811896611, 39.08021828880725], [-96.5698811896611, 39.08048778339249], [-96.57015068424634, 39.08048778339249], [-96.57015068424634, 39.080757277977725], [-96.56826422214968, 39.080757277977725], [-96.56826422214968, 39.08048778339249], [-96.56799472756445, 39.08048778339249], [-96.56799472756445, 39.080757277977725], [-96.56745573839397, 39.080757277977725], [-96.56745573839397, 39.081026772562964], [-96.56772523297921, 39.081026772562964], [-96.56772523297921, 39.0812962671482], [-96.56745573839397, 39.0812962671482], [-96.56745573839397, 39.08183525631867], [-96.56718624380875, 39.08183525631867], [-96.56718624380875, 39.082913234659614], [-96.56772523297921, 39.082913234659614], [-96.56772523297921, 39.082643740074374], [-96.56799472756445, 39.082643740074374], [-96.56799472756445, 39.08237424548914], [-96.56772523297921, 39.08237424548914], [-96.56772523297921, 39.08210475090391], [-96.56799472756445, 39.08210475090391], [-96.56799472756445, 39.08183525631867], [-96.5698811896611, 39.08183525631867], [-96.5698811896611, 39.08156576173344], [-96.56961169507586, 39.08156576173344], [-96.56961169507586, 39.0812962671482], [-96.57015068424634, 39.0812962671482], [-96.57015068424634, 39.08156576173344], [-96.57042017883157, 39.08156576173344], [-96.57042017883157, 39.081026772562964], [-96.57095916800205, 39.081026772562964], [-96.57095916800205, 39.080757277977725], [-96.57203714634299, 39.080757277977725], [-96.57203714634299, 39.081026772562964], [-96.57257613551346, 39.081026772562964], [-96.57257613551346, 39.0812962671482], [-96.57338461926916, 39.0812962671482], [-96.57338461926916, 39.081026772562964], [-96.5736541138544, 39.081026772562964], [-96.5736541138544, 39.0812962671482], [-96.57392360843964, 39.0812962671482], [-96.57392360843964, 39.08183525631867], [-96.57419310302487, 39.08183525631867], [-96.57419310302487, 39.08210475090391], [-96.57392360843964, 39.08210475090391], [-96.57392360843964, 39.082643740074374], [-96.57419310302487, 39.082643740074374], [-96.57419310302487, 39.08318272924485], [-96.57446259761011, 39.08318272924485], [-96.57446259761011, 39.08372171841532], [-96.57500158678059, 39.08372171841532], [-96.57500158678059, 39.08426070758579], [-96.57473209219535, 39.08426070758579], [-96.57473209219535, 39.085338685926736], [-96.57446259761011, 39.085338685926736], [-96.57446259761011, 39.08560818051197], [-96.57500158678059, 39.08560818051197], [-96.57500158678059, 39.084799696756264], [-96.57554057595105, 39.084799696756264], [-96.57554057595105, 39.0850691913415], [-96.57527108136581, 39.0850691913415], [-96.57527108136581, 39.085338685926736], [-96.57554057595105, 39.085338685926736], [-96.57554057595105, 39.08614716968244], [-96.57581007053629, 39.08614716968244], [-96.57581007053629, 39.08641666426768], [-96.57634905970676, 39.08641666426768], [-96.57634905970676, 39.08668615885291], [-96.57607956512153, 39.08668615885291], [-96.57607956512153, 39.08776413719386], [-96.57634905970676, 39.08776413719386], [-96.57634905970676, 39.08830312636433], [-96.57554057595105, 39.08830312636433], [-96.57554057595105, 39.0888421155348], [-96.57500158678059, 39.0888421155348], [-96.57500158678059, 39.089111610120035], [-96.57473209219535, 39.089111610120035], [-96.57473209219535, 39.0888421155348], [-96.57446259761011, 39.0888421155348], [-96.57446259761011, 39.089111610120035], [-96.57392360843964, 39.089111610120035], [-96.57392360843964, 39.08857262094956], [-96.57419310302487, 39.08857262094956], [-96.57419310302487, 39.08830312636433], [-96.57473209219535, 39.08830312636433], [-96.57473209219535, 39.0880336317791], [-96.57419310302487, 39.0880336317791], [-96.57419310302487, 39.08776413719386], [-96.57446259761011, 39.08776413719386], [-96.57446259761011, 39.087225148023386], [-96.57392360843964, 39.087225148023386], [-96.57392360843964, 39.08776413719386], [-96.57338461926916, 39.08776413719386], [-96.57338461926916, 39.087494642608625], [-96.5736541138544, 39.087494642608625], [-96.5736541138544, 39.08695565343815], [-96.5728456300987, 39.08695565343815], [-96.5728456300987, 39.08668615885291], [-96.57257613551346, 39.08668615885291], [-96.57257613551346, 39.08695565343815], [-96.57230664092822, 39.08695565343815], [-96.57230664092822, 39.08641666426768], [-96.57257613551346, 39.08641666426768], [-96.57257613551346, 39.08614716968244], [-96.57230664092822, 39.08614716968244], [-96.57230664092822, 39.08587767509721], [-96.57149815717251, 39.08587767509721], [-96.57149815717251, 39.08560818051197], [-96.57122866258727, 39.08560818051197], [-96.57122866258727, 39.085338685926736], [-96.57095916800205, 39.085338685926736], [-96.57095916800205, 39.0850691913415], [-96.57015068424634, 39.0850691913415], [-96.57015068424634, 39.084799696756264], [-96.5698811896611, 39.084799696756264], [-96.5698811896611, 39.08453020217103], [-96.5690727059054, 39.08453020217103], [-96.5690727059054, 39.084799696756264], [-96.56853371673492, 39.084799696756264], [-96.56853371673492, 39.08453020217103], [-96.56826422214968, 39.08453020217103], [-96.56826422214968, 39.08399121300056], [-96.56745573839397, 39.08399121300056], [-96.56745573839397, 39.08372171841532], [-96.56691674922351, 39.08372171841532], [-96.56691674922351, 39.083452223830086], [-96.56664725463827, 39.083452223830086], [-96.56664725463827, 39.08318272924485], [-96.56583877088256, 39.08318272924485], [-96.56583877088256, 39.082913234659614], [-96.56556927629732, 39.082913234659614], [-96.56556927629732, 39.082643740074374], [-96.56529978171208, 39.082643740074374], [-96.56529978171208, 39.082913234659614], [-96.56476079254162, 39.082913234659614], [-96.56476079254162, 39.082643740074374], [-96.56422180337115, 39.082643740074374], [-96.56422180337115, 39.08210475090391], [-96.56368281420067, 39.08210475090391], [-96.56368281420067, 39.082643740074374], [-96.56395230878591, 39.082643740074374], [-96.56395230878591, 39.08318272924485], [-96.56368281420067, 39.08318272924485], [-96.56368281420067, 39.08372171841532], [-96.56395230878591, 39.08372171841532], [-96.56395230878591, 39.083452223830086], [-96.56422180337115, 39.083452223830086], [-96.56422180337115, 39.08372171841532], [-96.56503028712686, 39.08372171841532], [-96.56503028712686, 39.083452223830086], [-96.56529978171208, 39.083452223830086], [-96.56529978171208, 39.08372171841532], [-96.56556927629732, 39.08372171841532], [-96.56556927629732, 39.08399121300056], [-96.56583877088256, 39.08399121300056], [-96.56583877088256, 39.08426070758579], [-96.56529978171208, 39.08426070758579], [-96.56529978171208, 39.08453020217103], [-96.56503028712686, 39.08453020217103], [-96.56503028712686, 39.08426070758579], [-96.56449129795638, 39.08426070758579], [-96.56449129795638, 39.0850691913415], [-96.56422180337115, 39.0850691913415], [-96.56422180337115, 39.085338685926736], [-96.56314382503021, 39.085338685926736], [-96.56314382503021, 39.08587767509721], [-96.56503028712686, 39.08587767509721], [-96.56503028712686, 39.08614716968244], [-96.56556927629732, 39.08614716968244], [-96.56556927629732, 39.08641666426768], [-96.5661082654678, 39.08641666426768], [-96.5661082654678, 39.08695565343815], [-96.56583877088256, 39.08695565343815], [-96.56583877088256, 39.087225148023386], [-96.56529978171208, 39.087225148023386], [-96.56529978171208, 39.08641666426768], [-96.56395230878591, 39.08641666426768], [-96.56395230878591, 39.08668615885291], [-96.56422180337115, 39.08668615885291], [-96.56422180337115, 39.08695565343815], [-96.56449129795638, 39.08695565343815], [-96.56449129795638, 39.087225148023386], [-96.56503028712686, 39.087225148023386], [-96.56503028712686, 39.087494642608625], [-96.56529978171208, 39.087494642608625], [-96.56529978171208, 39.08776413719386], [-96.56583877088256, 39.08776413719386], [-96.56583877088256, 39.087494642608625], [-96.56637776005303, 39.087494642608625], [-96.56637776005303, 39.08857262094956], [-96.56664725463827, 39.08857262094956], [-96.56664725463827, 39.0888421155348], [-96.56691674922351, 39.0888421155348], [-96.56691674922351, 39.089111610120035], [-96.56718624380875, 39.089111610120035], [-96.56718624380875, 39.089381104705275], [-96.56772523297921, 39.089381104705275], [-96.56772523297921, 39.089111610120035], [-96.56799472756445, 39.089111610120035], [-96.56799472756445, 39.089381104705275], [-96.56853371673492, 39.089381104705275], [-96.56853371673492, 39.08992009387575], [-96.56826422214968, 39.08992009387575], [-96.56826422214968, 39.09045908304622], [-96.56853371673492, 39.09045908304622], [-96.56853371673492, 39.09018958846098], [-96.56880321132016, 39.09018958846098], [-96.56880321132016, 39.08992009387575], [-96.5690727059054, 39.08992009387575], [-96.5690727059054, 39.089381104705275], [-96.5698811896611, 39.089381104705275], [-96.5698811896611, 39.08965059929051], [-96.57015068424634, 39.08965059929051], [-96.57015068424634, 39.08992009387575], [-96.57095916800205, 39.08992009387575], [-96.57095916800205, 39.09018958846098], [-96.56961169507586, 39.09018958846098], [-96.56961169507586, 39.08992009387575], [-96.56934220049062, 39.08992009387575], [-96.56934220049062, 39.09045908304622], [-96.57042017883157, 39.09045908304622], [-96.57042017883157, 39.09072857763145], [-96.57068967341681, 39.09072857763145], [-96.57068967341681, 39.09045908304622], [-96.57095916800205, 39.09045908304622], [-96.57095916800205, 39.09072857763145], [-96.57176765175775, 39.09072857763145], [-96.57176765175775, 39.09045908304622], [-96.57203714634299, 39.09045908304622], [-96.57203714634299, 39.09018958846098], [-96.57176765175775, 39.09018958846098], [-96.57176765175775, 39.09045908304622], [-96.57149815717251, 39.09045908304622], [-96.57149815717251, 39.08992009387575], [-96.57203714634299, 39.08992009387575], [-96.57203714634299, 39.08965059929051], [-96.5728456300987, 39.08965059929051], [-96.5728456300987, 39.09018958846098], [-96.57230664092822, 39.09018958846098], [-96.57230664092822, 39.09045908304622], [-96.57257613551346, 39.09045908304622], [-96.57257613551346, 39.09072857763145], [-96.57311512468394, 39.09072857763145], [-96.57311512468394, 39.091267566801925], [-96.57338461926916, 39.091267566801925], [-96.57338461926916, 39.09153706138716], [-96.5736541138544, 39.09153706138716], [-96.5736541138544, 39.091267566801925], [-96.57392360843964, 39.091267566801925], [-96.57392360843964, 39.09099807221669], [-96.57500158678059, 39.09099807221669], [-96.57500158678059, 39.09045908304622], [-96.57554057595105, 39.09045908304622], [-96.57554057595105, 39.09018958846098], [-96.57500158678059, 39.09018958846098], [-96.57500158678059, 39.09045908304622], [-96.57446259761011, 39.09045908304622], [-96.57446259761011, 39.09072857763145], [-96.57392360843964, 39.09072857763145], [-96.57392360843964, 39.09045908304622], [-96.57419310302487, 39.09045908304622], [-96.57419310302487, 39.09018958846098], [-96.5736541138544, 39.09018958846098], [-96.5736541138544, 39.09045908304622], [-96.57338461926916, 39.09045908304622], [-96.57338461926916, 39.09072857763145], [-96.57311512468394, 39.09072857763145], [-96.57311512468394, 39.09018958846098], [-96.57338461926916, 39.09018958846098], [-96.57338461926916, 39.08992009387575], [-96.57311512468394, 39.08992009387575], [-96.57311512468394, 39.08965059929051], [-96.57446259761011, 39.08965059929051], [-96.57446259761011, 39.09018958846098], [-96.57473209219535, 39.09018958846098], [-96.57473209219535, 39.08992009387575], [-96.57607956512153, 39.08992009387575], [-96.57607956512153, 39.08965059929051], [-96.57554057595105, 39.08965059929051], [-96.57554057595105, 39.089381104705275], [-96.57607956512153, 39.089381104705275], [-96.57607956512153, 39.0888421155348], [-96.57769653263294, 39.0888421155348], [-96.57769653263294, 39.089111610120035], [-96.5782355218034, 39.089111610120035], [-96.5782355218034, 39.089381104705275], [-96.57850501638865, 39.089381104705275], [-96.57850501638865, 39.08965059929051], [-96.57877451097389, 39.08965059929051], [-96.57877451097389, 39.08992009387575], [-96.57958299472959, 39.08992009387575], [-96.57958299472959, 39.09018958846098], [-96.57931350014435, 39.09018958846098], [-96.57931350014435, 39.09045908304622], [-96.58012198390006, 39.09045908304622], [-96.58012198390006, 39.09018958846098], [-96.58146945682624, 39.09018958846098], [-96.58146945682624, 39.09045908304622], [-96.58173895141148, 39.09045908304622], [-96.58173895141148, 39.09072857763145], [-96.58227794058195, 39.09072857763145], [-96.58227794058195, 39.09099807221669], [-96.58254743516719, 39.09099807221669], [-96.58254743516719, 39.091267566801925], [-96.58308642433765, 39.091267566801925], [-96.58308642433765, 39.09099807221669], [-96.58335591892289, 39.09099807221669], [-96.58335591892289, 39.091267566801925], [-96.5841644026786, 39.091267566801925], [-96.5841644026786, 39.09153706138716], [-96.58524238101954, 39.09153706138716], [-96.58524238101954, 39.0918065559724], [-96.58497288643431, 39.0918065559724], [-96.58497288643431, 39.09234554514287], [-96.58524238101954, 39.09234554514287], [-96.58524238101954, 39.09207605055763], [-96.58578137019002, 39.09207605055763], [-96.58578137019002, 39.0926150397281], [-96.58605086477525, 39.0926150397281], [-96.58605086477525, 39.09288453431334], [-96.58632035936049, 39.09288453431334], [-96.58632035936049, 39.0926150397281], [-96.58685934853096, 39.0926150397281], [-96.58685934853096, 39.09288453431334], [-96.58712884311619, 39.09288453431334], [-96.58712884311619, 39.095040490995224], [-96.58766783228667, 39.095040490995224], [-96.58766783228667, 39.095848974750936], [-96.58793732687191, 39.095848974750936], [-96.58793732687191, 39.09611846933617], [-96.58820682145713, 39.09611846933617], [-96.58820682145713, 39.09665745850664], [-96.58766783228667, 39.09665745850664], [-96.58766783228667, 39.09719644767711], [-96.58793732687191, 39.09719644767711], [-96.58793732687191, 39.097735436847586], [-96.58820682145713, 39.097735436847586], [-96.58820682145713, 39.09827442601806], [-96.58766783228667, 39.09827442601806], [-96.58766783228667, 39.09881341518853], [-96.58820682145713, 39.09881341518853], [-96.58820682145713, 39.09908290977376], [-96.58928479979808, 39.09908290977376], [-96.58928479979808, 39.099352404359], [-96.58874581062761, 39.099352404359], [-96.58874581062761, 39.099891393529475], [-96.58847631604237, 39.099891393529475], [-96.58847631604237, 39.099352404359], [-96.58766783228667, 39.099352404359], [-96.58766783228667, 39.099621898944235], [-96.58739833770143, 39.099621898944235], [-96.58739833770143, 39.10016088811471], [-96.58712884311619, 39.10016088811471], [-96.58712884311619, 39.10069987728518], [-96.58685934853096, 39.10069987728518], [-96.58685934853096, 39.10043038269994], [-96.58632035936049, 39.10043038269994], [-96.58632035936049, 39.10016088811471], [-96.58578137019002, 39.10016088811471], [-96.58578137019002, 39.099891393529475], [-96.58551187560478, 39.099891393529475], [-96.58551187560478, 39.099621898944235], [-96.58497288643431, 39.099621898944235], [-96.58497288643431, 39.10016088811471], [-96.58470339184908, 39.10016088811471], [-96.58470339184908, 39.10069987728518], [-96.58443389726384, 39.10069987728518], [-96.58443389726384, 39.10096937187041], [-96.5841644026786, 39.10096937187041], [-96.5841644026786, 39.10123886645565], [-96.58308642433765, 39.10123886645565], [-96.58308642433765, 39.10096937187041], [-96.58281692975243, 39.10096937187041], [-96.58281692975243, 39.10069987728518], [-96.58200844599672, 39.10069987728518], [-96.58200844599672, 39.10043038269994], [-96.58146945682624, 39.10043038269994], [-96.58146945682624, 39.10069987728518], [-96.581199962241, 39.10069987728518], [-96.581199962241, 39.10096937187041], [-96.57958299472959, 39.10096937187041], [-96.57958299472959, 39.10069987728518], [-96.57877451097389, 39.10069987728518], [-96.57877451097389, 39.10043038269994], [-96.57769653263294, 39.10043038269994], [-96.57769653263294, 39.10016088811471], [-96.57581007053629, 39.10016088811471], [-96.57581007053629, 39.09908290977376], [-96.57527108136581, 39.09908290977376], [-96.57527108136581, 39.09881341518853], [-96.57473209219535, 39.09881341518853], [-96.57473209219535, 39.09827442601806], [-96.57446259761011, 39.09827442601806], [-96.57446259761011, 39.09800493143282], [-96.57473209219535, 39.09800493143282], [-96.57473209219535, 39.097465942262346], [-96.57446259761011, 39.097465942262346], [-96.57446259761011, 39.09800493143282], [-96.57392360843964, 39.09800493143282], [-96.57392360843964, 39.09827442601806], [-96.5736541138544, 39.09827442601806], [-96.5736541138544, 39.097735436847586], [-96.57338461926916, 39.097735436847586], [-96.57338461926916, 39.097465942262346], [-96.57311512468394, 39.097465942262346], [-96.57311512468394, 39.09719644767711], [-96.5728456300987, 39.09719644767711], [-96.5728456300987, 39.09692695309188], [-96.57257613551346, 39.09692695309188], [-96.57257613551346, 39.09611846933617], [-96.5728456300987, 39.09611846933617], [-96.5728456300987, 39.095848974750936], [-96.57257613551346, 39.095848974750936], [-96.57257613551346, 39.095579480165696], [-96.57203714634299, 39.095579480165696], [-96.57203714634299, 39.095848974750936], [-96.57230664092822, 39.095848974750936], [-96.57230664092822, 39.09638796392141], [-96.57203714634299, 39.09638796392141], [-96.57203714634299, 39.09692695309188], [-96.57176765175775, 39.09692695309188], [-96.57176765175775, 39.095040490995224], [-96.57122866258727, 39.095040490995224], [-96.57122866258727, 39.095309985580464], [-96.57095916800205, 39.095309985580464], [-96.57095916800205, 39.095040490995224], [-96.57068967341681, 39.095040490995224], [-96.57068967341681, 39.09477099640999], [-96.57042017883157, 39.09477099640999], [-96.57042017883157, 39.09450150182475], [-96.56961169507586, 39.09450150182475], [-96.56961169507586, 39.09423200723952], [-96.56880321132016, 39.09423200723952], [-96.56880321132016, 39.09396251265429], [-96.56853371673492, 39.09396251265429], [-96.56853371673492, 39.09369301806905], [-96.56745573839397, 39.09369301806905], [-96.56745573839397, 39.093423523483814], [-96.56637776005303, 39.093423523483814], [-96.56637776005303, 39.093154028898574], [-96.5661082654678, 39.093154028898574], [-96.5661082654678, 39.09288453431334], [-96.56637776005303, 39.09288453431334], [-96.56637776005303, 39.0926150397281], [-96.5661082654678, 39.0926150397281], [-96.5661082654678, 39.09234554514287], [-96.56583877088256, 39.09234554514287], [-96.56583877088256, 39.09288453431334], [-96.56395230878591, 39.09288453431334], [-96.56395230878591, 39.093154028898574], [-96.56368281420067, 39.093154028898574], [-96.56368281420067, 39.093423523483814], [-96.56341331961544, 39.093423523483814], [-96.56341331961544, 39.09369301806905], [-96.56314382503021, 39.09369301806905], [-96.56314382503021, 39.09396251265429], [-96.56287433044497, 39.09396251265429], [-96.56287433044497, 39.093423523483814], [-96.56314382503021, 39.093423523483814], [-96.56314382503021, 39.093154028898574], [-96.56287433044497, 39.093154028898574], [-96.56287433044497, 39.093423523483814], [-96.56260483585973, 39.093423523483814], [-96.56260483585973, 39.09369301806905], [-96.56233534127449, 39.09369301806905], [-96.56233534127449, 39.093423523483814], [-96.56206584668926, 39.093423523483814], [-96.56206584668926, 39.093154028898574], [-96.56179635210403, 39.093154028898574], [-96.56179635210403, 39.09369301806905], [-96.56152685751879, 39.09369301806905], [-96.56152685751879, 39.09207605055763], [-96.56179635210403, 39.09207605055763], [-96.56179635210403, 39.09234554514287], [-96.56206584668926, 39.09234554514287], [-96.56206584668926, 39.09288453431334], [-96.56233534127449, 39.09288453431334], [-96.56233534127449, 39.093154028898574], [-96.56260483585973, 39.093154028898574], [-96.56260483585973, 39.09288453431334], [-96.56233534127449, 39.09288453431334], [-96.56233534127449, 39.0926150397281], [-96.56260483585973, 39.0926150397281], [-96.56260483585973, 39.09234554514287], [-96.56287433044497, 39.09234554514287], [-96.56287433044497, 39.0918065559724], [-96.56233534127449, 39.0918065559724], [-96.56233534127449, 39.09153706138716], [-96.56206584668926, 39.09153706138716], [-96.56206584668926, 39.091267566801925], [-96.56260483585973, 39.091267566801925], [-96.56260483585973, 39.09099807221669], [-96.56206584668926, 39.09099807221669], [-96.56206584668926, 39.09045908304622], [-96.56179635210403, 39.09045908304622], [-96.56179635210403, 39.09018958846098], [-96.56152685751879, 39.09018958846098], [-96.56152685751879, 39.09072857763145], [-96.56125736293356, 39.09072857763145], [-96.56125736293356, 39.09045908304622], [-96.56098786834832, 39.09045908304622], [-96.56098786834832, 39.09018958846098], [-96.56071837376308, 39.09018958846098], [-96.56071837376308, 39.08965059929051], [-96.56017938459262, 39.08965059929051], [-96.56017938459262, 39.08992009387575], [-96.56044887917784, 39.08992009387575], [-96.56044887917784, 39.09072857763145], [-96.56017938459262, 39.09072857763145], [-96.56017938459262, 39.09153706138716], [-96.56071837376308, 39.09153706138716], [-96.56071837376308, 39.09099807221669], [-96.56098786834832, 39.09099807221669], [-96.56098786834832, 39.09153706138716], [-96.56125736293356, 39.09153706138716], [-96.56125736293356, 39.0918065559724], [-96.56152685751879, 39.0918065559724], [-96.56152685751879, 39.09207605055763], [-96.56044887917784, 39.09207605055763], [-96.56044887917784, 39.0926150397281], [-96.55990989000738, 39.0926150397281], [-96.55990989000738, 39.09288453431334], [-96.5593709008369, 39.09288453431334], [-96.5593709008369, 39.093154028898574], [-96.55964039542214, 39.093154028898574], [-96.55964039542214, 39.09396251265429], [-96.55910140625167, 39.09396251265429], [-96.55910140625167, 39.09423200723952], [-96.55883191166643, 39.09423200723952], [-96.55883191166643, 39.09450150182475], [-96.55829292249597, 39.09450150182475], [-96.55829292249597, 39.09423200723952], [-96.55856241708119, 39.09423200723952], [-96.55856241708119, 39.09369301806905], [-96.55883191166643, 39.09369301806905], [-96.55883191166643, 39.09288453431334], [-96.55829292249597, 39.09288453431334], [-96.55829292249597, 39.093423523483814], [-96.55802342791073, 39.093423523483814], [-96.55802342791073, 39.09369301806905], [-96.55775393332549, 39.09369301806905], [-96.55775393332549, 39.093154028898574], [-96.55667595498454, 39.093154028898574], [-96.55667595498454, 39.093423523483814], [-96.5555979766436, 39.093423523483814], [-96.5555979766436, 39.09369301806905], [-96.55478949288789, 39.09369301806905], [-96.55478949288789, 39.093154028898574], [-96.55505898747313, 39.093154028898574], [-96.55505898747313, 39.09288453431334], [-96.55451999830265, 39.09288453431334], [-96.55451999830265, 39.0926150397281], [-96.55505898747313, 39.0926150397281], [-96.55505898747313, 39.09234554514287], [-96.55586747122884, 39.09234554514287], [-96.55586747122884, 39.09207605055763], [-96.55613696581408, 39.09207605055763], [-96.55613696581408, 39.09234554514287], [-96.5564064603993, 39.09234554514287], [-96.5564064603993, 39.09153706138716], [-96.55613696581408, 39.09153706138716], [-96.55613696581408, 39.0918065559724], [-96.55505898747313, 39.0918065559724], [-96.55505898747313, 39.09234554514287], [-96.55425050371743, 39.09234554514287], [-96.55425050371743, 39.09207605055763], [-96.55451999830265, 39.09207605055763], [-96.55451999830265, 39.0918065559724], [-96.55371151454695, 39.0918065559724], [-96.55371151454695, 39.09153706138716], [-96.55344201996171, 39.09153706138716], [-96.55344201996171, 39.093423523483814], [-96.55425050371743, 39.093423523483814], [-96.55425050371743, 39.09369301806905], [-96.55451999830265, 39.09369301806905], [-96.55451999830265, 39.09396251265429], [-96.55586747122884, 39.09396251265429], [-96.55586747122884, 39.09423200723952], [-96.5555979766436, 39.09423200723952], [-96.5555979766436, 39.09450150182475], [-96.55586747122884, 39.09450150182475], [-96.55586747122884, 39.09423200723952], [-96.55613696581408, 39.09423200723952], [-96.55613696581408, 39.09450150182475], [-96.55694544956978, 39.09450150182475], [-96.55694544956978, 39.09423200723952], [-96.55775393332549, 39.09423200723952], [-96.55775393332549, 39.09477099640999], [-96.55802342791073, 39.09477099640999], [-96.55802342791073, 39.095309985580464], [-96.55748443874025, 39.095309985580464], [-96.55748443874025, 39.09611846933617], [-96.55667595498454, 39.09611846933617], [-96.55667595498454, 39.095848974750936], [-96.55694544956978, 39.095848974750936], [-96.55694544956978, 39.095579480165696], [-96.5564064603993, 39.095579480165696], [-96.5564064603993, 39.095848974750936], [-96.55613696581408, 39.095848974750936], [-96.55613696581408, 39.095579480165696], [-96.55586747122884, 39.095579480165696], [-96.55586747122884, 39.095309985580464], [-96.55505898747313, 39.095309985580464], [-96.55505898747313, 39.095579480165696], [-96.5555979766436, 39.095579480165696], [-96.5555979766436, 39.095848974750936], [-96.55613696581408, 39.095848974750936], [-96.55613696581408, 39.09611846933617], [-96.55667595498454, 39.09611846933617], [-96.55667595498454, 39.09692695309188], [-96.55721494415502, 39.09692695309188], [-96.55721494415502, 39.09719644767711], [-96.55748443874025, 39.09719644767711], [-96.55748443874025, 39.097465942262346], [-96.55802342791073, 39.097465942262346], [-96.55802342791073, 39.09719644767711], [-96.55829292249597, 39.09719644767711], [-96.55829292249597, 39.09638796392141], [-96.55883191166643, 39.09638796392141], [-96.55883191166643, 39.09611846933617], [-96.55910140625167, 39.09611846933617], [-96.55910140625167, 39.09638796392141], [-96.5593709008369, 39.09638796392141], [-96.5593709008369, 39.095848974750936], [-96.55910140625167, 39.095848974750936], [-96.55910140625167, 39.095579480165696], [-96.55883191166643, 39.095579480165696], [-96.55883191166643, 39.095848974750936], [-96.55802342791073, 39.095848974750936], [-96.55802342791073, 39.095579480165696], [-96.55829292249597, 39.095579480165696], [-96.55829292249597, 39.095309985580464], [-96.55910140625167, 39.095309985580464], [-96.55910140625167, 39.095040490995224], [-96.55883191166643, 39.095040490995224], [-96.55883191166643, 39.09477099640999], [-96.5593709008369, 39.09477099640999], [-96.5593709008369, 39.095040490995224], [-96.55964039542214, 39.095040490995224], [-96.55964039542214, 39.095848974750936], [-96.55990989000738, 39.095848974750936], [-96.55990989000738, 39.095309985580464], [-96.56017938459262, 39.095309985580464], [-96.56017938459262, 39.095040490995224], [-96.56044887917784, 39.095040490995224], [-96.56044887917784, 39.09477099640999], [-96.56071837376308, 39.09477099640999], [-96.56071837376308, 39.095040490995224], [-96.56098786834832, 39.095040490995224], [-96.56098786834832, 39.09450150182475], [-96.56071837376308, 39.09450150182475], [-96.56071837376308, 39.09423200723952], [-96.56125736293356, 39.09423200723952], [-96.56125736293356, 39.09450150182475], [-96.56179635210403, 39.09450150182475], [-96.56179635210403, 39.09477099640999], [-96.56206584668926, 39.09477099640999], [-96.56206584668926, 39.09450150182475], [-96.56233534127449, 39.09450150182475], [-96.56233534127449, 39.09396251265429], [-96.56260483585973, 39.09396251265429], [-96.56260483585973, 39.09450150182475], [-96.56314382503021, 39.09450150182475], [-96.56314382503021, 39.09423200723952], [-96.56341331961544, 39.09423200723952], [-96.56341331961544, 39.09396251265429], [-96.5661082654678, 39.09396251265429], [-96.5661082654678, 39.09369301806905], [-96.56583877088256, 39.09369301806905], [-96.56583877088256, 39.093154028898574], [-96.5661082654678, 39.093154028898574], [-96.5661082654678, 39.093423523483814], [-96.56637776005303, 39.093423523483814], [-96.56637776005303, 39.09369301806905], [-96.56664725463827, 39.09369301806905], [-96.56664725463827, 39.09396251265429], [-96.56637776005303, 39.09396251265429], [-96.56637776005303, 39.09423200723952], [-96.56664725463827, 39.09423200723952], [-96.56664725463827, 39.09450150182475], [-96.56691674922351, 39.09450150182475], [-96.56691674922351, 39.09423200723952], [-96.56772523297921, 39.09423200723952], [-96.56772523297921, 39.09477099640999], [-96.56799472756445, 39.09477099640999], [-96.56799472756445, 39.095040490995224], [-96.56826422214968, 39.095040490995224], [-96.56826422214968, 39.095848974750936], [-96.56961169507586, 39.095848974750936], [-96.56961169507586, 39.09665745850664], [-96.5698811896611, 39.09665745850664], [-96.5698811896611, 39.09719644767711], [-96.56961169507586, 39.09719644767711], [-96.56961169507586, 39.097465942262346], [-96.5690727059054, 39.097465942262346], [-96.5690727059054, 39.09692695309188], [-96.56772523297921, 39.09692695309188], [-96.56772523297921, 39.09665745850664], [-96.56799472756445, 39.09665745850664], [-96.56799472756445, 39.09611846933617], [-96.56772523297921, 39.09611846933617], [-96.56772523297921, 39.09665745850664], [-96.56718624380875, 39.09665745850664], [-96.56718624380875, 39.09638796392141], [-96.56691674922351, 39.09638796392141], [-96.56691674922351, 39.09665745850664], [-96.56718624380875, 39.09665745850664], [-96.56718624380875, 39.09719644767711], [-96.56691674922351, 39.09719644767711], [-96.56691674922351, 39.097465942262346], [-96.56718624380875, 39.097465942262346], [-96.56718624380875, 39.097735436847586], [-96.56691674922351, 39.097735436847586], [-96.56691674922351, 39.09800493143282], [-96.56664725463827, 39.09800493143282], [-96.56664725463827, 39.09854392060329], [-96.5661082654678, 39.09854392060329], [-96.5661082654678, 39.09827442601806], [-96.56637776005303, 39.09827442601806], [-96.56637776005303, 39.09800493143282], [-96.5661082654678, 39.09800493143282], [-96.5661082654678, 39.097735436847586], [-96.56529978171208, 39.097735436847586], [-96.56529978171208, 39.097465942262346], [-96.56556927629732, 39.097465942262346], [-96.56556927629732, 39.09692695309188], [-96.56583877088256, 39.09692695309188], [-96.56583877088256, 39.09638796392141], [-96.56556927629732, 39.09638796392141], [-96.56556927629732, 39.09692695309188], [-96.56529978171208, 39.09692695309188], [-96.56529978171208, 39.09665745850664], [-96.56368281420067, 39.09665745850664], [-96.56368281420067, 39.09638796392141], [-96.56341331961544, 39.09638796392141], [-96.56341331961544, 39.09611846933617], [-96.56233534127449, 39.09611846933617], [-96.56233534127449, 39.09638796392141], [-96.56179635210403, 39.09638796392141], [-96.56179635210403, 39.09665745850664], [-96.56125736293356, 39.09665745850664], [-96.56125736293356, 39.09692695309188], [-96.56071837376308, 39.09692695309188], [-96.56071837376308, 39.09665745850664], [-96.56044887917784, 39.09665745850664], [-96.56044887917784, 39.09638796392141], [-96.56098786834832, 39.09638796392141], [-96.56098786834832, 39.09611846933617], [-96.56071837376308, 39.09611846933617], [-96.56071837376308, 39.095309985580464], [-96.56044887917784, 39.095309985580464], [-96.56044887917784, 39.09638796392141], [-96.56017938459262, 39.09638796392141], [-96.56017938459262, 39.09611846933617], [-96.55990989000738, 39.09611846933617], [-96.55990989000738, 39.09638796392141], [-96.56017938459262, 39.09638796392141], [-96.56017938459262, 39.09665745850664], [-96.56044887917784, 39.09665745850664], [-96.56044887917784, 39.09692695309188], [-96.56071837376308, 39.09692695309188], [-96.56071837376308, 39.09719644767711], [-96.56017938459262, 39.09719644767711], [-96.56017938459262, 39.097465942262346], [-96.56071837376308, 39.097465942262346], [-96.56071837376308, 39.097735436847586], [-96.56017938459262, 39.097735436847586], [-96.56017938459262, 39.09800493143282], [-96.56044887917784, 39.09800493143282], [-96.56044887917784, 39.09854392060329], [-96.56071837376308, 39.09854392060329], [-96.56071837376308, 39.09881341518853], [-96.56098786834832, 39.09881341518853], [-96.56098786834832, 39.09908290977376], [-96.56071837376308, 39.09908290977376], [-96.56071837376308, 39.099352404359], [-96.56098786834832, 39.099352404359], [-96.56098786834832, 39.09908290977376], [-96.56125736293356, 39.09908290977376], [-96.56125736293356, 39.09881341518853], [-96.56152685751879, 39.09881341518853], [-96.56152685751879, 39.09854392060329], [-96.56179635210403, 39.09854392060329], [-96.56179635210403, 39.099352404359], [-96.56233534127449, 39.099352404359], [-96.56233534127449, 39.09881341518853], [-96.56287433044497, 39.09881341518853], [-96.56287433044497, 39.09908290977376], [-96.56260483585973, 39.09908290977376], [-96.56260483585973, 39.099621898944235], [-96.56287433044497, 39.099621898944235], [-96.56287433044497, 39.099352404359], [-96.56314382503021, 39.099352404359], [-96.56314382503021, 39.09800493143282], [-96.56341331961544, 39.09800493143282], [-96.56341331961544, 39.09827442601806], [-96.56368281420067, 39.09827442601806], [-96.56368281420067, 39.09800493143282], [-96.56341331961544, 39.09800493143282], [-96.56341331961544, 39.097735436847586], [-96.56449129795638, 39.097735436847586], [-96.56449129795638, 39.09800493143282], [-96.56476079254162, 39.09800493143282], [-96.56476079254162, 39.09827442601806], [-96.56503028712686, 39.09827442601806], [-96.56503028712686, 39.09854392060329], [-96.56476079254162, 39.09854392060329], [-96.56476079254162, 39.09881341518853], [-96.56556927629732, 39.09881341518853], [-96.56556927629732, 39.09908290977376], [-96.56529978171208, 39.09908290977376], [-96.56529978171208, 39.099621898944235], [-96.56503028712686, 39.099621898944235], [-96.56503028712686, 39.099891393529475], [-96.56476079254162, 39.099891393529475], [-96.56476079254162, 39.099621898944235], [-96.56449129795638, 39.099621898944235], [-96.56449129795638, 39.099891393529475], [-96.56368281420067, 39.099891393529475], [-96.56368281420067, 39.10043038269994], [-96.56395230878591, 39.10043038269994], [-96.56395230878591, 39.10096937187041], [-96.56368281420067, 39.10096937187041], [-96.56368281420067, 39.10123886645565], [-96.56395230878591, 39.10123886645565], [-96.56395230878591, 39.10096937187041], [-96.56422180337115, 39.10096937187041], [-96.56422180337115, 39.10123886645565], [-96.56556927629732, 39.10123886645565], [-96.56556927629732, 39.10096937187041], [-96.56583877088256, 39.10096937187041], [-96.56583877088256, 39.10069987728518], [-96.56503028712686, 39.10069987728518], [-96.56503028712686, 39.10043038269994], [-96.56529978171208, 39.10043038269994], [-96.56529978171208, 39.10016088811471], [-96.56556927629732, 39.10016088811471], [-96.56556927629732, 39.10043038269994], [-96.56583877088256, 39.10043038269994], [-96.56583877088256, 39.10016088811471], [-96.5661082654678, 39.10016088811471], [-96.5661082654678, 39.099621898944235], [-96.56637776005303, 39.099621898944235], [-96.56637776005303, 39.10016088811471], [-96.56664725463827, 39.10016088811471], [-96.56664725463827, 39.099891393529475], [-96.56718624380875, 39.099891393529475], [-96.56718624380875, 39.10016088811471], [-96.56772523297921, 39.10016088811471], [-96.56772523297921, 39.10043038269994], [-96.56745573839397, 39.10043038269994], [-96.56745573839397, 39.10069987728518], [-96.56799472756445, 39.10069987728518], [-96.56799472756445, 39.099891393529475], [-96.56826422214968, 39.099891393529475], [-96.56826422214968, 39.099621898944235], [-96.56880321132016, 39.099621898944235], [-96.56880321132016, 39.099891393529475], [-96.56853371673492, 39.099891393529475], [-96.56853371673492, 39.10016088811471], [-96.56934220049062, 39.10016088811471], [-96.56934220049062, 39.099891393529475], [-96.5698811896611, 39.099891393529475], [-96.5698811896611, 39.10016088811471], [-96.56961169507586, 39.10016088811471], [-96.56961169507586, 39.10043038269994], [-96.5690727059054, 39.10043038269994], [-96.5690727059054, 39.10069987728518], [-96.5698811896611, 39.10069987728518], [-96.5698811896611, 39.10043038269994], [-96.57042017883157, 39.10043038269994], [-96.57042017883157, 39.10016088811471], [-96.57068967341681, 39.10016088811471], [-96.57068967341681, 39.10043038269994], [-96.57095916800205, 39.10043038269994], [-96.57095916800205, 39.10016088811471], [-96.57122866258727, 39.10016088811471], [-96.57122866258727, 39.09881341518853], [-96.57068967341681, 39.09881341518853], [-96.57068967341681, 39.09908290977376], [-96.56961169507586, 39.09908290977376], [-96.56961169507586, 39.09881341518853], [-96.56934220049062, 39.09881341518853], [-96.56934220049062, 39.09908290977376], [-96.5690727059054, 39.09908290977376], [-96.5690727059054, 39.099352404359], [-96.56880321132016, 39.099352404359], [-96.56880321132016, 39.09881341518853], [-96.56853371673492, 39.09881341518853], [-96.56853371673492, 39.09854392060329], [-96.56826422214968, 39.09854392060329], [-96.56826422214968, 39.09827442601806], [-96.56799472756445, 39.09827442601806], [-96.56799472756445, 39.09854392060329], [-96.56826422214968, 39.09854392060329], [-96.56826422214968, 39.09908290977376], [-96.56853371673492, 39.09908290977376], [-96.56853371673492, 39.099352404359], [-96.56826422214968, 39.099352404359], [-96.56826422214968, 39.099621898944235], [-96.56799472756445, 39.099621898944235], [-96.56799472756445, 39.09881341518853], [-96.56745573839397, 39.09881341518853], [-96.56745573839397, 39.09908290977376], [-96.56691674922351, 39.09908290977376], [-96.56691674922351, 39.09854392060329], [-96.56718624380875, 39.09854392060329], [-96.56718624380875, 39.09827442601806], [-96.56745573839397, 39.09827442601806], [-96.56745573839397, 39.09800493143282], [-96.5698811896611, 39.09800493143282], [-96.5698811896611, 39.09827442601806], [-96.57015068424634, 39.09827442601806], [-96.57015068424634, 39.09854392060329], [-96.57042017883157, 39.09854392060329], [-96.57042017883157, 39.09827442601806], [-96.57015068424634, 39.09827442601806], [-96.57015068424634, 39.09800493143282], [-96.57042017883157, 39.09800493143282], [-96.57042017883157, 39.097735436847586], [-96.57122866258727, 39.097735436847586], [-96.57122866258727, 39.09800493143282], [-96.57203714634299, 39.09800493143282], [-96.57203714634299, 39.09827442601806], [-96.57230664092822, 39.09827442601806], [-96.57230664092822, 39.09854392060329], [-96.57257613551346, 39.09854392060329], [-96.57257613551346, 39.09881341518853], [-96.5728456300987, 39.09881341518853], [-96.5728456300987, 39.09908290977376], [-96.57311512468394, 39.09908290977376], [-96.57311512468394, 39.099352404359], [-96.57338461926916, 39.099352404359], [-96.57338461926916, 39.099621898944235], [-96.5736541138544, 39.099621898944235], [-96.5736541138544, 39.10016088811471], [-96.57392360843964, 39.10016088811471], [-96.57392360843964, 39.10043038269994], [-96.5736541138544, 39.10043038269994], [-96.5736541138544, 39.10096937187041], [-96.57392360843964, 39.10096937187041], [-96.57392360843964, 39.10123886645565], [-96.57338461926916, 39.10123886645565], [-96.57338461926916, 39.101508361040885], [-96.5728456300987, 39.101508361040885], [-96.5728456300987, 39.10204735021136], [-96.57257613551346, 39.10204735021136], [-96.57257613551346, 39.1023168447966], [-96.57230664092822, 39.1023168447966], [-96.57230664092822, 39.10204735021136], [-96.57122866258727, 39.10204735021136], [-96.57122866258727, 39.10258633938183], [-96.57149815717251, 39.10258633938183], [-96.57149815717251, 39.1031253285523], [-96.57176765175775, 39.1031253285523], [-96.57176765175775, 39.10285583396707], [-96.57203714634299, 39.10285583396707], [-96.57203714634299, 39.10258633938183], [-96.5728456300987, 39.10258633938183], [-96.5728456300987, 39.1023168447966], [-96.57311512468394, 39.1023168447966], [-96.57311512468394, 39.10285583396707], [-96.57338461926916, 39.10285583396707], [-96.57338461926916, 39.1031253285523], [-96.5736541138544, 39.1031253285523], [-96.5736541138544, 39.10285583396707], [-96.57338461926916, 39.10285583396707], [-96.57338461926916, 39.10258633938183], [-96.5736541138544, 39.10258633938183], [-96.5736541138544, 39.1023168447966], [-96.57392360843964, 39.1023168447966], [-96.57392360843964, 39.101777855626125], [-96.57473209219535, 39.101777855626125], [-96.57473209219535, 39.10204735021136], [-96.57527108136581, 39.10204735021136], [-96.57527108136581, 39.101777855626125], [-96.57500158678059, 39.101777855626125], [-96.57500158678059, 39.10123886645565], [-96.57581007053629, 39.10123886645565], [-96.57581007053629, 39.10096937187041], [-96.57607956512153, 39.10096937187041], [-96.57607956512153, 39.10123886645565], [-96.57634905970676, 39.10123886645565], [-96.57634905970676, 39.101508361040885], [-96.576618554292, 39.101508361040885], [-96.576618554292, 39.101777855626125], [-96.57688804887724, 39.101777855626125], [-96.57688804887724, 39.101508361040885], [-96.576618554292, 39.101508361040885], [-96.576618554292, 39.10123886645565], [-96.57715754346246, 39.10123886645565], [-96.57715754346246, 39.101508361040885], [-96.57769653263294, 39.101508361040885], [-96.57769653263294, 39.101777855626125], [-96.57796602721818, 39.101777855626125], [-96.57796602721818, 39.10204735021136], [-96.5774270380477, 39.10204735021136], [-96.5774270380477, 39.101777855626125], [-96.57715754346246, 39.101777855626125], [-96.57715754346246, 39.10204735021136], [-96.5774270380477, 39.10204735021136], [-96.5774270380477, 39.1031253285523], [-96.57688804887724, 39.1031253285523], [-96.57688804887724, 39.103664317722775], [-96.576618554292, 39.103664317722775], [-96.576618554292, 39.10393381230801], [-96.57581007053629, 39.10393381230801], [-96.57581007053629, 39.10420330689325], [-96.57554057595105, 39.10420330689325], [-96.57554057595105, 39.10447280147848], [-96.57500158678059, 39.10447280147848], [-96.57500158678059, 39.10393381230801], [-96.57419310302487, 39.10393381230801], [-96.57419310302487, 39.10501179064895], [-96.57392360843964, 39.10501179064895], [-96.57392360843964, 39.105550779819424], [-96.57419310302487, 39.105550779819424], [-96.57419310302487, 39.10501179064895], [-96.57446259761011, 39.10501179064895], [-96.57446259761011, 39.10474229606372], [-96.57473209219535, 39.10474229606372], [-96.57473209219535, 39.10528128523419], [-96.57446259761011, 39.10528128523419], [-96.57446259761011, 39.105820274404664], [-96.57473209219535, 39.105820274404664], [-96.57473209219535, 39.1060897689899], [-96.57500158678059, 39.1060897689899], [-96.57500158678059, 39.105550779819424], [-96.57527108136581, 39.105550779819424], [-96.57527108136581, 39.10528128523419], [-96.57607956512153, 39.10528128523419], [-96.57607956512153, 39.105550779819424], [-96.576618554292, 39.105550779819424], [-96.576618554292, 39.10447280147848], [-96.57715754346246, 39.10447280147848], [-96.57715754346246, 39.10420330689325], [-96.57769653263294, 39.10420330689325], [-96.57769653263294, 39.10393381230801], [-96.57796602721818, 39.10393381230801], [-96.57796602721818, 39.103394823137535], [-96.5782355218034, 39.103394823137535], [-96.5782355218034, 39.1031253285523], [-96.57796602721818, 39.1031253285523], [-96.57796602721818, 39.10258633938183], [-96.57850501638865, 39.10258633938183], [-96.57850501638865, 39.1031253285523], [-96.57985248931483, 39.1031253285523], [-96.57985248931483, 39.103394823137535], [-96.58012198390006, 39.103394823137535], [-96.58012198390006, 39.103664317722775], [-96.57985248931483, 39.103664317722775], [-96.57985248931483, 39.10474229606372], [-96.57958299472959, 39.10474229606372], [-96.57958299472959, 39.10501179064895], [-96.57985248931483, 39.10501179064895], [-96.57985248931483, 39.10474229606372], [-96.58012198390006, 39.10474229606372], [-96.58012198390006, 39.10420330689325], [-96.58066097307054, 39.10420330689325], [-96.58066097307054, 39.10393381230801], [-96.58093046765578, 39.10393381230801], [-96.58093046765578, 39.103664317722775], [-96.58173895141148, 39.103664317722775], [-96.58173895141148, 39.10393381230801], [-96.58335591892289, 39.10393381230801], [-96.58335591892289, 39.10447280147848], [-96.58362541350813, 39.10447280147848], [-96.58362541350813, 39.10420330689325], [-96.58389490809337, 39.10420330689325], [-96.58389490809337, 39.10393381230801], [-96.58443389726384, 39.10393381230801], [-96.58443389726384, 39.10420330689325], [-96.58470339184908, 39.10420330689325], [-96.58470339184908, 39.10447280147848], [-96.5841644026786, 39.10447280147848], [-96.5841644026786, 39.10474229606372], [-96.58443389726384, 39.10474229606372], [-96.58443389726384, 39.10501179064895], [-96.58524238101954, 39.10501179064895], [-96.58524238101954, 39.10474229606372], [-96.58551187560478, 39.10474229606372], [-96.58551187560478, 39.10447280147848], [-96.58605086477525, 39.10447280147848], [-96.58605086477525, 39.10420330689325], [-96.58685934853096, 39.10420330689325], [-96.58685934853096, 39.105550779819424], [-96.58712884311619, 39.105550779819424], [-96.58712884311619, 39.1060897689899], [-96.58739833770143, 39.1060897689899], [-96.58739833770143, 39.1068982527456], [-96.58685934853096, 39.1068982527456], [-96.58685934853096, 39.107437241916074], [-96.58739833770143, 39.107437241916074]], [[-96.59197974565043, 39.09638796392141], [-96.59224924023567, 39.09638796392141], [-96.59224924023567, 39.09611846933617], [-96.59197974565043, 39.09611846933617], [-96.59197974565043, 39.09638796392141]], [[-96.58632035936049, 39.08156576173344], [-96.58658985394572, 39.08156576173344], [-96.58658985394572, 39.0812962671482], [-96.58632035936049, 39.0812962671482], [-96.58632035936049, 39.08156576173344]], [[-96.58632035936049, 39.08210475090391], [-96.58658985394572, 39.08210475090391], [-96.58658985394572, 39.08183525631867], [-96.58632035936049, 39.08183525631867], [-96.58632035936049, 39.08210475090391]], [[-96.5841644026786, 39.074828397102536], [-96.58443389726384, 39.074828397102536], [-96.58443389726384, 39.0745589025173], [-96.5841644026786, 39.0745589025173], [-96.5841644026786, 39.074828397102536]], [[-96.58362541350813, 39.07536738627301], [-96.5841644026786, 39.07536738627301], [-96.5841644026786, 39.075097891687776], [-96.58362541350813, 39.075097891687776], [-96.58362541350813, 39.07536738627301]], [[-96.58362541350813, 39.07644536461395], [-96.58389490809337, 39.07644536461395], [-96.58389490809337, 39.07617587002871], [-96.58362541350813, 39.07617587002871], [-96.58362541350813, 39.07644536461395]], [[-96.58281692975243, 39.0783318267106], [-96.58308642433765, 39.0783318267106], [-96.58308642433765, 39.07806233212537], [-96.58335591892289, 39.07806233212537], [-96.58335591892289, 39.07725384836966], [-96.58308642433765, 39.07725384836966], [-96.58308642433765, 39.07779283754013], [-96.58281692975243, 39.07779283754013], [-96.58281692975243, 39.0783318267106]], [[-96.58200844599672, 39.08021828880725], [-96.58227794058195, 39.08021828880725], [-96.58227794058195, 39.07994879422202], [-96.58281692975243, 39.07994879422202], [-96.58281692975243, 39.07940980505155], [-96.58200844599672, 39.07940980505155], [-96.58200844599672, 39.08021828880725]], [[-96.58335591892289, 39.08426070758579], [-96.58443389726384, 39.08426070758579], [-96.58443389726384, 39.08399121300056], [-96.58497288643431, 39.08399121300056], [-96.58497288643431, 39.08372171841532], [-96.58470339184908, 39.08372171841532], [-96.58470339184908, 39.083452223830086], [-96.58497288643431, 39.083452223830086], [-96.58497288643431, 39.082913234659614], [-96.58551187560478, 39.082913234659614], [-96.58551187560478, 39.083452223830086], [-96.58578137019002, 39.083452223830086], [-96.58578137019002, 39.08318272924485], [-96.58605086477525, 39.08318272924485], [-96.58605086477525, 39.082643740074374], [-96.58551187560478, 39.082643740074374], [-96.58551187560478, 39.08237424548914], [-96.58578137019002, 39.08237424548914], [-96.58578137019002, 39.0812962671482], [-96.58605086477525, 39.0812962671482], [-96.58605086477525, 39.081026772562964], [-96.58632035936049, 39.081026772562964], [-96.58632035936049, 39.07994879422202], [-96.58605086477525, 39.07994879422202], [-96.58605086477525, 39.080757277977725], [-96.58551187560478, 39.080757277977725], [-96.58551187560478, 39.0812962671482], [-96.58524238101954, 39.0812962671482], [-96.58524238101954, 39.08210475090391], [-96.58443389726384, 39.08210475090391], [-96.58443389726384, 39.08237424548914], [-96.5841644026786, 39.08237424548914], [-96.5841644026786, 39.082643740074374], [-96.58389490809337, 39.082643740074374], [-96.58389490809337, 39.082913234659614], [-96.58362541350813, 39.082913234659614], [-96.58362541350813, 39.08318272924485], [-96.58335591892289, 39.08318272924485], [-96.58335591892289, 39.08426070758579]], [[-96.58362541350813, 39.08587767509721], [-96.58389490809337, 39.08587767509721], [-96.58389490809337, 39.08560818051197], [-96.58362541350813, 39.08560818051197], [-96.58362541350813, 39.08587767509721]], [[-96.58389490809337, 39.08695565343815], [-96.5841644026786, 39.08695565343815], [-96.5841644026786, 39.08641666426768], [-96.58389490809337, 39.08641666426768], [-96.58389490809337, 39.08614716968244], [-96.58362541350813, 39.08614716968244], [-96.58362541350813, 39.08668615885291], [-96.58389490809337, 39.08668615885291], [-96.58389490809337, 39.08695565343815]], [[-96.58443389726384, 39.0880336317791], [-96.58470339184908, 39.0880336317791], [-96.58470339184908, 39.087225148023386], [-96.5841644026786, 39.087225148023386], [-96.5841644026786, 39.08776413719386], [-96.58443389726384, 39.08776413719386], [-96.58443389726384, 39.0880336317791]], [[-96.57042017883157, 39.08048778339249], [-96.57095916800205, 39.08048778339249], [-96.57095916800205, 39.08021828880725], [-96.57042017883157, 39.08021828880725], [-96.57042017883157, 39.08048778339249]], [[-96.56799472756445, 39.0812962671482], [-96.56826422214968, 39.0812962671482], [-96.56826422214968, 39.080757277977725], [-96.56799472756445, 39.080757277977725], [-96.56799472756445, 39.0812962671482]], [[-96.56772523297921, 39.08156576173344], [-96.56799472756445, 39.08156576173344], [-96.56799472756445, 39.0812962671482], [-96.56772523297921, 39.0812962671482], [-96.56772523297921, 39.08156576173344]], [[-96.576618554292, 39.087225148023386], [-96.57715754346246, 39.087225148023386], [-96.57715754346246, 39.08695565343815], [-96.57688804887724, 39.08695565343815], [-96.57688804887724, 39.08668615885291], [-96.57634905970676, 39.08668615885291], [-96.57634905970676, 39.08695565343815], [-96.576618554292, 39.08695565343815], [-96.576618554292, 39.087225148023386]], [[-96.57715754346246, 39.087494642608625], [-96.5774270380477, 39.087494642608625], [-96.5774270380477, 39.087225148023386], [-96.57715754346246, 39.087225148023386], [-96.57715754346246, 39.087494642608625]], [[-96.56529978171208, 39.084799696756264], [-96.56556927629732, 39.084799696756264], [-96.56556927629732, 39.08453020217103], [-96.56529978171208, 39.08453020217103], [-96.56529978171208, 39.084799696756264]], [[-96.56583877088256, 39.0850691913415], [-96.56637776005303, 39.0850691913415], [-96.56637776005303, 39.084799696756264], [-96.56583877088256, 39.084799696756264], [-96.56583877088256, 39.0850691913415]], [[-96.5690727059054, 39.08587767509721], [-96.56961169507586, 39.08587767509721], [-96.56961169507586, 39.08560818051197], [-96.56934220049062, 39.08560818051197], [-96.56934220049062, 39.085338685926736], [-96.56961169507586, 39.085338685926736], [-96.56961169507586, 39.0850691913415], [-96.5690727059054, 39.0850691913415], [-96.5690727059054, 39.085338685926736], [-96.56880321132016, 39.085338685926736], [-96.56880321132016, 39.08560818051197], [-96.5690727059054, 39.08560818051197], [-96.5690727059054, 39.08587767509721]], [[-96.56637776005303, 39.08614716968244], [-96.56664725463827, 39.08614716968244], [-96.56664725463827, 39.08587767509721], [-96.56637776005303, 39.08587767509721], [-96.56637776005303, 39.08614716968244]], [[-96.5661082654678, 39.08641666426768], [-96.56637776005303, 39.08641666426768], [-96.56637776005303, 39.08614716968244], [-96.5661082654678, 39.08614716968244], [-96.5661082654678, 39.08641666426768]], [[-96.57176765175775, 39.087494642608625], [-96.57203714634299, 39.087494642608625], [-96.57203714634299, 39.087225148023386], [-96.57176765175775, 39.087225148023386], [-96.57176765175775, 39.087494642608625]], [[-96.57068967341681, 39.087494642608625], [-96.57095916800205, 39.087494642608625], [-96.57095916800205, 39.08668615885291], [-96.57015068424634, 39.08668615885291], [-96.57015068424634, 39.08695565343815], [-96.57042017883157, 39.08695565343815], [-96.57042017883157, 39.087225148023386], [-96.57068967341681, 39.087225148023386], [-96.57068967341681, 39.087494642608625]], [[-96.56637776005303, 39.087494642608625], [-96.56664725463827, 39.087494642608625], [-96.56664725463827, 39.087225148023386], [-96.56637776005303, 39.087225148023386], [-96.56637776005303, 39.087494642608625]], [[-96.57203714634299, 39.08776413719386], [-96.57257613551346, 39.08776413719386], [-96.57257613551346, 39.087494642608625], [-96.57203714634299, 39.087494642608625], [-96.57203714634299, 39.08776413719386]], [[-96.56691674922351, 39.08776413719386], [-96.56826422214968, 39.08776413719386], [-96.56826422214968, 39.087494642608625], [-96.56853371673492, 39.087494642608625], [-96.56853371673492, 39.087225148023386], [-96.56799472756445, 39.087225148023386], [-96.56799472756445, 39.08668615885291], [-96.56745573839397, 39.08668615885291], [-96.56745573839397, 39.08695565343815], [-96.56718624380875, 39.08695565343815], [-96.56718624380875, 39.08668615885291], [-96.56664725463827, 39.08668615885291], [-96.56664725463827, 39.087225148023386], [-96.56691674922351, 39.087225148023386], [-96.56691674922351, 39.08776413719386]], [[-96.56880321132016, 39.0880336317791], [-96.5690727059054, 39.0880336317791], [-96.5690727059054, 39.08776413719386], [-96.56880321132016, 39.08776413719386], [-96.56880321132016, 39.0880336317791]], [[-96.5728456300987, 39.0888421155348], [-96.57338461926916, 39.0888421155348], [-96.57338461926916, 39.08857262094956], [-96.5728456300987, 39.08857262094956], [-96.5728456300987, 39.0888421155348]], [[-96.57230664092822, 39.0888421155348], [-96.57257613551346, 39.0888421155348], [-96.57257613551346, 39.08857262094956], [-96.57230664092822, 39.08857262094956], [-96.57230664092822, 39.0888421155348]], [[-96.56880321132016, 39.0888421155348], [-96.5690727059054, 39.0888421155348], [-96.5690727059054, 39.08857262094956], [-96.56880321132016, 39.08857262094956], [-96.56880321132016, 39.0888421155348]], [[-96.56691674922351, 39.0888421155348], [-96.56718624380875, 39.0888421155348], [-96.56718624380875, 39.08857262094956], [-96.56691674922351, 39.08857262094956], [-96.56691674922351, 39.0888421155348]], [[-96.57042017883157, 39.089111610120035], [-96.57176765175775, 39.089111610120035], [-96.57176765175775, 39.0888421155348], [-96.57149815717251, 39.0888421155348], [-96.57149815717251, 39.08857262094956], [-96.57095916800205, 39.08857262094956], [-96.57095916800205, 39.08830312636433], [-96.57122866258727, 39.08830312636433], [-96.57122866258727, 39.0880336317791], [-96.57068967341681, 39.0880336317791], [-96.57068967341681, 39.08776413719386], [-96.57042017883157, 39.08776413719386], [-96.57042017883157, 39.0880336317791], [-96.5698811896611, 39.0880336317791], [-96.5698811896611, 39.08857262094956], [-96.57015068424634, 39.08857262094956], [-96.57015068424634, 39.08830312636433], [-96.57068967341681, 39.08830312636433], [-96.57068967341681, 39.08857262094956], [-96.57015068424634, 39.08857262094956], [-96.57015068424634, 39.0888421155348], [-96.57042017883157, 39.0888421155348], [-96.57042017883157, 39.089111610120035]], [[-96.58632035936049, 39.09099807221669], [-96.58658985394572, 39.09099807221669], [-96.58658985394572, 39.09072857763145], [-96.58632035936049, 39.09072857763145], [-96.58632035936049, 39.09099807221669]], [[-96.58658985394572, 39.09153706138716], [-96.58712884311619, 39.09153706138716], [-96.58712884311619, 39.09099807221669], [-96.58658985394572, 39.09099807221669], [-96.58658985394572, 39.09153706138716]], [[-96.58739833770143, 39.09207605055763], [-96.58766783228667, 39.09207605055763], [-96.58766783228667, 39.09153706138716], [-96.58712884311619, 39.09153706138716], [-96.58712884311619, 39.0918065559724], [-96.58739833770143, 39.0918065559724], [-96.58739833770143, 39.09207605055763]], [[-96.58578137019002, 39.09207605055763], [-96.58605086477525, 39.09207605055763], [-96.58605086477525, 39.0918065559724], [-96.58578137019002, 39.0918065559724], [-96.58578137019002, 39.09207605055763]], [[-96.58820682145713, 39.09234554514287], [-96.58874581062761, 39.09234554514287], [-96.58874581062761, 39.09207605055763], [-96.58847631604237, 39.09207605055763], [-96.58847631604237, 39.0918065559724], [-96.58820682145713, 39.0918065559724], [-96.58820682145713, 39.09234554514287]], [[-96.58766783228667, 39.09234554514287], [-96.58793732687191, 39.09234554514287], [-96.58793732687191, 39.09207605055763], [-96.58766783228667, 39.09207605055763], [-96.58766783228667, 39.09234554514287]], [[-96.58739833770143, 39.09450150182475], [-96.58766783228667, 39.09450150182475], [-96.58766783228667, 39.09396251265429], [-96.58739833770143, 39.09396251265429], [-96.58739833770143, 39.09450150182475]], [[-96.58820682145713, 39.095848974750936], [-96.58847631604237, 39.095848974750936], [-96.58847631604237, 39.095309985580464], [-96.58820682145713, 39.095309985580464], [-96.58820682145713, 39.095848974750936]], [[-96.58955429438332, 39.09692695309188], [-96.58982378896856, 39.09692695309188], [-96.58982378896856, 39.09638796392141], [-96.58955429438332, 39.09638796392141], [-96.58955429438332, 39.09692695309188]], [[-96.58901530521284, 39.09827442601806], [-96.59009328355378, 39.09827442601806], [-96.59009328355378, 39.09800493143282], [-96.59036277813902, 39.09800493143282], [-96.59036277813902, 39.097735436847586], [-96.59009328355378, 39.097735436847586], [-96.59009328355378, 39.097465942262346], [-96.59036277813902, 39.097465942262346], [-96.59036277813902, 39.09719644767711], [-96.58955429438332, 39.09719644767711], [-96.58955429438332, 39.09692695309188], [-96.58928479979808, 39.09692695309188], [-96.58928479979808, 39.09719644767711], [-96.58874581062761, 39.09719644767711], [-96.58874581062761, 39.097735436847586], [-96.58901530521284, 39.097735436847586], [-96.58901530521284, 39.09827442601806]], [[-96.59117126189473, 39.09908290977376], [-96.59144075647997, 39.09908290977376], [-96.59144075647997, 39.09881341518853], [-96.59117126189473, 39.09881341518853], [-96.59117126189473, 39.09908290977376]], [[-96.58928479979808, 39.09908290977376], [-96.58955429438332, 39.09908290977376], [-96.58955429438332, 39.09881341518853], [-96.58928479979808, 39.09881341518853], [-96.58928479979808, 39.09908290977376]], [[-96.5909017673095, 39.099891393529475], [-96.59144075647997, 39.099891393529475], [-96.59144075647997, 39.099621898944235], [-96.59117126189473, 39.099621898944235], [-96.59117126189473, 39.099352404359], [-96.5909017673095, 39.099352404359], [-96.5909017673095, 39.099891393529475]], [[-96.59063227272426, 39.10016088811471], [-96.5909017673095, 39.10016088811471], [-96.5909017673095, 39.099891393529475], [-96.59063227272426, 39.099891393529475], [-96.59063227272426, 39.10016088811471]], [[-96.59144075647997, 39.10069987728518], [-96.59197974565043, 39.10069987728518], [-96.59197974565043, 39.10043038269994], [-96.59224924023567, 39.10043038269994], [-96.59224924023567, 39.10016088811471], [-96.59197974565043, 39.10016088811471], [-96.59197974565043, 39.099891393529475], [-96.59171025106521, 39.099891393529475], [-96.59171025106521, 39.10016088811471], [-96.59144075647997, 39.10016088811471], [-96.59144075647997, 39.10069987728518]], [[-96.59224924023567, 39.10096937187041], [-96.59251873482091, 39.10096937187041], [-96.59251873482091, 39.10043038269994], [-96.59224924023567, 39.10043038269994], [-96.59224924023567, 39.10096937187041]], [[-96.56449129795638, 39.093423523483814], [-96.56476079254162, 39.093423523483814], [-96.56476079254162, 39.093154028898574], [-96.56449129795638, 39.093154028898574], [-96.56449129795638, 39.093423523483814]], [[-96.56422180337115, 39.09369301806905], [-96.56449129795638, 39.09369301806905], [-96.56449129795638, 39.093423523483814], [-96.56422180337115, 39.093423523483814], [-96.56422180337115, 39.09369301806905]], [[-96.56152685751879, 39.09153706138716], [-96.56179635210403, 39.09153706138716], [-96.56179635210403, 39.09072857763145], [-96.56152685751879, 39.09072857763145], [-96.56152685751879, 39.09153706138716]], [[-96.56044887917784, 39.09288453431334], [-96.56071837376308, 39.09288453431334], [-96.56071837376308, 39.0926150397281], [-96.56044887917784, 39.0926150397281], [-96.56044887917784, 39.09288453431334]], [[-96.56044887917784, 39.09369301806905], [-96.56071837376308, 39.09369301806905], [-96.56071837376308, 39.093154028898574], [-96.56017938459262, 39.093154028898574], [-96.56017938459262, 39.093423523483814], [-96.56044887917784, 39.093423523483814], [-96.56044887917784, 39.09369301806905]], [[-96.55990989000738, 39.09396251265429], [-96.56044887917784, 39.09396251265429], [-96.56044887917784, 39.09369301806905], [-96.55990989000738, 39.09369301806905], [-96.55990989000738, 39.09396251265429]], [[-96.55371151454695, 39.0926150397281], [-96.55425050371743, 39.0926150397281], [-96.55425050371743, 39.09234554514287], [-96.55371151454695, 39.09234554514287], [-96.55371151454695, 39.0926150397281]], [[-96.55425050371743, 39.093423523483814], [-96.55451999830265, 39.093423523483814], [-96.55451999830265, 39.093154028898574], [-96.55425050371743, 39.093154028898574], [-96.55425050371743, 39.093423523483814]], [[-96.5564064603993, 39.09396251265429], [-96.55667595498454, 39.09396251265429], [-96.55667595498454, 39.09369301806905], [-96.5564064603993, 39.09369301806905], [-96.5564064603993, 39.09396251265429]], [[-96.56179635210403, 39.09450150182475], [-96.56206584668926, 39.09450150182475], [-96.56206584668926, 39.09396251265429], [-96.56152685751879, 39.09396251265429], [-96.56152685751879, 39.09423200723952], [-96.56179635210403, 39.09423200723952], [-96.56179635210403, 39.09450150182475]], [[-96.55990989000738, 39.09450150182475], [-96.56017938459262, 39.09450150182475], [-96.56017938459262, 39.09423200723952], [-96.55990989000738, 39.09423200723952], [-96.55990989000738, 39.09450150182475]], [[-96.55829292249597, 39.095040490995224], [-96.55856241708119, 39.095040490995224], [-96.55856241708119, 39.09477099640999], [-96.55829292249597, 39.09477099640999], [-96.55829292249597, 39.095040490995224]], [[-96.5698811896611, 39.09611846933617], [-96.57042017883157, 39.09611846933617], [-96.57042017883157, 39.095579480165696], [-96.57015068424634, 39.095579480165696], [-96.57015068424634, 39.095848974750936], [-96.5698811896611, 39.095848974750936], [-96.5698811896611, 39.09611846933617]], [[-96.57015068424634, 39.09692695309188], [-96.57042017883157, 39.09692695309188], [-96.57042017883157, 39.09665745850664], [-96.57015068424634, 39.09665745850664], [-96.57015068424634, 39.09692695309188]], [[-96.57042017883157, 39.09719644767711], [-96.57068967341681, 39.09719644767711], [-96.57068967341681, 39.09692695309188], [-96.57042017883157, 39.09692695309188], [-96.57042017883157, 39.09719644767711]], [[-96.56260483585973, 39.09692695309188], [-96.56314382503021, 39.09692695309188], [-96.56314382503021, 39.09638796392141], [-96.56287433044497, 39.09638796392141], [-96.56287433044497, 39.09665745850664], [-96.56260483585973, 39.09665745850664], [-96.56260483585973, 39.09692695309188]], [[-96.56368281420067, 39.09719644767711], [-96.56395230878591, 39.09719644767711], [-96.56395230878591, 39.09692695309188], [-96.56368281420067, 39.09692695309188], [-96.56368281420067, 39.09719644767711]], [[-96.56098786834832, 39.097735436847586], [-96.56206584668926, 39.097735436847586], [-96.56206584668926, 39.09719644767711], [-96.56098786834832, 39.09719644767711], [-96.56098786834832, 39.097735436847586]], [[-96.56233534127449, 39.09854392060329], [-96.56260483585973, 39.09854392060329], [-96.56260483585973, 39.09827442601806], [-96.56233534127449, 39.09827442601806], [-96.56233534127449, 39.09854392060329]], [[-96.56664725463827, 39.099621898944235], [-96.56691674922351, 39.099621898944235], [-96.56691674922351, 39.09908290977376], [-96.56664725463827, 39.09908290977376], [-96.56664725463827, 39.099621898944235]], [[-96.57042017883157, 39.099891393529475], [-96.57068967341681, 39.099891393529475], [-96.57068967341681, 39.099621898944235], [-96.57095916800205, 39.099621898944235], [-96.57095916800205, 39.099352404359], [-96.57042017883157, 39.099352404359], [-96.57042017883157, 39.099891393529475]], [[-96.57527108136581, 39.10016088811471], [-96.57554057595105, 39.10016088811471], [-96.57554057595105, 39.099891393529475], [-96.57527108136581, 39.099891393529475], [-96.57527108136581, 39.10016088811471]], [[-96.57068967341681, 39.10016088811471], [-96.57095916800205, 39.10016088811471], [-96.57095916800205, 39.099891393529475], [-96.57068967341681, 39.099891393529475], [-96.57068967341681, 39.10016088811471]], [[-96.56449129795638, 39.10043038269994], [-96.56476079254162, 39.10043038269994], [-96.56476079254162, 39.099891393529475], [-96.56449129795638, 39.099891393529475], [-96.56449129795638, 39.10043038269994]], [[-96.57500158678059, 39.10069987728518], [-96.57554057595105, 39.10069987728518], [-96.57554057595105, 39.10043038269994], [-96.57527108136581, 39.10043038269994], [-96.57527108136581, 39.10016088811471], [-96.57500158678059, 39.10016088811471], [-96.57500158678059, 39.10069987728518]], [[-96.58739833770143, 39.10204735021136], [-96.58766783228667, 39.10204735021136], [-96.58766783228667, 39.101508361040885], [-96.58793732687191, 39.101508361040885], [-96.58793732687191, 39.10123886645565], [-96.58820682145713, 39.10123886645565], [-96.58820682145713, 39.10096937187041], [-96.58874581062761, 39.10096937187041], [-96.58874581062761, 39.10123886645565], [-96.59036277813902, 39.10123886645565], [-96.59036277813902, 39.101508361040885], [-96.5909017673095, 39.101508361040885], [-96.5909017673095, 39.10123886645565], [-96.59063227272426, 39.10123886645565], [-96.59063227272426, 39.10096937187041], [-96.59036277813902, 39.10096937187041], [-96.59036277813902, 39.10069987728518], [-96.59009328355378, 39.10069987728518], [-96.59009328355378, 39.10016088811471], [-96.58982378896856, 39.10016088811471], [-96.58982378896856, 39.099891393529475], [-96.58955429438332, 39.099891393529475], [-96.58955429438332, 39.10043038269994], [-96.58901530521284, 39.10043038269994], [-96.58901530521284, 39.10069987728518], [-96.58874581062761, 39.10069987728518], [-96.58874581062761, 39.10043038269994], [-96.58901530521284, 39.10043038269994], [-96.58901530521284, 39.10016088811471], [-96.58820682145713, 39.10016088811471], [-96.58820682145713, 39.10043038269994], [-96.58793732687191, 39.10043038269994], [-96.58793732687191, 39.10069987728518], [-96.58766783228667, 39.10069987728518], [-96.58766783228667, 39.10096937187041], [-96.58685934853096, 39.10096937187041], [-96.58685934853096, 39.101508361040885], [-96.58712884311619, 39.101508361040885], [-96.58712884311619, 39.101777855626125], [-96.58739833770143, 39.101777855626125], [-96.58739833770143, 39.10204735021136]], [[-96.59359671316186, 39.10285583396707], [-96.5938662077471, 39.10285583396707], [-96.5938662077471, 39.10204735021136], [-96.59359671316186, 39.10204735021136], [-96.59359671316186, 39.101777855626125], [-96.59332721857662, 39.101777855626125], [-96.59332721857662, 39.101508361040885], [-96.59305772399138, 39.101508361040885], [-96.59305772399138, 39.10123886645565], [-96.59251873482091, 39.10123886645565], [-96.59251873482091, 39.101508361040885], [-96.59278822940615, 39.101508361040885], [-96.59278822940615, 39.101777855626125], [-96.59144075647997, 39.101777855626125], [-96.59144075647997, 39.1023168447966], [-96.59224924023567, 39.1023168447966], [-96.59224924023567, 39.10204735021136], [-96.59332721857662, 39.10204735021136], [-96.59332721857662, 39.1023168447966], [-96.59359671316186, 39.1023168447966], [-96.59359671316186, 39.10285583396707]], [[-96.58820682145713, 39.10285583396707], [-96.58847631604237, 39.10285583396707], [-96.58847631604237, 39.10258633938183], [-96.58820682145713, 39.10258633938183], [-96.58820682145713, 39.10285583396707]], [[-96.58389490809337, 39.1031253285523], [-96.5841644026786, 39.1031253285523], [-96.5841644026786, 39.10285583396707], [-96.58389490809337, 39.10285583396707], [-96.58389490809337, 39.1031253285523]], [[-96.58281692975243, 39.1031253285523], [-96.58308642433765, 39.1031253285523], [-96.58308642433765, 39.10285583396707], [-96.58281692975243, 39.10285583396707], [-96.58281692975243, 39.1031253285523]], [[-96.59251873482091, 39.103394823137535], [-96.59305772399138, 39.103394823137535], [-96.59305772399138, 39.1031253285523], [-96.59332721857662, 39.1031253285523], [-96.59332721857662, 39.10258633938183], [-96.59305772399138, 39.10258633938183], [-96.59305772399138, 39.1023168447966], [-96.59251873482091, 39.1023168447966], [-96.59251873482091, 39.10258633938183], [-96.59224924023567, 39.10258633938183], [-96.59224924023567, 39.10285583396707], [-96.59251873482091, 39.10285583396707], [-96.59251873482091, 39.103394823137535]], [[-96.58335591892289, 39.103394823137535], [-96.58362541350813, 39.103394823137535], [-96.58362541350813, 39.1031253285523], [-96.58335591892289, 39.1031253285523], [-96.58335591892289, 39.103394823137535]], [[-96.58362541350813, 39.10393381230801], [-96.58389490809337, 39.10393381230801], [-96.58389490809337, 39.103664317722775], [-96.58362541350813, 39.103664317722775], [-96.58362541350813, 39.10393381230801]], [[-96.58685934853096, 39.10420330689325], [-96.58766783228667, 39.10420330689325], [-96.58766783228667, 39.10393381230801], [-96.58739833770143, 39.10393381230801], [-96.58739833770143, 39.103664317722775], [-96.58712884311619, 39.103664317722775], [-96.58712884311619, 39.103394823137535], [-96.58685934853096, 39.103394823137535], [-96.58685934853096, 39.1031253285523], [-96.58632035936049, 39.1031253285523], [-96.58632035936049, 39.10285583396707], [-96.58605086477525, 39.10285583396707], [-96.58605086477525, 39.10258633938183], [-96.58524238101954, 39.10258633938183], [-96.58524238101954, 39.10285583396707], [-96.58497288643431, 39.10285583396707], [-96.58497288643431, 39.103394823137535], [-96.58578137019002, 39.103394823137535], [-96.58578137019002, 39.103664317722775], [-96.58658985394572, 39.103664317722775], [-96.58658985394572, 39.10393381230801], [-96.58685934853096, 39.10393381230801], [-96.58685934853096, 39.10420330689325]], [[-96.58551187560478, 39.10420330689325], [-96.58578137019002, 39.10420330689325], [-96.58578137019002, 39.10393381230801], [-96.58551187560478, 39.10393381230801], [-96.58551187560478, 39.10420330689325]], [[-96.58497288643431, 39.10447280147848], [-96.58551187560478, 39.10447280147848], [-96.58551187560478, 39.10420330689325], [-96.58497288643431, 39.10420330689325], [-96.58497288643431, 39.10447280147848]], [[-96.57446259761011, 39.10447280147848], [-96.57473209219535, 39.10447280147848], [-96.57473209219535, 39.10420330689325], [-96.57446259761011, 39.10420330689325], [-96.57446259761011, 39.10447280147848]], [[-96.58793732687191, 39.10501179064895], [-96.58820682145713, 39.10501179064895], [-96.58820682145713, 39.10474229606372], [-96.58793732687191, 39.10474229606372], [-96.58793732687191, 39.10501179064895]]]}, "id": "-358401+145113", "properties": {"count": 3718, "label": 0}}, {"type": "Feature", "geometry": {"geodesic": false, "type": "Polygon", "coordinates": [[[-96.58820682145713, 39.10959319859796], [-96.58820682145713, 39.10932370401273], [-96.58874581062761, 39.10932370401273], [-96.58874581062761, 39.10959319859796], [-96.58955429438332, 39.10959319859796], [-96.58955429438332, 39.10905420942749], [-96.58820682145713, 39.10905420942749], [-96.58820682145713, 39.10932370401273], [-96.58739833770143, 39.10932370401273], [-96.58739833770143, 39.10905420942749], [-96.58685934853096, 39.10905420942749], [-96.58685934853096, 39.10959319859796], [-96.58820682145713, 39.10959319859796]]]}, "id": "-358401+145121", "properties": {"count": 15, "label": 0}}, {"type": "Feature", "geometry": {"geodesic": false, "type": "Polygon", "coordinates": [[[-96.58739833770143, 39.095848974750936], [-96.58712884311619, 39.095848974750936], [-96.58712884311619, 39.09611846933617], [-96.58739833770143, 39.09611846933617], [-96.58739833770143, 39.095848974750936]]]}, "id": "-358402+145071", "properties": {"count": 1, "label": 0}}, {"type": "Feature", "geometry": {"geodesic": false, "type": "Polygon", "coordinates": [[[-96.58766783228667, 39.09396251265429], [-96.58739833770143, 39.09396251265429], [-96.58739833770143, 39.09450150182475], [-96.58766783228667, 39.09450150182475], [-96.58766783228667, 39.09396251265429]]]}, "id": "-358403+145065", "properties": {"count": 2, "label": 1}}, {"type": "Feature", "geometry": {"geodesic": false, "type": "Polygon", "coordinates": [[[-96.58766783228667, 39.10204735021136], [-96.58766783228667, 39.101508361040885], [-96.58793732687191, 39.101508361040885], [-96.58793732687191, 39.10123886645565], [-96.58820682145713, 39.10123886645565], [-96.58820682145713, 39.10096937187041], [-96.58874581062761, 39.10096937187041], [-96.58874581062761, 39.10123886645565], [-96.59036277813902, 39.10123886645565], [-96.59036277813902, 39.101508361040885], [-96.5909017673095, 39.101508361040885], [-96.5909017673095, 39.10123886645565], [-96.59063227272426, 39.10123886645565], [-96.59063227272426, 39.10096937187041], [-96.59036277813902, 39.10096937187041], [-96.59036277813902, 39.10069987728518], [-96.59009328355378, 39.10069987728518], [-96.59009328355378, 39.10016088811471], [-96.58982378896856, 39.10016088811471], [-96.58982378896856, 39.099891393529475], [-96.58955429438332, 39.099891393529475], [-96.58955429438332, 39.10043038269994], [-96.58901530521284, 39.10043038269994], [-96.58901530521284, 39.10016088811471], [-96.58820682145713, 39.10016088811471], [-96.58820682145713, 39.10043038269994], [-96.58793732687191, 39.10043038269994], [-96.58793732687191, 39.10069987728518], [-96.58766783228667, 39.10069987728518], [-96.58766783228667, 39.10096937187041], [-96.58685934853096, 39.10096937187041], [-96.58685934853096, 39.101508361040885], [-96.58712884311619, 39.101508361040885], [-96.58712884311619, 39.101777855626125], [-96.58739833770143, 39.101777855626125], [-96.58739833770143, 39.10204735021136], [-96.58766783228667, 39.10204735021136]], [[-96.58874581062761, 39.10069987728518], [-96.58901530521284, 39.10069987728518], [-96.58901530521284, 39.10043038269994], [-96.58874581062761, 39.10043038269994], [-96.58874581062761, 39.10069987728518]]]}, "id": "-358403+145093", "properties": {"count": 44, "label": 1}}, {"type": "Feature", "geometry": {"geodesic": false, "type": "Polygon", "coordinates": [[[-96.58793732687191, 39.09234554514287], [-96.58793732687191, 39.09207605055763], [-96.58766783228667, 39.09207605055763], [-96.58766783228667, 39.09153706138716], [-96.58712884311619, 39.09153706138716], [-96.58712884311619, 39.09099807221669], [-96.58658985394572, 39.09099807221669], [-96.58658985394572, 39.09072857763145], [-96.58632035936049, 39.09072857763145], [-96.58632035936049, 39.09099807221669], [-96.58658985394572, 39.09099807221669], [-96.58658985394572, 39.09153706138716], [-96.58712884311619, 39.09153706138716], [-96.58712884311619, 39.0918065559724], [-96.58739833770143, 39.0918065559724], [-96.58739833770143, 39.09207605055763], [-96.58766783228667, 39.09207605055763], [-96.58766783228667, 39.09234554514287], [-96.58793732687191, 39.09234554514287]]]}, "id": "-358404+145057", "properties": {"count": 9, "label": 1}}, {"type": "Feature", "geometry": {"geodesic": false, "type": "Polygon", "coordinates": [[[-96.58820682145713, 39.083452223830086], [-96.58793732687191, 39.083452223830086], [-96.58793732687191, 39.08372171841532], [-96.58820682145713, 39.08372171841532], [-96.58820682145713, 39.083452223830086]]]}, "id": "-358405+145025", "properties": {"count": 1, "label": 0}}, {"type": "Feature", "geometry": {"geodesic": false, "type": "Polygon", "coordinates": [[[-96.58820682145713, 39.10474229606372], [-96.58793732687191, 39.10474229606372], [-96.58793732687191, 39.10501179064895], [-96.58820682145713, 39.10501179064895], [-96.58820682145713, 39.10474229606372]]]}, "id": "-358405+145104", "properties": {"count": 1, "label": 1}}, {"type": "Feature", "geometry": {"geodesic": false, "type": "Polygon", "coordinates": [[[-96.58847631604237, 39.095309985580464], [-96.58820682145713, 39.095309985580464], [-96.58820682145713, 39.095848974750936], [-96.58847631604237, 39.095848974750936], [-96.58847631604237, 39.095309985580464]]]}, "id": "-358406+145070", "properties": {"count": 2, "label": 1}}, {"type": "Feature", "geometry": {"geodesic": false, "type": "Polygon", "coordinates": [[[-96.58847631604237, 39.10258633938183], [-96.58820682145713, 39.10258633938183], [-96.58820682145713, 39.10285583396707], [-96.58847631604237, 39.10285583396707], [-96.58847631604237, 39.10258633938183]]]}, "id": "-358406+145096", "properties": {"count": 1, "label": 1}}, {"type": "Feature", "geometry": {"geodesic": false, "type": "Polygon", "coordinates": [[[-96.58874581062761, 39.08183525631867], [-96.58847631604237, 39.08183525631867], [-96.58847631604237, 39.08237424548914], [-96.58874581062761, 39.08237424548914], [-96.58874581062761, 39.08183525631867]]]}, "id": "-358407+145020", "properties": {"count": 2, "label": 0}}, {"type": "Feature", "geometry": {"geodesic": false, "type": "Polygon", "coordinates": [[[-96.58901530521284, 39.084799696756264], [-96.58874581062761, 39.084799696756264], [-96.58874581062761, 39.085338685926736], [-96.58901530521284, 39.085338685926736], [-96.58901530521284, 39.084799696756264]]]}, "id": "-358408+145031", "properties": {"count": 2, "label": 0}}, {"type": "Feature", "geometry": {"geodesic": false, "type": "Polygon", "coordinates": [[[-96.58901530521284, 39.11094067152414], [-96.58901530521284, 39.11067117693891], [-96.58928479979808, 39.11067117693891], [-96.58928479979808, 39.110132187768436], [-96.58955429438332, 39.110132187768436], [-96.58955429438332, 39.109862693183196], [-96.58982378896856, 39.109862693183196], [-96.58982378896856, 39.10932370401273], [-96.59009328355378, 39.10932370401273], [-96.59009328355378, 39.108245725671786], [-96.58982378896856, 39.108245725671786], [-96.58982378896856, 39.107976231086546], [-96.58955429438332, 39.107976231086546], [-96.58955429438332, 39.107437241916074], [-96.58982378896856, 39.107437241916074], [-96.58982378896856, 39.107706736501314], [-96.59009328355378, 39.107706736501314], [-96.59009328355378, 39.10662875816037], [-96.59036277813902, 39.10662875816037], [-96.59036277813902, 39.1060897689899], [-96.59063227272426, 39.1060897689899], [-96.59063227272426, 39.105820274404664], [-96.5909017673095, 39.105820274404664], [-96.5909017673095, 39.105550779819424], [-96.59117126189473, 39.105550779819424], [-96.59117126189473, 39.10528128523419], [-96.59144075647997, 39.10528128523419], [-96.59144075647997, 39.10501179064895], [-96.59171025106521, 39.10501179064895], [-96.59171025106521, 39.10474229606372], [-96.59224924023567, 39.10474229606372], [-96.59224924023567, 39.10447280147848], [-96.59251873482091, 39.10447280147848], [-96.59251873482091, 39.10420330689325], [-96.59224924023567, 39.10420330689325], [-96.59224924023567, 39.10393381230801], [-96.59197974565043, 39.10393381230801], [-96.59197974565043, 39.103664317722775], [-96.59224924023567, 39.103664317722775], [-96.59224924023567, 39.10285583396707], [-96.59251873482091, 39.10285583396707], [-96.59251873482091, 39.103394823137535], [-96.59305772399138, 39.103394823137535], [-96.59305772399138, 39.10393381230801], [-96.59332721857662, 39.10393381230801], [-96.59332721857662, 39.103664317722775], [-96.59359671316186, 39.103664317722775], [-96.59359671316186, 39.103394823137535], [-96.59305772399138, 39.103394823137535], [-96.59305772399138, 39.1031253285523], [-96.59332721857662, 39.1031253285523], [-96.59332721857662, 39.10258633938183], [-96.59305772399138, 39.10258633938183], [-96.59305772399138, 39.1023168447966], [-96.59251873482091, 39.1023168447966], [-96.59251873482091, 39.10258633938183], [-96.59224924023567, 39.10258633938183], [-96.59224924023567, 39.10285583396707], [-96.59144075647997, 39.10285583396707], [-96.59144075647997, 39.1031253285523], [-96.59117126189473, 39.1031253285523], [-96.59117126189473, 39.10285583396707], [-96.5909017673095, 39.10285583396707], [-96.5909017673095, 39.1031253285523], [-96.59063227272426, 39.1031253285523], [-96.59063227272426, 39.103394823137535], [-96.59036277813902, 39.103394823137535], [-96.59036277813902, 39.1031253285523], [-96.58901530521284, 39.1031253285523], [-96.58901530521284, 39.103394823137535], [-96.58820682145713, 39.103394823137535], [-96.58820682145713, 39.10393381230801], [-96.58793732687191, 39.10393381230801], [-96.58793732687191, 39.10420330689325], [-96.58820682145713, 39.10420330689325], [-96.58820682145713, 39.10447280147848], [-96.58847631604237, 39.10447280147848], [-96.58847631604237, 39.10420330689325], [-96.58955429438332, 39.10420330689325], [-96.58955429438332, 39.10447280147848], [-96.58928479979808, 39.10447280147848], [-96.58928479979808, 39.10501179064895], [-96.58901530521284, 39.10501179064895], [-96.58901530521284, 39.105550779819424], [-96.58874581062761, 39.105550779819424], [-96.58874581062761, 39.105820274404664], [-96.58847631604237, 39.105820274404664], [-96.58847631604237, 39.10635926357513], [-96.58820682145713, 39.10635926357513], [-96.58820682145713, 39.1068982527456], [-96.58793732687191, 39.1068982527456], [-96.58793732687191, 39.10716774733084], [-96.58739833770143, 39.10716774733084], [-96.58739833770143, 39.107437241916074], [-96.58685934853096, 39.107437241916074], [-96.58685934853096, 39.1068982527456], [-96.58739833770143, 39.1068982527456], [-96.58739833770143, 39.1060897689899], [-96.58712884311619, 39.1060897689899], [-96.58712884311619, 39.105550779819424], [-96.58685934853096, 39.105550779819424], [-96.58685934853096, 39.10420330689325], [-96.58766783228667, 39.10420330689325], [-96.58766783228667, 39.10393381230801], [-96.58739833770143, 39.10393381230801], [-96.58739833770143, 39.103664317722775], [-96.58712884311619, 39.103664317722775], [-96.58712884311619, 39.103394823137535], [-96.58685934853096, 39.103394823137535], [-96.58685934853096, 39.1031253285523], [-96.58632035936049, 39.1031253285523], [-96.58632035936049, 39.10285583396707], [-96.58605086477525, 39.10285583396707], [-96.58605086477525, 39.10258633938183], [-96.58524238101954, 39.10258633938183], [-96.58524238101954, 39.10285583396707], [-96.58497288643431, 39.10285583396707], [-96.58497288643431, 39.103394823137535], [-96.58578137019002, 39.103394823137535], [-96.58578137019002, 39.103664317722775], [-96.58658985394572, 39.103664317722775], [-96.58658985394572, 39.10393381230801], [-96.58685934853096, 39.10393381230801], [-96.58685934853096, 39.10420330689325], [-96.58605086477525, 39.10420330689325], [-96.58605086477525, 39.10447280147848], [-96.58551187560478, 39.10447280147848], [-96.58551187560478, 39.10420330689325], [-96.58578137019002, 39.10420330689325], [-96.58578137019002, 39.10393381230801], [-96.58551187560478, 39.10393381230801], [-96.58551187560478, 39.10420330689325], [-96.58497288643431, 39.10420330689325], [-96.58497288643431, 39.10447280147848], [-96.58551187560478, 39.10447280147848], [-96.58551187560478, 39.10474229606372], [-96.58524238101954, 39.10474229606372], [-96.58524238101954, 39.10501179064895], [-96.58443389726384, 39.10501179064895], [-96.58443389726384, 39.10474229606372], [-96.5841644026786, 39.10474229606372], [-96.5841644026786, 39.10447280147848], [-96.58470339184908, 39.10447280147848], [-96.58470339184908, 39.10420330689325], [-96.58443389726384, 39.10420330689325], [-96.58443389726384, 39.10393381230801], [-96.58389490809337, 39.10393381230801], [-96.58389490809337, 39.103664317722775], [-96.58362541350813, 39.103664317722775], [-96.58362541350813, 39.10393381230801], [-96.58389490809337, 39.10393381230801], [-96.58389490809337, 39.10420330689325], [-96.58362541350813, 39.10420330689325], [-96.58362541350813, 39.10447280147848], [-96.58335591892289, 39.10447280147848], [-96.58335591892289, 39.10393381230801], [-96.58173895141148, 39.10393381230801], [-96.58173895141148, 39.103664317722775], [-96.58093046765578, 39.103664317722775], [-96.58093046765578, 39.10393381230801], [-96.58066097307054, 39.10393381230801], [-96.58066097307054, 39.10420330689325], [-96.58012198390006, 39.10420330689325], [-96.58012198390006, 39.10474229606372], [-96.57985248931483, 39.10474229606372], [-96.57985248931483, 39.103664317722775], [-96.58012198390006, 39.103664317722775], [-96.58012198390006, 39.103394823137535], [-96.57985248931483, 39.103394823137535], [-96.57985248931483, 39.1031253285523], [-96.57850501638865, 39.1031253285523], [-96.57850501638865, 39.10258633938183], [-96.57796602721818, 39.10258633938183], [-96.57796602721818, 39.1031253285523], [-96.5782355218034, 39.1031253285523], [-96.5782355218034, 39.103394823137535], [-96.57796602721818, 39.103394823137535], [-96.57796602721818, 39.10393381230801], [-96.57769653263294, 39.10393381230801], [-96.57769653263294, 39.10420330689325], [-96.57715754346246, 39.10420330689325], [-96.57715754346246, 39.10447280147848], [-96.576618554292, 39.10447280147848], [-96.576618554292, 39.105550779819424], [-96.57607956512153, 39.105550779819424], [-96.57607956512153, 39.10528128523419], [-96.57527108136581, 39.10528128523419], [-96.57527108136581, 39.105550779819424], [-96.57500158678059, 39.105550779819424], [-96.57500158678059, 39.1060897689899], [-96.57473209219535, 39.1060897689899], [-96.57473209219535, 39.105820274404664], [-96.57446259761011, 39.105820274404664], [-96.57446259761011, 39.10528128523419], [-96.57473209219535, 39.10528128523419], [-96.57473209219535, 39.10474229606372], [-96.57446259761011, 39.10474229606372], [-96.57446259761011, 39.10501179064895], [-96.57419310302487, 39.10501179064895], [-96.57419310302487, 39.10393381230801], [-96.57500158678059, 39.10393381230801], [-96.57500158678059, 39.10447280147848], [-96.57554057595105, 39.10447280147848], [-96.57554057595105, 39.10420330689325], [-96.57581007053629, 39.10420330689325], [-96.57581007053629, 39.10393381230801], [-96.576618554292, 39.10393381230801], [-96.576618554292, 39.103664317722775], [-96.57688804887724, 39.103664317722775], [-96.57688804887724, 39.1031253285523], [-96.5774270380477, 39.1031253285523], [-96.5774270380477, 39.10204735021136], [-96.57796602721818, 39.10204735021136], [-96.57796602721818, 39.101777855626125], [-96.57769653263294, 39.101777855626125], [-96.57769653263294, 39.101508361040885], [-96.57715754346246, 39.101508361040885], [-96.57715754346246, 39.10123886645565], [-96.576618554292, 39.10123886645565], [-96.576618554292, 39.101508361040885], [-96.57634905970676, 39.101508361040885], [-96.57634905970676, 39.10123886645565], [-96.57607956512153, 39.10123886645565], [-96.57607956512153, 39.10096937187041], [-96.57581007053629, 39.10096937187041], [-96.57581007053629, 39.10123886645565], [-96.57500158678059, 39.10123886645565], [-96.57500158678059, 39.101777855626125], [-96.57527108136581, 39.101777855626125], [-96.57527108136581, 39.10204735021136], [-96.57473209219535, 39.10204735021136], [-96.57473209219535, 39.101777855626125], [-96.57392360843964, 39.101777855626125], [-96.57392360843964, 39.1023168447966], [-96.5736541138544, 39.1023168447966], [-96.5736541138544, 39.10258633938183], [-96.57338461926916, 39.10258633938183], [-96.57338461926916, 39.10285583396707], [-96.57311512468394, 39.10285583396707], [-96.57311512468394, 39.1023168447966], [-96.5728456300987, 39.1023168447966], [-96.5728456300987, 39.10258633938183], [-96.57203714634299, 39.10258633938183], [-96.57203714634299, 39.10285583396707], [-96.57176765175775, 39.10285583396707], [-96.57176765175775, 39.1031253285523], [-96.57149815717251, 39.1031253285523], [-96.57149815717251, 39.10258633938183], [-96.57122866258727, 39.10258633938183], [-96.57122866258727, 39.10204735021136], [-96.57230664092822, 39.10204735021136], [-96.57230664092822, 39.1023168447966], [-96.57257613551346, 39.1023168447966], [-96.57257613551346, 39.10204735021136], [-96.5728456300987, 39.10204735021136], [-96.5728456300987, 39.101508361040885], [-96.57338461926916, 39.101508361040885], [-96.57338461926916, 39.10123886645565], [-96.57392360843964, 39.10123886645565], [-96.57392360843964, 39.10096937187041], [-96.5736541138544, 39.10096937187041], [-96.5736541138544, 39.10043038269994], [-96.57392360843964, 39.10043038269994], [-96.57392360843964, 39.10016088811471], [-96.5736541138544, 39.10016088811471], [-96.5736541138544, 39.099621898944235], [-96.57338461926916, 39.099621898944235], [-96.57338461926916, 39.099352404359], [-96.57311512468394, 39.099352404359], [-96.57311512468394, 39.09908290977376], [-96.5728456300987, 39.09908290977376], [-96.5728456300987, 39.09881341518853], [-96.57257613551346, 39.09881341518853], [-96.57257613551346, 39.09854392060329], [-96.57230664092822, 39.09854392060329], [-96.57230664092822, 39.09827442601806], [-96.57203714634299, 39.09827442601806], [-96.57203714634299, 39.09800493143282], [-96.57122866258727, 39.09800493143282], [-96.57122866258727, 39.097735436847586], [-96.57042017883157, 39.097735436847586], [-96.57042017883157, 39.09800493143282], [-96.57015068424634, 39.09800493143282], [-96.57015068424634, 39.09827442601806], [-96.5698811896611, 39.09827442601806], [-96.5698811896611, 39.09800493143282], [-96.56745573839397, 39.09800493143282], [-96.56745573839397, 39.09827442601806], [-96.56718624380875, 39.09827442601806], [-96.56718624380875, 39.09854392060329], [-96.56691674922351, 39.09854392060329], [-96.56691674922351, 39.09908290977376], [-96.56664725463827, 39.09908290977376], [-96.56664725463827, 39.099621898944235], [-96.56691674922351, 39.099621898944235], [-96.56691674922351, 39.09908290977376], [-96.56745573839397, 39.09908290977376], [-96.56745573839397, 39.09881341518853], [-96.56799472756445, 39.09881341518853], [-96.56799472756445, 39.099621898944235], [-96.56826422214968, 39.099621898944235], [-96.56826422214968, 39.099891393529475], [-96.56799472756445, 39.099891393529475], [-96.56799472756445, 39.10069987728518], [-96.56745573839397, 39.10069987728518], [-96.56745573839397, 39.10043038269994], [-96.56772523297921, 39.10043038269994], [-96.56772523297921, 39.10016088811471], [-96.56718624380875, 39.10016088811471], [-96.56718624380875, 39.099891393529475], [-96.56664725463827, 39.099891393529475], [-96.56664725463827, 39.10016088811471], [-96.56637776005303, 39.10016088811471], [-96.56637776005303, 39.099621898944235], [-96.5661082654678, 39.099621898944235], [-96.5661082654678, 39.10016088811471], [-96.56583877088256, 39.10016088811471], [-96.56583877088256, 39.10043038269994], [-96.56556927629732, 39.10043038269994], [-96.56556927629732, 39.10016088811471], [-96.56529978171208, 39.10016088811471], [-96.56529978171208, 39.10043038269994], [-96.56503028712686, 39.10043038269994], [-96.56503028712686, 39.10069987728518], [-96.56583877088256, 39.10069987728518], [-96.56583877088256, 39.10096937187041], [-96.56556927629732, 39.10096937187041], [-96.56556927629732, 39.10123886645565], [-96.56422180337115, 39.10123886645565], [-96.56422180337115, 39.10096937187041], [-96.56395230878591, 39.10096937187041], [-96.56395230878591, 39.10043038269994], [-96.56368281420067, 39.10043038269994], [-96.56368281420067, 39.099891393529475], [-96.56449129795638, 39.099891393529475], [-96.56449129795638, 39.10043038269994], [-96.56476079254162, 39.10043038269994], [-96.56476079254162, 39.099891393529475], [-96.56503028712686, 39.099891393529475], [-96.56503028712686, 39.099621898944235], [-96.56529978171208, 39.099621898944235], [-96.56529978171208, 39.09908290977376], [-96.56556927629732, 39.09908290977376], [-96.56556927629732, 39.09881341518853], [-96.56476079254162, 39.09881341518853], [-96.56476079254162, 39.09854392060329], [-96.56503028712686, 39.09854392060329], [-96.56503028712686, 39.09827442601806], [-96.56476079254162, 39.09827442601806], [-96.56476079254162, 39.09800493143282], [-96.56449129795638, 39.09800493143282], [-96.56449129795638, 39.097735436847586], [-96.56341331961544, 39.097735436847586], [-96.56341331961544, 39.09800493143282], [-96.56314382503021, 39.09800493143282], [-96.56314382503021, 39.099352404359], [-96.56287433044497, 39.099352404359], [-96.56287433044497, 39.099621898944235], [-96.56260483585973, 39.099621898944235], [-96.56260483585973, 39.09908290977376], [-96.56287433044497, 39.09908290977376], [-96.56287433044497, 39.09881341518853], [-96.56233534127449, 39.09881341518853], [-96.56233534127449, 39.099352404359], [-96.56179635210403, 39.099352404359], [-96.56179635210403, 39.09854392060329], [-96.56152685751879, 39.09854392060329], [-96.56152685751879, 39.09881341518853], [-96.56125736293356, 39.09881341518853], [-96.56125736293356, 39.09908290977376], [-96.56098786834832, 39.09908290977376], [-96.56098786834832, 39.09881341518853], [-96.56071837376308, 39.09881341518853], [-96.56071837376308, 39.09854392060329], [-96.56044887917784, 39.09854392060329], [-96.56044887917784, 39.09800493143282], [-96.56017938459262, 39.09800493143282], [-96.56017938459262, 39.097735436847586], [-96.56071837376308, 39.097735436847586], [-96.56071837376308, 39.097465942262346], [-96.56017938459262, 39.097465942262346], [-96.56017938459262, 39.09719644767711], [-96.56071837376308, 39.09719644767711], [-96.56071837376308, 39.09692695309188], [-96.56125736293356, 39.09692695309188], [-96.56125736293356, 39.09665745850664], [-96.56179635210403, 39.09665745850664], [-96.56179635210403, 39.09638796392141], [-96.56233534127449, 39.09638796392141], [-96.56233534127449, 39.09611846933617], [-96.56341331961544, 39.09611846933617], [-96.56341331961544, 39.09638796392141], [-96.56368281420067, 39.09638796392141], [-96.56368281420067, 39.09665745850664], [-96.56529978171208, 39.09665745850664], [-96.56529978171208, 39.09692695309188], [-96.56556927629732, 39.09692695309188], [-96.56556927629732, 39.097465942262346], [-96.56529978171208, 39.097465942262346], [-96.56529978171208, 39.097735436847586], [-96.5661082654678, 39.097735436847586], [-96.5661082654678, 39.09800493143282], [-96.56637776005303, 39.09800493143282], [-96.56637776005303, 39.09827442601806], [-96.5661082654678, 39.09827442601806], [-96.5661082654678, 39.09854392060329], [-96.56664725463827, 39.09854392060329], [-96.56664725463827, 39.09800493143282], [-96.56691674922351, 39.09800493143282], [-96.56691674922351, 39.097735436847586], [-96.56718624380875, 39.097735436847586], [-96.56718624380875, 39.097465942262346], [-96.56691674922351, 39.097465942262346], [-96.56691674922351, 39.09719644767711], [-96.56718624380875, 39.09719644767711], [-96.56718624380875, 39.09665745850664], [-96.56772523297921, 39.09665745850664], [-96.56772523297921, 39.09692695309188], [-96.5690727059054, 39.09692695309188], [-96.5690727059054, 39.097465942262346], [-96.56961169507586, 39.097465942262346], [-96.56961169507586, 39.09719644767711], [-96.5698811896611, 39.09719644767711], [-96.5698811896611, 39.09665745850664], [-96.56961169507586, 39.09665745850664], [-96.56961169507586, 39.095848974750936], [-96.56826422214968, 39.095848974750936], [-96.56826422214968, 39.095040490995224], [-96.56799472756445, 39.095040490995224], [-96.56799472756445, 39.09477099640999], [-96.56772523297921, 39.09477099640999], [-96.56772523297921, 39.09423200723952], [-96.56691674922351, 39.09423200723952], [-96.56691674922351, 39.09450150182475], [-96.56664725463827, 39.09450150182475], [-96.56664725463827, 39.09423200723952], [-96.56637776005303, 39.09423200723952], [-96.56637776005303, 39.09396251265429], [-96.56664725463827, 39.09396251265429], [-96.56664725463827, 39.09369301806905], [-96.56637776005303, 39.09369301806905], [-96.56637776005303, 39.093423523483814], [-96.56745573839397, 39.093423523483814], [-96.56745573839397, 39.09369301806905], [-96.56853371673492, 39.09369301806905], [-96.56853371673492, 39.09396251265429], [-96.56880321132016, 39.09396251265429], [-96.56880321132016, 39.09423200723952], [-96.56961169507586, 39.09423200723952], [-96.56961169507586, 39.09450150182475], [-96.57042017883157, 39.09450150182475], [-96.57042017883157, 39.09477099640999], [-96.57068967341681, 39.09477099640999], [-96.57068967341681, 39.095040490995224], [-96.57095916800205, 39.095040490995224], [-96.57095916800205, 39.095309985580464], [-96.57122866258727, 39.095309985580464], [-96.57122866258727, 39.095040490995224], [-96.57176765175775, 39.095040490995224], [-96.57176765175775, 39.09692695309188], [-96.57203714634299, 39.09692695309188], [-96.57203714634299, 39.09638796392141], [-96.57230664092822, 39.09638796392141], [-96.57230664092822, 39.095848974750936], [-96.57203714634299, 39.095848974750936], [-96.57203714634299, 39.095579480165696], [-96.57257613551346, 39.095579480165696], [-96.57257613551346, 39.095848974750936], [-96.5728456300987, 39.095848974750936], [-96.5728456300987, 39.09611846933617], [-96.57257613551346, 39.09611846933617], [-96.57257613551346, 39.09692695309188], [-96.5728456300987, 39.09692695309188], [-96.5728456300987, 39.09719644767711], [-96.57311512468394, 39.09719644767711], [-96.57311512468394, 39.097465942262346], [-96.57338461926916, 39.097465942262346], [-96.57338461926916, 39.097735436847586], [-96.5736541138544, 39.097735436847586], [-96.5736541138544, 39.09827442601806], [-96.57392360843964, 39.09827442601806], [-96.57392360843964, 39.09800493143282], [-96.57446259761011, 39.09800493143282], [-96.57446259761011, 39.09827442601806], [-96.57473209219535, 39.09827442601806], [-96.57473209219535, 39.09881341518853], [-96.57527108136581, 39.09881341518853], [-96.57527108136581, 39.09908290977376], [-96.57581007053629, 39.09908290977376], [-96.57581007053629, 39.10016088811471], [-96.57769653263294, 39.10016088811471], [-96.57769653263294, 39.10043038269994], [-96.57877451097389, 39.10043038269994], [-96.57877451097389, 39.10069987728518], [-96.57958299472959, 39.10069987728518], [-96.57958299472959, 39.10096937187041], [-96.581199962241, 39.10096937187041], [-96.581199962241, 39.10069987728518], [-96.58146945682624, 39.10069987728518], [-96.58146945682624, 39.10043038269994], [-96.58200844599672, 39.10043038269994], [-96.58200844599672, 39.10069987728518], [-96.58281692975243, 39.10069987728518], [-96.58281692975243, 39.10096937187041], [-96.58308642433765, 39.10096937187041], [-96.58308642433765, 39.10123886645565], [-96.5841644026786, 39.10123886645565], [-96.5841644026786, 39.10096937187041], [-96.58443389726384, 39.10096937187041], [-96.58443389726384, 39.10069987728518], [-96.58470339184908, 39.10069987728518], [-96.58470339184908, 39.10016088811471], [-96.58497288643431, 39.10016088811471], [-96.58497288643431, 39.099621898944235], [-96.58551187560478, 39.099621898944235], [-96.58551187560478, 39.099891393529475], [-96.58578137019002, 39.099891393529475], [-96.58578137019002, 39.10016088811471], [-96.58632035936049, 39.10016088811471], [-96.58632035936049, 39.10043038269994], [-96.58685934853096, 39.10043038269994], [-96.58685934853096, 39.10069987728518], [-96.58712884311619, 39.10069987728518], [-96.58712884311619, 39.10016088811471], [-96.58739833770143, 39.10016088811471], [-96.58739833770143, 39.099621898944235], [-96.58766783228667, 39.099621898944235], [-96.58766783228667, 39.099352404359], [-96.58847631604237, 39.099352404359], [-96.58847631604237, 39.099891393529475], [-96.58874581062761, 39.099891393529475], [-96.58874581062761, 39.099352404359], [-96.58928479979808, 39.099352404359], [-96.58928479979808, 39.09908290977376], [-96.58955429438332, 39.09908290977376], [-96.58955429438332, 39.09881341518853], [-96.58928479979808, 39.09881341518853], [-96.58928479979808, 39.09908290977376], [-96.58820682145713, 39.09908290977376], [-96.58820682145713, 39.09881341518853], [-96.58766783228667, 39.09881341518853], [-96.58766783228667, 39.09827442601806], [-96.58820682145713, 39.09827442601806], [-96.58820682145713, 39.097735436847586], [-96.58793732687191, 39.097735436847586], [-96.58793732687191, 39.09719644767711], [-96.58766783228667, 39.09719644767711], [-96.58766783228667, 39.09665745850664], [-96.58820682145713, 39.09665745850664], [-96.58820682145713, 39.09611846933617], [-96.58793732687191, 39.09611846933617], [-96.58793732687191, 39.095848974750936], [-96.58766783228667, 39.095848974750936], [-96.58766783228667, 39.095040490995224], [-96.58712884311619, 39.095040490995224], [-96.58712884311619, 39.09288453431334], [-96.58685934853096, 39.09288453431334], [-96.58685934853096, 39.0926150397281], [-96.58632035936049, 39.0926150397281], [-96.58632035936049, 39.09288453431334], [-96.58605086477525, 39.09288453431334], [-96.58605086477525, 39.0926150397281], [-96.58578137019002, 39.0926150397281], [-96.58578137019002, 39.09207605055763], [-96.58605086477525, 39.09207605055763], [-96.58605086477525, 39.0918065559724], [-96.58578137019002, 39.0918065559724], [-96.58578137019002, 39.09207605055763], [-96.58524238101954, 39.09207605055763], [-96.58524238101954, 39.09234554514287], [-96.58497288643431, 39.09234554514287], [-96.58497288643431, 39.0918065559724], [-96.58524238101954, 39.0918065559724], [-96.58524238101954, 39.09153706138716], [-96.5841644026786, 39.09153706138716], [-96.5841644026786, 39.091267566801925], [-96.58335591892289, 39.091267566801925], [-96.58335591892289, 39.09099807221669], [-96.58308642433765, 39.09099807221669], [-96.58308642433765, 39.091267566801925], [-96.58254743516719, 39.091267566801925], [-96.58254743516719, 39.09099807221669], [-96.58227794058195, 39.09099807221669], [-96.58227794058195, 39.09072857763145], [-96.58173895141148, 39.09072857763145], [-96.58173895141148, 39.09045908304622], [-96.58146945682624, 39.09045908304622], [-96.58146945682624, 39.09018958846098], [-96.58012198390006, 39.09018958846098], [-96.58012198390006, 39.09045908304622], [-96.57931350014435, 39.09045908304622], [-96.57931350014435, 39.09018958846098], [-96.57958299472959, 39.09018958846098], [-96.57958299472959, 39.08992009387575], [-96.57877451097389, 39.08992009387575], [-96.57877451097389, 39.08965059929051], [-96.57850501638865, 39.08965059929051], [-96.57850501638865, 39.089381104705275], [-96.5782355218034, 39.089381104705275], [-96.5782355218034, 39.089111610120035], [-96.57769653263294, 39.089111610120035], [-96.57769653263294, 39.0888421155348], [-96.57607956512153, 39.0888421155348], [-96.57607956512153, 39.089381104705275], [-96.57554057595105, 39.089381104705275], [-96.57554057595105, 39.08965059929051], [-96.57607956512153, 39.08965059929051], [-96.57607956512153, 39.08992009387575], [-96.57473209219535, 39.08992009387575], [-96.57473209219535, 39.09018958846098], [-96.57446259761011, 39.09018958846098], [-96.57446259761011, 39.08965059929051], [-96.57311512468394, 39.08965059929051], [-96.57311512468394, 39.08992009387575], [-96.57338461926916, 39.08992009387575], [-96.57338461926916, 39.09018958846098], [-96.57311512468394, 39.09018958846098], [-96.57311512468394, 39.09072857763145], [-96.57257613551346, 39.09072857763145], [-96.57257613551346, 39.09045908304622], [-96.57230664092822, 39.09045908304622], [-96.57230664092822, 39.09018958846098], [-96.5728456300987, 39.09018958846098], [-96.5728456300987, 39.08965059929051], [-96.57203714634299, 39.08965059929051], [-96.57203714634299, 39.08992009387575], [-96.57149815717251, 39.08992009387575], [-96.57149815717251, 39.09045908304622], [-96.57176765175775, 39.09045908304622], [-96.57176765175775, 39.09072857763145], [-96.57095916800205, 39.09072857763145], [-96.57095916800205, 39.09045908304622], [-96.57068967341681, 39.09045908304622], [-96.57068967341681, 39.09072857763145], [-96.57042017883157, 39.09072857763145], [-96.57042017883157, 39.09045908304622], [-96.56934220049062, 39.09045908304622], [-96.56934220049062, 39.08992009387575], [-96.56961169507586, 39.08992009387575], [-96.56961169507586, 39.09018958846098], [-96.57095916800205, 39.09018958846098], [-96.57095916800205, 39.08992009387575], [-96.57015068424634, 39.08992009387575], [-96.57015068424634, 39.08965059929051], [-96.5698811896611, 39.08965059929051], [-96.5698811896611, 39.089381104705275], [-96.5690727059054, 39.089381104705275], [-96.5690727059054, 39.08992009387575], [-96.56880321132016, 39.08992009387575], [-96.56880321132016, 39.09018958846098], [-96.56853371673492, 39.09018958846098], [-96.56853371673492, 39.09045908304622], [-96.56826422214968, 39.09045908304622], [-96.56826422214968, 39.08992009387575], [-96.56853371673492, 39.08992009387575], [-96.56853371673492, 39.089381104705275], [-96.56799472756445, 39.089381104705275], [-96.56799472756445, 39.089111610120035], [-96.56772523297921, 39.089111610120035], [-96.56772523297921, 39.089381104705275], [-96.56718624380875, 39.089381104705275], [-96.56718624380875, 39.089111610120035], [-96.56691674922351, 39.089111610120035], [-96.56691674922351, 39.0888421155348], [-96.56718624380875, 39.0888421155348], [-96.56718624380875, 39.08857262094956], [-96.56691674922351, 39.08857262094956], [-96.56691674922351, 39.0888421155348], [-96.56664725463827, 39.0888421155348], [-96.56664725463827, 39.08857262094956], [-96.56637776005303, 39.08857262094956], [-96.56637776005303, 39.087494642608625], [-96.56664725463827, 39.087494642608625], [-96.56664725463827, 39.087225148023386], [-96.56691674922351, 39.087225148023386], [-96.56691674922351, 39.08776413719386], [-96.56826422214968, 39.08776413719386], [-96.56826422214968, 39.087494642608625], [-96.56853371673492, 39.087494642608625], [-96.56853371673492, 39.087225148023386], [-96.56799472756445, 39.087225148023386], [-96.56799472756445, 39.08668615885291], [-96.56745573839397, 39.08668615885291], [-96.56745573839397, 39.08695565343815], [-96.56718624380875, 39.08695565343815], [-96.56718624380875, 39.08668615885291], [-96.56664725463827, 39.08668615885291], [-96.56664725463827, 39.087225148023386], [-96.56637776005303, 39.087225148023386], [-96.56637776005303, 39.087494642608625], [-96.56583877088256, 39.087494642608625], [-96.56583877088256, 39.08776413719386], [-96.56529978171208, 39.08776413719386], [-96.56529978171208, 39.087494642608625], [-96.56503028712686, 39.087494642608625], [-96.56503028712686, 39.087225148023386], [-96.56449129795638, 39.087225148023386], [-96.56449129795638, 39.08695565343815], [-96.56422180337115, 39.08695565343815], [-96.56422180337115, 39.08668615885291], [-96.56395230878591, 39.08668615885291], [-96.56395230878591, 39.08641666426768], [-96.56529978171208, 39.08641666426768], [-96.56529978171208, 39.087225148023386], [-96.56583877088256, 39.087225148023386], [-96.56583877088256, 39.08695565343815], [-96.5661082654678, 39.08695565343815], [-96.5661082654678, 39.08641666426768], [-96.56637776005303, 39.08641666426768], [-96.56637776005303, 39.08614716968244], [-96.56664725463827, 39.08614716968244], [-96.56664725463827, 39.08587767509721], [-96.56637776005303, 39.08587767509721], [-96.56637776005303, 39.08614716968244], [-96.5661082654678, 39.08614716968244], [-96.5661082654678, 39.08641666426768], [-96.56556927629732, 39.08641666426768], [-96.56556927629732, 39.08614716968244], [-96.56503028712686, 39.08614716968244], [-96.56503028712686, 39.08587767509721], [-96.56314382503021, 39.08587767509721], [-96.56314382503021, 39.085338685926736], [-96.56422180337115, 39.085338685926736], [-96.56422180337115, 39.0850691913415], [-96.56449129795638, 39.0850691913415], [-96.56449129795638, 39.08426070758579], [-96.56503028712686, 39.08426070758579], [-96.56503028712686, 39.08453020217103], [-96.56529978171208, 39.08453020217103], [-96.56529978171208, 39.084799696756264], [-96.56556927629732, 39.084799696756264], [-96.56556927629732, 39.08453020217103], [-96.56529978171208, 39.08453020217103], [-96.56529978171208, 39.08426070758579], [-96.56583877088256, 39.08426070758579], [-96.56583877088256, 39.08399121300056], [-96.56556927629732, 39.08399121300056], [-96.56556927629732, 39.08372171841532], [-96.56529978171208, 39.08372171841532], [-96.56529978171208, 39.083452223830086], [-96.56503028712686, 39.083452223830086], [-96.56503028712686, 39.08372171841532], [-96.56422180337115, 39.08372171841532], [-96.56422180337115, 39.083452223830086], [-96.56395230878591, 39.083452223830086], [-96.56395230878591, 39.08372171841532], [-96.56368281420067, 39.08372171841532], [-96.56368281420067, 39.08318272924485], [-96.56395230878591, 39.08318272924485], [-96.56395230878591, 39.082643740074374], [-96.56368281420067, 39.082643740074374], [-96.56368281420067, 39.08210475090391], [-96.56422180337115, 39.08210475090391], [-96.56422180337115, 39.082643740074374], [-96.56476079254162, 39.082643740074374], [-96.56476079254162, 39.082913234659614], [-96.56529978171208, 39.082913234659614], [-96.56529978171208, 39.082643740074374], [-96.56556927629732, 39.082643740074374], [-96.56556927629732, 39.082913234659614], [-96.56583877088256, 39.082913234659614], [-96.56583877088256, 39.08318272924485], [-96.56664725463827, 39.08318272924485], [-96.56664725463827, 39.083452223830086], [-96.56691674922351, 39.083452223830086], [-96.56691674922351, 39.08372171841532], [-96.56745573839397, 39.08372171841532], [-96.56745573839397, 39.08399121300056], [-96.56826422214968, 39.08399121300056], [-96.56826422214968, 39.08453020217103], [-96.56853371673492, 39.08453020217103], [-96.56853371673492, 39.084799696756264], [-96.5690727059054, 39.084799696756264], [-96.5690727059054, 39.08453020217103], [-96.5698811896611, 39.08453020217103], [-96.5698811896611, 39.084799696756264], [-96.57015068424634, 39.084799696756264], [-96.57015068424634, 39.0850691913415], [-96.57095916800205, 39.0850691913415], [-96.57095916800205, 39.085338685926736], [-96.57122866258727, 39.085338685926736], [-96.57122866258727, 39.08560818051197], [-96.57149815717251, 39.08560818051197], [-96.57149815717251, 39.08587767509721], [-96.57230664092822, 39.08587767509721], [-96.57230664092822, 39.08614716968244], [-96.57257613551346, 39.08614716968244], [-96.57257613551346, 39.08641666426768], [-96.57230664092822, 39.08641666426768], [-96.57230664092822, 39.08695565343815], [-96.57257613551346, 39.08695565343815], [-96.57257613551346, 39.08668615885291], [-96.5728456300987, 39.08668615885291], [-96.5728456300987, 39.08695565343815], [-96.5736541138544, 39.08695565343815], [-96.5736541138544, 39.087494642608625], [-96.57338461926916, 39.087494642608625], [-96.57338461926916, 39.08776413719386], [-96.57392360843964, 39.08776413719386], [-96.57392360843964, 39.087225148023386], [-96.57446259761011, 39.087225148023386], [-96.57446259761011, 39.08776413719386], [-96.57419310302487, 39.08776413719386], [-96.57419310302487, 39.0880336317791], [-96.57473209219535, 39.0880336317791], [-96.57473209219535, 39.08830312636433], [-96.57419310302487, 39.08830312636433], [-96.57419310302487, 39.08857262094956], [-96.57392360843964, 39.08857262094956], [-96.57392360843964, 39.089111610120035], [-96.57446259761011, 39.089111610120035], [-96.57446259761011, 39.0888421155348], [-96.57473209219535, 39.0888421155348], [-96.57473209219535, 39.089111610120035], [-96.57500158678059, 39.089111610120035], [-96.57500158678059, 39.0888421155348], [-96.57554057595105, 39.0888421155348], [-96.57554057595105, 39.08830312636433], [-96.57634905970676, 39.08830312636433], [-96.57634905970676, 39.08776413719386], [-96.57607956512153, 39.08776413719386], [-96.57607956512153, 39.08668615885291], [-96.57634905970676, 39.08668615885291], [-96.57634905970676, 39.08695565343815], [-96.576618554292, 39.08695565343815], [-96.576618554292, 39.087225148023386], [-96.57715754346246, 39.087225148023386], [-96.57715754346246, 39.087494642608625], [-96.5774270380477, 39.087494642608625], [-96.5774270380477, 39.087225148023386], [-96.57769653263294, 39.087225148023386], [-96.57769653263294, 39.087494642608625], [-96.57796602721818, 39.087494642608625], [-96.57796602721818, 39.087225148023386], [-96.5782355218034, 39.087225148023386], [-96.5782355218034, 39.08776413719386], [-96.57769653263294, 39.08776413719386], [-96.57769653263294, 39.0880336317791], [-96.5782355218034, 39.0880336317791], [-96.5782355218034, 39.08830312636433], [-96.57904400555913, 39.08830312636433], [-96.57904400555913, 39.08857262094956], [-96.57931350014435, 39.08857262094956], [-96.57931350014435, 39.0888421155348], [-96.57958299472959, 39.0888421155348], [-96.57958299472959, 39.089111610120035], [-96.58012198390006, 39.089111610120035], [-96.58012198390006, 39.089381104705275], [-96.58066097307054, 39.089381104705275], [-96.58066097307054, 39.08965059929051], [-96.58146945682624, 39.08965059929051], [-96.58146945682624, 39.08992009387575], [-96.58173895141148, 39.08992009387575], [-96.58173895141148, 39.08965059929051], [-96.58362541350813, 39.08965059929051], [-96.58362541350813, 39.08992009387575], [-96.58524238101954, 39.08992009387575], [-96.58524238101954, 39.09045908304622], [-96.58551187560478, 39.09045908304622], [-96.58551187560478, 39.09072857763145], [-96.58605086477525, 39.09072857763145], [-96.58605086477525, 39.09045908304622], [-96.58578137019002, 39.09045908304622], [-96.58578137019002, 39.09018958846098], [-96.58551187560478, 39.09018958846098], [-96.58551187560478, 39.089381104705275], [-96.58470339184908, 39.089381104705275], [-96.58470339184908, 39.089111610120035], [-96.58497288643431, 39.089111610120035], [-96.58497288643431, 39.08830312636433], [-96.58389490809337, 39.08830312636433], [-96.58389490809337, 39.08857262094956], [-96.58362541350813, 39.08857262094956], [-96.58362541350813, 39.0880336317791], [-96.58389490809337, 39.0880336317791], [-96.58389490809337, 39.08695565343815], [-96.5841644026786, 39.08695565343815], [-96.5841644026786, 39.08641666426768], [-96.58389490809337, 39.08641666426768], [-96.58389490809337, 39.08614716968244], [-96.58362541350813, 39.08614716968244], [-96.58362541350813, 39.08668615885291], [-96.58389490809337, 39.08668615885291], [-96.58389490809337, 39.08695565343815], [-96.58308642433765, 39.08695565343815], [-96.58308642433765, 39.08668615885291], [-96.58281692975243, 39.08668615885291], [-96.58281692975243, 39.08614716968244], [-96.58254743516719, 39.08614716968244], [-96.58254743516719, 39.08560818051197], [-96.58281692975243, 39.08560818051197], [-96.58281692975243, 39.08453020217103], [-96.58308642433765, 39.08453020217103], [-96.58308642433765, 39.08399121300056], [-96.58281692975243, 39.08399121300056], [-96.58281692975243, 39.083452223830086], [-96.58254743516719, 39.083452223830086], [-96.58254743516719, 39.082913234659614], [-96.58200844599672, 39.082913234659614], [-96.58200844599672, 39.08210475090391], [-96.58146945682624, 39.08210475090391], [-96.58146945682624, 39.081026772562964], [-96.58093046765578, 39.081026772562964], [-96.58093046765578, 39.08048778339249], [-96.58146945682624, 39.08048778339249], [-96.58146945682624, 39.08021828880725], [-96.581199962241, 39.08021828880725], [-96.581199962241, 39.079140310466315], [-96.58146945682624, 39.079140310466315], [-96.58146945682624, 39.078870815881075], [-96.58173895141148, 39.078870815881075], [-96.58173895141148, 39.07860132129584], [-96.58200844599672, 39.07860132129584], [-96.58200844599672, 39.0783318267106], [-96.58227794058195, 39.0783318267106], [-96.58227794058195, 39.0775233429549], [-96.58254743516719, 39.0775233429549], [-96.58254743516719, 39.07725384836966], [-96.58227794058195, 39.07725384836966], [-96.58227794058195, 39.076984353784425], [-96.58281692975243, 39.076984353784425], [-96.58281692975243, 39.076714859199186], [-96.58308642433765, 39.076714859199186], [-96.58308642433765, 39.07563688085825], [-96.58335591892289, 39.07563688085825], [-96.58335591892289, 39.075097891687776], [-96.58362541350813, 39.075097891687776], [-96.58362541350813, 39.07536738627301], [-96.5841644026786, 39.07536738627301], [-96.5841644026786, 39.075097891687776], [-96.58362541350813, 39.075097891687776], [-96.58362541350813, 39.07428940793206], [-96.58389490809337, 39.07428940793206], [-96.58389490809337, 39.07401991334683], [-96.58524238101954, 39.07401991334683], [-96.58524238101954, 39.07428940793206], [-96.58497288643431, 39.07428940793206], [-96.58497288643431, 39.0745589025173], [-96.58470339184908, 39.0745589025173], [-96.58470339184908, 39.074828397102536], [-96.58497288643431, 39.074828397102536], [-96.58497288643431, 39.07536738627301], [-96.58470339184908, 39.07536738627301], [-96.58470339184908, 39.07563688085825], [-96.58443389726384, 39.07563688085825], [-96.58443389726384, 39.07590637544348], [-96.58632035936049, 39.07590637544348], [-96.58632035936049, 39.07617587002871], [-96.58605086477525, 39.07617587002871], [-96.58605086477525, 39.07644536461395], [-96.58551187560478, 39.07644536461395], [-96.58551187560478, 39.07617587002871], [-96.58497288643431, 39.07617587002871], [-96.58497288643431, 39.076714859199186], [-96.58524238101954, 39.076714859199186], [-96.58524238101954, 39.076984353784425], [-96.58497288643431, 39.076984353784425], [-96.58497288643431, 39.07725384836966], [-96.5841644026786, 39.07725384836966], [-96.5841644026786, 39.0775233429549], [-96.58443389726384, 39.0775233429549], [-96.58443389726384, 39.07779283754013], [-96.5841644026786, 39.07779283754013], [-96.5841644026786, 39.0783318267106], [-96.58389490809337, 39.0783318267106], [-96.58389490809337, 39.07806233212537], [-96.58362541350813, 39.07806233212537], [-96.58362541350813, 39.0783318267106], [-96.58335591892289, 39.0783318267106], [-96.58335591892289, 39.078870815881075], [-96.5841644026786, 39.078870815881075], [-96.5841644026786, 39.07940980505155], [-96.58389490809337, 39.07940980505155], [-96.58389490809337, 39.079140310466315], [-96.58362541350813, 39.079140310466315], [-96.58362541350813, 39.07994879422202], [-96.58308642433765, 39.07994879422202], [-96.58308642433765, 39.08048778339249], [-96.58254743516719, 39.08048778339249], [-96.58254743516719, 39.08021828880725], [-96.58227794058195, 39.08021828880725], [-96.58227794058195, 39.07994879422202], [-96.58281692975243, 39.07994879422202], [-96.58281692975243, 39.07940980505155], [-96.58200844599672, 39.07940980505155], [-96.58200844599672, 39.08021828880725], [-96.58227794058195, 39.08021828880725], [-96.58227794058195, 39.080757277977725], [-96.58254743516719, 39.080757277977725], [-96.58254743516719, 39.081026772562964], [-96.58227794058195, 39.081026772562964], [-96.58227794058195, 39.08183525631867], [-96.58254743516719, 39.08183525631867], [-96.58254743516719, 39.08210475090391], [-96.58281692975243, 39.08210475090391], [-96.58281692975243, 39.08237424548914], [-96.58308642433765, 39.08237424548914], [-96.58308642433765, 39.082643740074374], [-96.58389490809337, 39.082643740074374], [-96.58389490809337, 39.082913234659614], [-96.58362541350813, 39.082913234659614], [-96.58362541350813, 39.08318272924485], [-96.58335591892289, 39.08318272924485], [-96.58335591892289, 39.08426070758579], [-96.58443389726384, 39.08426070758579], [-96.58443389726384, 39.08399121300056], [-96.58497288643431, 39.08399121300056], [-96.58497288643431, 39.08372171841532], [-96.58470339184908, 39.08372171841532], [-96.58470339184908, 39.083452223830086], [-96.58497288643431, 39.083452223830086], [-96.58497288643431, 39.082913234659614], [-96.58551187560478, 39.082913234659614], [-96.58551187560478, 39.083452223830086], [-96.58578137019002, 39.083452223830086], [-96.58578137019002, 39.08372171841532], [-96.58605086477525, 39.08372171841532], [-96.58605086477525, 39.08399121300056], [-96.58524238101954, 39.08399121300056], [-96.58524238101954, 39.08426070758579], [-96.58497288643431, 39.08426070758579], [-96.58497288643431, 39.084799696756264], [-96.58470339184908, 39.084799696756264], [-96.58470339184908, 39.08453020217103], [-96.58443389726384, 39.08453020217103], [-96.58443389726384, 39.084799696756264], [-96.58389490809337, 39.084799696756264], [-96.58389490809337, 39.085338685926736], [-96.5841644026786, 39.085338685926736], [-96.5841644026786, 39.08560818051197], [-96.58443389726384, 39.08560818051197], [-96.58443389726384, 39.08614716968244], [-96.58470339184908, 39.08614716968244], [-96.58470339184908, 39.08641666426768], [-96.58443389726384, 39.08641666426768], [-96.58443389726384, 39.08668615885291], [-96.58470339184908, 39.08668615885291], [-96.58470339184908, 39.087225148023386], [-96.5841644026786, 39.087225148023386], [-96.5841644026786, 39.08776413719386], [-96.58443389726384, 39.08776413719386], [-96.58443389726384, 39.0880336317791], [-96.58470339184908, 39.0880336317791], [-96.58470339184908, 39.087225148023386], [-96.58497288643431, 39.087225148023386], [-96.58497288643431, 39.0880336317791], [-96.58551187560478, 39.0880336317791], [-96.58551187560478, 39.08776413719386], [-96.58605086477525, 39.08776413719386], [-96.58605086477525, 39.087494642608625], [-96.58578137019002, 39.087494642608625], [-96.58578137019002, 39.087225148023386], [-96.58632035936049, 39.087225148023386], [-96.58632035936049, 39.08695565343815], [-96.58658985394572, 39.08695565343815], [-96.58658985394572, 39.08614716968244], [-96.58685934853096, 39.08614716968244], [-96.58685934853096, 39.08587767509721], [-96.58658985394572, 39.08587767509721], [-96.58658985394572, 39.085338685926736], [-96.58685934853096, 39.085338685926736], [-96.58685934853096, 39.0850691913415], [-96.58739833770143, 39.0850691913415], [-96.58739833770143, 39.08587767509721], [-96.58712884311619, 39.08587767509721], [-96.58712884311619, 39.08641666426768], [-96.58739833770143, 39.08641666426768], [-96.58739833770143, 39.08668615885291], [-96.58712884311619, 39.08668615885291], [-96.58712884311619, 39.087225148023386], [-96.58685934853096, 39.087225148023386], [-96.58685934853096, 39.08776413719386], [-96.58632035936049, 39.08776413719386], [-96.58632035936049, 39.0880336317791], [-96.58578137019002, 39.0880336317791], [-96.58578137019002, 39.0888421155348], [-96.58632035936049, 39.0888421155348], [-96.58632035936049, 39.089381104705275], [-96.58658985394572, 39.089381104705275], [-96.58658985394572, 39.08992009387575], [-96.58685934853096, 39.08992009387575], [-96.58685934853096, 39.09045908304622], [-96.58739833770143, 39.09045908304622], [-96.58739833770143, 39.09018958846098], [-96.58766783228667, 39.09018958846098], [-96.58766783228667, 39.08992009387575], [-96.58820682145713, 39.08992009387575], [-96.58820682145713, 39.089381104705275], [-96.58874581062761, 39.089381104705275], [-96.58874581062761, 39.08992009387575], [-96.58901530521284, 39.08992009387575], [-96.58901530521284, 39.08965059929051], [-96.59009328355378, 39.08965059929051], [-96.59009328355378, 39.089381104705275], [-96.59036277813902, 39.089381104705275], [-96.59036277813902, 39.08965059929051], [-96.59063227272426, 39.08965059929051], [-96.59063227272426, 39.08992009387575], [-96.58928479979808, 39.08992009387575], [-96.58928479979808, 39.09018958846098], [-96.58901530521284, 39.09018958846098], [-96.58901530521284, 39.09045908304622], [-96.58874581062761, 39.09045908304622], [-96.58874581062761, 39.09099807221669], [-96.58847631604237, 39.09099807221669], [-96.58847631604237, 39.09153706138716], [-96.58874581062761, 39.09153706138716], [-96.58874581062761, 39.0918065559724], [-96.58901530521284, 39.0918065559724], [-96.58901530521284, 39.09207605055763], [-96.58928479979808, 39.09207605055763], [-96.58928479979808, 39.09234554514287], [-96.58874581062761, 39.09234554514287], [-96.58874581062761, 39.09207605055763], [-96.58847631604237, 39.09207605055763], [-96.58847631604237, 39.0918065559724], [-96.58820682145713, 39.0918065559724], [-96.58820682145713, 39.09234554514287], [-96.58874581062761, 39.09234554514287], [-96.58874581062761, 39.09423200723952], [-96.58901530521284, 39.09423200723952], [-96.58901530521284, 39.09450150182475], [-96.58982378896856, 39.09450150182475], [-96.58982378896856, 39.095040490995224], [-96.59009328355378, 39.095040490995224], [-96.59009328355378, 39.09665745850664], [-96.59036277813902, 39.09665745850664], [-96.59036277813902, 39.09719644767711], [-96.58955429438332, 39.09719644767711], [-96.58955429438332, 39.09692695309188], [-96.58982378896856, 39.09692695309188], [-96.58982378896856, 39.09638796392141], [-96.58955429438332, 39.09638796392141], [-96.58955429438332, 39.09692695309188], [-96.58928479979808, 39.09692695309188], [-96.58928479979808, 39.09719644767711], [-96.58874581062761, 39.09719644767711], [-96.58874581062761, 39.097735436847586], [-96.58901530521284, 39.097735436847586], [-96.58901530521284, 39.09827442601806], [-96.59009328355378, 39.09827442601806], [-96.59009328355378, 39.09800493143282], [-96.59036277813902, 39.09800493143282], [-96.59036277813902, 39.097735436847586], [-96.5909017673095, 39.097735436847586], [-96.5909017673095, 39.097465942262346], [-96.59117126189473, 39.097465942262346], [-96.59117126189473, 39.097735436847586], [-96.59144075647997, 39.097735436847586], [-96.59144075647997, 39.09800493143282], [-96.59171025106521, 39.09800493143282], [-96.59171025106521, 39.09827442601806], [-96.59144075647997, 39.09827442601806], [-96.59144075647997, 39.09854392060329], [-96.59171025106521, 39.09854392060329], [-96.59171025106521, 39.09881341518853], [-96.59197974565043, 39.09881341518853], [-96.59197974565043, 39.09908290977376], [-96.59224924023567, 39.09908290977376], [-96.59224924023567, 39.09881341518853], [-96.59251873482091, 39.09881341518853], [-96.59251873482091, 39.09854392060329], [-96.59278822940615, 39.09854392060329], [-96.59278822940615, 39.099621898944235], [-96.59305772399138, 39.099621898944235], [-96.59305772399138, 39.099891393529475], [-96.59332721857662, 39.099891393529475], [-96.59332721857662, 39.10016088811471], [-96.59305772399138, 39.10016088811471], [-96.59305772399138, 39.10096937187041], [-96.59413570233232, 39.10096937187041], [-96.59413570233232, 39.10123886645565], [-96.59494418608803, 39.10123886645565], [-96.59494418608803, 39.101508361040885], [-96.59521368067327, 39.101508361040885], [-96.59521368067327, 39.10123886645565], [-96.59548317525851, 39.10123886645565], [-96.59548317525851, 39.101508361040885], [-96.59602216442897, 39.101508361040885], [-96.59602216442897, 39.1031253285523], [-96.59575266984375, 39.1031253285523], [-96.59575266984375, 39.103394823137535], [-96.59629165901421, 39.103394823137535], [-96.59629165901421, 39.10043038269994], [-96.59575266984375, 39.10043038269994], [-96.59575266984375, 39.10016088811471], [-96.59548317525851, 39.10016088811471], [-96.59548317525851, 39.099891393529475], [-96.5946746915028, 39.099891393529475], [-96.5946746915028, 39.099621898944235], [-96.59440519691756, 39.099621898944235], [-96.59440519691756, 39.099352404359], [-96.5938662077471, 39.099352404359], [-96.5938662077471, 39.09908290977376], [-96.59359671316186, 39.09908290977376], [-96.59359671316186, 39.09881341518853], [-96.59332721857662, 39.09881341518853], [-96.59332721857662, 39.09854392060329], [-96.59278822940615, 39.09854392060329], [-96.59278822940615, 39.09827442601806], [-96.59305772399138, 39.09827442601806], [-96.59305772399138, 39.09800493143282], [-96.59332721857662, 39.09800493143282], [-96.59332721857662, 39.097735436847586], [-96.59359671316186, 39.097735436847586], [-96.59359671316186, 39.09719644767711], [-96.5938662077471, 39.09719644767711], [-96.5938662077471, 39.09692695309188], [-96.59413570233232, 39.09692695309188], [-96.59413570233232, 39.09665745850664], [-96.5946746915028, 39.09665745850664], [-96.5946746915028, 39.09638796392141], [-96.59494418608803, 39.09638796392141], [-96.59494418608803, 39.09611846933617], [-96.59521368067327, 39.09611846933617], [-96.59521368067327, 39.095848974750936], [-96.59548317525851, 39.095848974750936], [-96.59548317525851, 39.095579480165696], [-96.59602216442897, 39.095579480165696], [-96.59602216442897, 39.095040490995224], [-96.59629165901421, 39.095040490995224], [-96.59629165901421, 39.09477099640999], [-96.59656115359945, 39.09477099640999], [-96.59656115359945, 39.09450150182475], [-96.59683064818469, 39.09450150182475], [-96.59683064818469, 39.09207605055763], [-96.59656115359945, 39.09207605055763], [-96.59656115359945, 39.09045908304622], [-96.59629165901421, 39.09045908304622], [-96.59629165901421, 39.09018958846098], [-96.59602216442897, 39.09018958846098], [-96.59602216442897, 39.08992009387575], [-96.59575266984375, 39.08992009387575], [-96.59575266984375, 39.08830312636433], [-96.59548317525851, 39.08830312636433], [-96.59548317525851, 39.08668615885291], [-96.59575266984375, 39.08668615885291], [-96.59575266984375, 39.08587767509721], [-96.59629165901421, 39.08587767509721], [-96.59629165901421, 39.08560818051197], [-96.59656115359945, 39.08560818051197], [-96.59656115359945, 39.085338685926736], [-96.59710014276992, 39.085338685926736], [-96.59710014276992, 39.0850691913415], [-96.59736963735516, 39.0850691913415], [-96.59736963735516, 39.084799696756264], [-96.59710014276992, 39.084799696756264], [-96.59710014276992, 39.08426070758579], [-96.5976391319404, 39.08426070758579], [-96.5976391319404, 39.08453020217103], [-96.59790862652562, 39.08453020217103], [-96.59790862652562, 39.08399121300056], [-96.5984476156961, 39.08399121300056], [-96.5984476156961, 39.08372171841532], [-96.59871711028134, 39.08372171841532], [-96.59871711028134, 39.08318272924485], [-96.59898660486657, 39.08318272924485], [-96.59898660486657, 39.082913234659614], [-96.59871711028134, 39.082913234659614], [-96.59871711028134, 39.08237424548914], [-96.5984476156961, 39.08237424548914], [-96.5984476156961, 39.08210475090391], [-96.59817812111086, 39.08210475090391], [-96.59817812111086, 39.08156576173344], [-96.59790862652562, 39.08156576173344], [-96.59790862652562, 39.0812962671482], [-96.59817812111086, 39.0812962671482], [-96.59817812111086, 39.081026772562964], [-96.5984476156961, 39.081026772562964], [-96.5984476156961, 39.080757277977725], [-96.59871711028134, 39.080757277977725], [-96.59871711028134, 39.08048778339249], [-96.59898660486657, 39.08048778339249], [-96.59898660486657, 39.08021828880725], [-96.5984476156961, 39.08021828880725], [-96.5984476156961, 39.07994879422202], [-96.59656115359945, 39.07994879422202], [-96.59656115359945, 39.07967929963678], [-96.59629165901421, 39.07967929963678], [-96.59629165901421, 39.079140310466315], [-96.59602216442897, 39.079140310466315], [-96.59602216442897, 39.07806233212537], [-96.59575266984375, 39.07806233212537], [-96.59575266984375, 39.07779283754013], [-96.59521368067327, 39.07779283754013], [-96.59521368067327, 39.0775233429549], [-96.59494418608803, 39.0775233429549], [-96.59494418608803, 39.07725384836966], [-96.5946746915028, 39.07725384836966], [-96.5946746915028, 39.076984353784425], [-96.59494418608803, 39.076984353784425], [-96.59494418608803, 39.076714859199186], [-96.5938662077471, 39.076714859199186], [-96.5938662077471, 39.07644536461395], [-96.59278822940615, 39.07644536461395], [-96.59278822940615, 39.07617587002871], [-96.59224924023567, 39.07617587002871], [-96.59224924023567, 39.076714859199186], [-96.59197974565043, 39.076714859199186], [-96.59197974565043, 39.076984353784425], [-96.59171025106521, 39.076984353784425], [-96.59171025106521, 39.0775233429549], [-96.59144075647997, 39.0775233429549], [-96.59144075647997, 39.07779283754013], [-96.59117126189473, 39.07779283754013], [-96.59117126189473, 39.07806233212537], [-96.5909017673095, 39.07806233212537], [-96.5909017673095, 39.0783318267106], [-96.59009328355378, 39.0783318267106], [-96.59009328355378, 39.07779283754013], [-96.58982378896856, 39.07779283754013], [-96.58982378896856, 39.076984353784425], [-96.58955429438332, 39.076984353784425], [-96.58955429438332, 39.07644536461395], [-96.58928479979808, 39.07644536461395], [-96.58928479979808, 39.07617587002871], [-96.58901530521284, 39.07617587002871], [-96.58901530521284, 39.07590637544348], [-96.58874581062761, 39.07590637544348], [-96.58874581062761, 39.07563688085825], [-96.58847631604237, 39.07563688085825], [-96.58847631604237, 39.07536738627301], [-96.58820682145713, 39.07536738627301], [-96.58820682145713, 39.075097891687776], [-96.58766783228667, 39.075097891687776], [-96.58766783228667, 39.07536738627301], [-96.58739833770143, 39.07536738627301], [-96.58739833770143, 39.07563688085825], [-96.58632035936049, 39.07563688085825], [-96.58632035936049, 39.07536738627301], [-96.58578137019002, 39.07536738627301], [-96.58578137019002, 39.074828397102536], [-96.58551187560478, 39.074828397102536], [-96.58551187560478, 39.07321142959112], [-96.58524238101954, 39.07321142959112], [-96.58524238101954, 39.070785978324], [-96.58551187560478, 39.070785978324], [-96.58551187560478, 39.070246989153524], [-96.58470339184908, 39.070246989153524], [-96.58470339184908, 39.06997749456829], [-96.58443389726384, 39.06997749456829], [-96.58443389726384, 39.070246989153524], [-96.5841644026786, 39.070246989153524], [-96.5841644026786, 39.070516483738764], [-96.58389490809337, 39.070516483738764], [-96.58389490809337, 39.070785978324], [-96.58362541350813, 39.070785978324], [-96.58362541350813, 39.07105547290924], [-96.58335591892289, 39.07105547290924], [-96.58335591892289, 39.07132496749447], [-96.58308642433765, 39.07132496749447], [-96.58308642433765, 39.07159446207971], [-96.58281692975243, 39.07159446207971], [-96.58281692975243, 39.07213345125018], [-96.58254743516719, 39.07213345125018], [-96.58254743516719, 39.072672440420654], [-96.58227794058195, 39.072672440420654], [-96.58227794058195, 39.07321142959112], [-96.58200844599672, 39.07321142959112], [-96.58200844599672, 39.07348092417636], [-96.58173895141148, 39.07348092417636], [-96.58173895141148, 39.07375041876159], [-96.58066097307054, 39.07375041876159], [-96.58066097307054, 39.07536738627301], [-96.5803914784853, 39.07536738627301], [-96.5803914784853, 39.07563688085825], [-96.57985248931483, 39.07563688085825], [-96.57985248931483, 39.07590637544348], [-96.57904400555913, 39.07590637544348], [-96.57904400555913, 39.07563688085825], [-96.5782355218034, 39.07563688085825], [-96.5782355218034, 39.07536738627301], [-96.57796602721818, 39.07536738627301], [-96.57796602721818, 39.075097891687776], [-96.5774270380477, 39.075097891687776], [-96.5774270380477, 39.07536738627301], [-96.57715754346246, 39.07536738627301], [-96.57715754346246, 39.07563688085825], [-96.57527108136581, 39.07563688085825], [-96.57527108136581, 39.07590637544348], [-96.57446259761011, 39.07590637544348], [-96.57446259761011, 39.075097891687776], [-96.57419310302487, 39.075097891687776], [-96.57419310302487, 39.0745589025173], [-96.57338461926916, 39.0745589025173], [-96.57338461926916, 39.074828397102536], [-96.57176765175775, 39.074828397102536], [-96.57176765175775, 39.07644536461395], [-96.57068967341681, 39.07644536461395], [-96.57068967341681, 39.076714859199186], [-96.57042017883157, 39.076714859199186], [-96.57042017883157, 39.07644536461395], [-96.57015068424634, 39.07644536461395], [-96.57015068424634, 39.07617587002871], [-96.5698811896611, 39.07617587002871], [-96.5698811896611, 39.07590637544348], [-96.56961169507586, 39.07590637544348], [-96.56961169507586, 39.07563688085825], [-96.56934220049062, 39.07563688085825], [-96.56934220049062, 39.07536738627301], [-96.56880321132016, 39.07536738627301], [-96.56880321132016, 39.07563688085825], [-96.56799472756445, 39.07563688085825], [-96.56799472756445, 39.07590637544348], [-96.56745573839397, 39.07590637544348], [-96.56745573839397, 39.07644536461395], [-96.56718624380875, 39.07644536461395], [-96.56718624380875, 39.076714859199186], [-96.56529978171208, 39.076714859199186], [-96.56529978171208, 39.0775233429549], [-96.56556927629732, 39.0775233429549], [-96.56556927629732, 39.07806233212537], [-96.56583877088256, 39.07806233212537], [-96.56583877088256, 39.07860132129584], [-96.56529978171208, 39.07860132129584], [-96.56529978171208, 39.078870815881075], [-96.56395230878591, 39.078870815881075], [-96.56395230878591, 39.079140310466315], [-96.56368281420067, 39.079140310466315], [-96.56368281420067, 39.07940980505155], [-96.56341331961544, 39.07940980505155], [-96.56341331961544, 39.080757277977725], [-96.56368281420067, 39.080757277977725], [-96.56368281420067, 39.08156576173344], [-96.56341331961544, 39.08156576173344], [-96.56341331961544, 39.08183525631867], [-96.56314382503021, 39.08183525631867], [-96.56314382503021, 39.08237424548914], [-96.56287433044497, 39.08237424548914], [-96.56287433044497, 39.082643740074374], [-96.56260483585973, 39.082643740074374], [-96.56260483585973, 39.082913234659614], [-96.56233534127449, 39.082913234659614], [-96.56233534127449, 39.08318272924485], [-96.56179635210403, 39.08318272924485], [-96.56179635210403, 39.083452223830086], [-96.56098786834832, 39.083452223830086], [-96.56098786834832, 39.08372171841532], [-96.56017938459262, 39.08372171841532], [-96.56017938459262, 39.08399121300056], [-96.55748443874025, 39.08399121300056], [-96.55748443874025, 39.08426070758579], [-96.55775393332549, 39.08426070758579], [-96.55775393332549, 39.08453020217103], [-96.55802342791073, 39.08453020217103], [-96.55802342791073, 39.084799696756264], [-96.55829292249597, 39.084799696756264], [-96.55829292249597, 39.0850691913415], [-96.55775393332549, 39.0850691913415], [-96.55775393332549, 39.084799696756264], [-96.55694544956978, 39.084799696756264], [-96.55694544956978, 39.08453020217103], [-96.55667595498454, 39.08453020217103], [-96.55667595498454, 39.084799696756264], [-96.55694544956978, 39.084799696756264], [-96.55694544956978, 39.085338685926736], [-96.55667595498454, 39.085338685926736], [-96.55667595498454, 39.08614716968244], [-96.5564064603993, 39.08614716968244], [-96.5564064603993, 39.08695565343815], [-96.55613696581408, 39.08695565343815], [-96.55613696581408, 39.08668615885291], [-96.5555979766436, 39.08668615885291], [-96.5555979766436, 39.08641666426768], [-96.55505898747313, 39.08641666426768], [-96.55505898747313, 39.08695565343815], [-96.55478949288789, 39.08695565343815], [-96.55478949288789, 39.087494642608625], [-96.55371151454695, 39.087494642608625], [-96.55371151454695, 39.08695565343815], [-96.55398100913219, 39.08695565343815], [-96.55398100913219, 39.08668615885291], [-96.55425050371743, 39.08668615885291], [-96.55425050371743, 39.08695565343815], [-96.55451999830265, 39.08695565343815], [-96.55451999830265, 39.08668615885291], [-96.55425050371743, 39.08668615885291], [-96.55425050371743, 39.08641666426768], [-96.55371151454695, 39.08641666426768], [-96.55371151454695, 39.08695565343815], [-96.55317252537648, 39.08695565343815], [-96.55317252537648, 39.087225148023386], [-96.55290303079124, 39.087225148023386], [-96.55290303079124, 39.0880336317791], [-96.55317252537648, 39.0880336317791], [-96.55317252537648, 39.08857262094956], [-96.55344201996171, 39.08857262094956], [-96.55344201996171, 39.08965059929051], [-96.55317252537648, 39.08965059929051], [-96.55317252537648, 39.0918065559724], [-96.55344201996171, 39.0918065559724], [-96.55344201996171, 39.09153706138716], [-96.55371151454695, 39.09153706138716], [-96.55371151454695, 39.0918065559724], [-96.55451999830265, 39.0918065559724], [-96.55451999830265, 39.09207605055763], [-96.55425050371743, 39.09207605055763], [-96.55425050371743, 39.09234554514287], [-96.55371151454695, 39.09234554514287], [-96.55371151454695, 39.0926150397281], [-96.55425050371743, 39.0926150397281], [-96.55425050371743, 39.09234554514287], [-96.55505898747313, 39.09234554514287], [-96.55505898747313, 39.0926150397281], [-96.55451999830265, 39.0926150397281], [-96.55451999830265, 39.09288453431334], [-96.55505898747313, 39.09288453431334], [-96.55505898747313, 39.093154028898574], [-96.55478949288789, 39.093154028898574], [-96.55478949288789, 39.09369301806905], [-96.5555979766436, 39.09369301806905], [-96.5555979766436, 39.093423523483814], [-96.55667595498454, 39.093423523483814], [-96.55667595498454, 39.093154028898574], [-96.55775393332549, 39.093154028898574], [-96.55775393332549, 39.09369301806905], [-96.55802342791073, 39.09369301806905], [-96.55802342791073, 39.093423523483814], [-96.55829292249597, 39.093423523483814], [-96.55829292249597, 39.09288453431334], [-96.55883191166643, 39.09288453431334], [-96.55883191166643, 39.09369301806905], [-96.55856241708119, 39.09369301806905], [-96.55856241708119, 39.09423200723952], [-96.55829292249597, 39.09423200723952], [-96.55829292249597, 39.09450150182475], [-96.55883191166643, 39.09450150182475], [-96.55883191166643, 39.09423200723952], [-96.55910140625167, 39.09423200723952], [-96.55910140625167, 39.09396251265429], [-96.55964039542214, 39.09396251265429], [-96.55964039542214, 39.093154028898574], [-96.5593709008369, 39.093154028898574], [-96.5593709008369, 39.09288453431334], [-96.55990989000738, 39.09288453431334], [-96.55990989000738, 39.0926150397281], [-96.56044887917784, 39.0926150397281], [-96.56044887917784, 39.09288453431334], [-96.56071837376308, 39.09288453431334], [-96.56071837376308, 39.0926150397281], [-96.56044887917784, 39.0926150397281], [-96.56044887917784, 39.09207605055763], [-96.56152685751879, 39.09207605055763], [-96.56152685751879, 39.09369301806905], [-96.56179635210403, 39.09369301806905], [-96.56179635210403, 39.093154028898574], [-96.56206584668926, 39.093154028898574], [-96.56206584668926, 39.093423523483814], [-96.56233534127449, 39.093423523483814], [-96.56233534127449, 39.09369301806905], [-96.56260483585973, 39.09369301806905], [-96.56260483585973, 39.093423523483814], [-96.56287433044497, 39.093423523483814], [-96.56287433044497, 39.09396251265429], [-96.56314382503021, 39.09396251265429], [-96.56314382503021, 39.09369301806905], [-96.56341331961544, 39.09369301806905], [-96.56341331961544, 39.093423523483814], [-96.56368281420067, 39.093423523483814], [-96.56368281420067, 39.093154028898574], [-96.56395230878591, 39.093154028898574], [-96.56395230878591, 39.09288453431334], [-96.56583877088256, 39.09288453431334], [-96.56583877088256, 39.09234554514287], [-96.5661082654678, 39.09234554514287], [-96.5661082654678, 39.0926150397281], [-96.56637776005303, 39.0926150397281], [-96.56637776005303, 39.09288453431334], [-96.5661082654678, 39.09288453431334], [-96.5661082654678, 39.093154028898574], [-96.56583877088256, 39.093154028898574], [-96.56583877088256, 39.09369301806905], [-96.5661082654678, 39.09369301806905], [-96.5661082654678, 39.09396251265429], [-96.56341331961544, 39.09396251265429], [-96.56341331961544, 39.09423200723952], [-96.56314382503021, 39.09423200723952], [-96.56314382503021, 39.09450150182475], [-96.56260483585973, 39.09450150182475], [-96.56260483585973, 39.09396251265429], [-96.56233534127449, 39.09396251265429], [-96.56233534127449, 39.09450150182475], [-96.56206584668926, 39.09450150182475], [-96.56206584668926, 39.09396251265429], [-96.56152685751879, 39.09396251265429], [-96.56152685751879, 39.09423200723952], [-96.56179635210403, 39.09423200723952], [-96.56179635210403, 39.09450150182475], [-96.56125736293356, 39.09450150182475], [-96.56125736293356, 39.09423200723952], [-96.56071837376308, 39.09423200723952], [-96.56071837376308, 39.09450150182475], [-96.56098786834832, 39.09450150182475], [-96.56098786834832, 39.095040490995224], [-96.56071837376308, 39.095040490995224], [-96.56071837376308, 39.09477099640999], [-96.56044887917784, 39.09477099640999], [-96.56044887917784, 39.095040490995224], [-96.56017938459262, 39.095040490995224], [-96.56017938459262, 39.095309985580464], [-96.55990989000738, 39.095309985580464], [-96.55990989000738, 39.095848974750936], [-96.55964039542214, 39.095848974750936], [-96.55964039542214, 39.095040490995224], [-96.5593709008369, 39.095040490995224], [-96.5593709008369, 39.09477099640999], [-96.55883191166643, 39.09477099640999], [-96.55883191166643, 39.095040490995224], [-96.55910140625167, 39.095040490995224], [-96.55910140625167, 39.095309985580464], [-96.55829292249597, 39.095309985580464], [-96.55829292249597, 39.095579480165696], [-96.55802342791073, 39.095579480165696], [-96.55802342791073, 39.095848974750936], [-96.55883191166643, 39.095848974750936], [-96.55883191166643, 39.095579480165696], [-96.55910140625167, 39.095579480165696], [-96.55910140625167, 39.095848974750936], [-96.5593709008369, 39.095848974750936], [-96.5593709008369, 39.09638796392141], [-96.55910140625167, 39.09638796392141], [-96.55910140625167, 39.09611846933617], [-96.55883191166643, 39.09611846933617], [-96.55883191166643, 39.09638796392141], [-96.55829292249597, 39.09638796392141], [-96.55829292249597, 39.09719644767711], [-96.55802342791073, 39.09719644767711], [-96.55802342791073, 39.097465942262346], [-96.55748443874025, 39.097465942262346], [-96.55748443874025, 39.09719644767711], [-96.55721494415502, 39.09719644767711], [-96.55721494415502, 39.09692695309188], [-96.55667595498454, 39.09692695309188], [-96.55667595498454, 39.09611846933617], [-96.55748443874025, 39.09611846933617], [-96.55748443874025, 39.095309985580464], [-96.55802342791073, 39.095309985580464], [-96.55802342791073, 39.09477099640999], [-96.55775393332549, 39.09477099640999], [-96.55775393332549, 39.09423200723952], [-96.55694544956978, 39.09423200723952], [-96.55694544956978, 39.09450150182475], [-96.55613696581408, 39.09450150182475], [-96.55613696581408, 39.09423200723952], [-96.55586747122884, 39.09423200723952], [-96.55586747122884, 39.09396251265429], [-96.55451999830265, 39.09396251265429], [-96.55451999830265, 39.09369301806905], [-96.55425050371743, 39.09369301806905], [-96.55425050371743, 39.093423523483814], [-96.55451999830265, 39.093423523483814], [-96.55451999830265, 39.093154028898574], [-96.55425050371743, 39.093154028898574], [-96.55425050371743, 39.093423523483814], [-96.55344201996171, 39.093423523483814], [-96.55344201996171, 39.09396251265429], [-96.55371151454695, 39.09396251265429], [-96.55371151454695, 39.09423200723952], [-96.55398100913219, 39.09423200723952], [-96.55398100913219, 39.09450150182475], [-96.55451999830265, 39.09450150182475], [-96.55451999830265, 39.09477099640999], [-96.55478949288789, 39.09477099640999], [-96.55478949288789, 39.095309985580464], [-96.55586747122884, 39.095309985580464], [-96.55586747122884, 39.095579480165696], [-96.55613696581408, 39.095579480165696], [-96.55613696581408, 39.095848974750936], [-96.5555979766436, 39.095848974750936], [-96.5555979766436, 39.095579480165696], [-96.55505898747313, 39.095579480165696], [-96.55505898747313, 39.095848974750936], [-96.55532848205837, 39.095848974750936], [-96.55532848205837, 39.09611846933617], [-96.55586747122884, 39.09611846933617], [-96.55586747122884, 39.09638796392141], [-96.5564064603993, 39.09638796392141], [-96.5564064603993, 39.09719644767711], [-96.55694544956978, 39.09719644767711], [-96.55694544956978, 39.097465942262346], [-96.55748443874025, 39.097465942262346], [-96.55748443874025, 39.097735436847586], [-96.55775393332549, 39.097735436847586], [-96.55775393332549, 39.09800493143282], [-96.55802342791073, 39.09800493143282], [-96.55802342791073, 39.09827442601806], [-96.55856241708119, 39.09827442601806], [-96.55856241708119, 39.09854392060329], [-96.55883191166643, 39.09854392060329], [-96.55883191166643, 39.09881341518853], [-96.5593709008369, 39.09881341518853], [-96.5593709008369, 39.09908290977376], [-96.55990989000738, 39.09908290977376], [-96.55990989000738, 39.099352404359], [-96.56044887917784, 39.099352404359], [-96.56044887917784, 39.099621898944235], [-96.56098786834832, 39.099621898944235], [-96.56098786834832, 39.099891393529475], [-96.56125736293356, 39.099891393529475], [-96.56125736293356, 39.10016088811471], [-96.56152685751879, 39.10016088811471], [-96.56152685751879, 39.10043038269994], [-96.56179635210403, 39.10043038269994], [-96.56179635210403, 39.10069987728518], [-96.56206584668926, 39.10069987728518], [-96.56206584668926, 39.10096937187041], [-96.56233534127449, 39.10096937187041], [-96.56233534127449, 39.10123886645565], [-96.56260483585973, 39.10123886645565], [-96.56260483585973, 39.101508361040885], [-96.56287433044497, 39.101508361040885], [-96.56287433044497, 39.10204735021136], [-96.56314382503021, 39.10204735021136], [-96.56314382503021, 39.10285583396707], [-96.56341331961544, 39.10285583396707], [-96.56341331961544, 39.10474229606372], [-96.56368281420067, 39.10474229606372], [-96.56368281420067, 39.10528128523419], [-96.56395230878591, 39.10528128523419], [-96.56395230878591, 39.105550779819424], [-96.56422180337115, 39.105550779819424], [-96.56422180337115, 39.1060897689899], [-96.56449129795638, 39.1060897689899], [-96.56449129795638, 39.10662875816037], [-96.56718624380875, 39.10662875816037], [-96.56718624380875, 39.10635926357513], [-96.56880321132016, 39.10635926357513], [-96.56880321132016, 39.10662875816037], [-96.5690727059054, 39.10662875816037], [-96.5690727059054, 39.1068982527456], [-96.5698811896611, 39.1068982527456], [-96.5698811896611, 39.10716774733084], [-96.57122866258727, 39.10716774733084], [-96.57122866258727, 39.107437241916074], [-96.57149815717251, 39.107437241916074], [-96.57149815717251, 39.107706736501314], [-96.57176765175775, 39.107706736501314], [-96.57176765175775, 39.107976231086546], [-96.57419310302487, 39.107976231086546], [-96.57419310302487, 39.107706736501314], [-96.57527108136581, 39.107706736501314], [-96.57527108136581, 39.107437241916074], [-96.57607956512153, 39.107437241916074], [-96.57607956512153, 39.107706736501314], [-96.57634905970676, 39.107706736501314], [-96.57634905970676, 39.107976231086546], [-96.576618554292, 39.107976231086546], [-96.576618554292, 39.108245725671786], [-96.57688804887724, 39.108245725671786], [-96.57688804887724, 39.10851522025702], [-96.57769653263294, 39.10851522025702], [-96.57769653263294, 39.10878471484226], [-96.57958299472959, 39.10878471484226], [-96.57958299472959, 39.10851522025702], [-96.581199962241, 39.10851522025702], [-96.581199962241, 39.10878471484226], [-96.58146945682624, 39.10878471484226], [-96.58146945682624, 39.10851522025702], [-96.58335591892289, 39.10851522025702], [-96.58335591892289, 39.10878471484226], [-96.58389490809337, 39.10878471484226], [-96.58389490809337, 39.10905420942749], [-96.58524238101954, 39.10905420942749], [-96.58524238101954, 39.10932370401273], [-96.58632035936049, 39.10932370401273], [-96.58632035936049, 39.10959319859796], [-96.58685934853096, 39.10959319859796], [-96.58685934853096, 39.10905420942749], [-96.58739833770143, 39.10905420942749], [-96.58739833770143, 39.10932370401273], [-96.58820682145713, 39.10932370401273], [-96.58820682145713, 39.10959319859796], [-96.58712884311619, 39.10959319859796], [-96.58712884311619, 39.109862693183196], [-96.58766783228667, 39.109862693183196], [-96.58766783228667, 39.110132187768436], [-96.58793732687191, 39.110132187768436], [-96.58793732687191, 39.11040168235367], [-96.58847631604237, 39.11040168235367], [-96.58847631604237, 39.11067117693891], [-96.58874581062761, 39.11067117693891], [-96.58874581062761, 39.11094067152414], [-96.58901530521284, 39.11094067152414]], [[-96.5909017673095, 39.10420330689325], [-96.59171025106521, 39.10420330689325], [-96.59171025106521, 39.103394823137535], [-96.59117126189473, 39.103394823137535], [-96.59117126189473, 39.103664317722775], [-96.5909017673095, 39.103664317722775], [-96.5909017673095, 39.10420330689325]], [[-96.58955429438332, 39.10420330689325], [-96.59009328355378, 39.10420330689325], [-96.59009328355378, 39.103664317722775], [-96.58982378896856, 39.103664317722775], [-96.58982378896856, 39.10393381230801], [-96.58955429438332, 39.10393381230801], [-96.58955429438332, 39.10420330689325]], [[-96.58955429438332, 39.1068982527456], [-96.58982378896856, 39.1068982527456], [-96.58982378896856, 39.10635926357513], [-96.58955429438332, 39.10635926357513], [-96.58955429438332, 39.1068982527456]], [[-96.58254743516719, 39.10474229606372], [-96.58308642433765, 39.10474229606372], [-96.58308642433765, 39.10447280147848], [-96.58254743516719, 39.10447280147848], [-96.58254743516719, 39.10474229606372]], [[-96.58066097307054, 39.10474229606372], [-96.58093046765578, 39.10474229606372], [-96.58093046765578, 39.10447280147848], [-96.58066097307054, 39.10447280147848], [-96.58066097307054, 39.10474229606372]], [[-96.57958299472959, 39.10501179064895], [-96.57985248931483, 39.10501179064895], [-96.57985248931483, 39.10474229606372], [-96.57958299472959, 39.10474229606372], [-96.57958299472959, 39.10501179064895]], [[-96.576618554292, 39.101777855626125], [-96.57688804887724, 39.101777855626125], [-96.57688804887724, 39.101508361040885], [-96.576618554292, 39.101508361040885], [-96.576618554292, 39.101777855626125]], [[-96.57554057595105, 39.101777855626125], [-96.57581007053629, 39.101777855626125], [-96.57581007053629, 39.101508361040885], [-96.57554057595105, 39.101508361040885], [-96.57554057595105, 39.101777855626125]], [[-96.57715754346246, 39.10204735021136], [-96.5774270380477, 39.10204735021136], [-96.5774270380477, 39.101777855626125], [-96.57715754346246, 39.101777855626125], [-96.57715754346246, 39.10204735021136]], [[-96.57015068424634, 39.09854392060329], [-96.57042017883157, 39.09854392060329], [-96.57042017883157, 39.09827442601806], [-96.57015068424634, 39.09827442601806], [-96.57015068424634, 39.09854392060329]], [[-96.56799472756445, 39.09854392060329], [-96.56826422214968, 39.09854392060329], [-96.56826422214968, 39.09827442601806], [-96.56799472756445, 39.09827442601806], [-96.56799472756445, 39.09854392060329]], [[-96.57068967341681, 39.10043038269994], [-96.57095916800205, 39.10043038269994], [-96.57095916800205, 39.10016088811471], [-96.57068967341681, 39.10016088811471], [-96.57068967341681, 39.10043038269994]], [[-96.57149815717251, 39.10069987728518], [-96.57176765175775, 39.10069987728518], [-96.57176765175775, 39.10043038269994], [-96.57149815717251, 39.10043038269994], [-96.57149815717251, 39.10069987728518]], [[-96.5690727059054, 39.10069987728518], [-96.5698811896611, 39.10069987728518], [-96.5698811896611, 39.10043038269994], [-96.57042017883157, 39.10043038269994], [-96.57042017883157, 39.10016088811471], [-96.57068967341681, 39.10016088811471], [-96.57068967341681, 39.099891393529475], [-96.57042017883157, 39.099891393529475], [-96.57042017883157, 39.099352404359], [-96.57095916800205, 39.099352404359], [-96.57095916800205, 39.099621898944235], [-96.57068967341681, 39.099621898944235], [-96.57068967341681, 39.099891393529475], [-96.57095916800205, 39.099891393529475], [-96.57095916800205, 39.10016088811471], [-96.57122866258727, 39.10016088811471], [-96.57122866258727, 39.09881341518853], [-96.57068967341681, 39.09881341518853], [-96.57068967341681, 39.09908290977376], [-96.56961169507586, 39.09908290977376], [-96.56961169507586, 39.09881341518853], [-96.56934220049062, 39.09881341518853], [-96.56934220049062, 39.09908290977376], [-96.5690727059054, 39.09908290977376], [-96.5690727059054, 39.099352404359], [-96.56880321132016, 39.099352404359], [-96.56880321132016, 39.09881341518853], [-96.56853371673492, 39.09881341518853], [-96.56853371673492, 39.09854392060329], [-96.56826422214968, 39.09854392060329], [-96.56826422214968, 39.09908290977376], [-96.56853371673492, 39.09908290977376], [-96.56853371673492, 39.099352404359], [-96.56826422214968, 39.099352404359], [-96.56826422214968, 39.099621898944235], [-96.56880321132016, 39.099621898944235], [-96.56880321132016, 39.099891393529475], [-96.56853371673492, 39.099891393529475], [-96.56853371673492, 39.10016088811471], [-96.56934220049062, 39.10016088811471], [-96.56934220049062, 39.099891393529475], [-96.5698811896611, 39.099891393529475], [-96.5698811896611, 39.10016088811471], [-96.56961169507586, 39.10016088811471], [-96.56961169507586, 39.10043038269994], [-96.5690727059054, 39.10043038269994], [-96.5690727059054, 39.10069987728518]], [[-96.57176765175775, 39.10096937187041], [-96.57230664092822, 39.10096937187041], [-96.57230664092822, 39.10069987728518], [-96.57257613551346, 39.10069987728518], [-96.57257613551346, 39.10043038269994], [-96.57203714634299, 39.10043038269994], [-96.57203714634299, 39.10069987728518], [-96.57176765175775, 39.10069987728518], [-96.57176765175775, 39.10096937187041]], [[-96.56341331961544, 39.09827442601806], [-96.56368281420067, 39.09827442601806], [-96.56368281420067, 39.09800493143282], [-96.56341331961544, 39.09800493143282], [-96.56341331961544, 39.09827442601806]], [[-96.56422180337115, 39.09854392060329], [-96.56449129795638, 39.09854392060329], [-96.56449129795638, 39.09827442601806], [-96.56422180337115, 39.09827442601806], [-96.56422180337115, 39.09854392060329]], [[-96.57607956512153, 39.09045908304622], [-96.57634905970676, 39.09045908304622], [-96.57634905970676, 39.09018958846098], [-96.57607956512153, 39.09018958846098], [-96.57607956512153, 39.09045908304622]], [[-96.57500158678059, 39.09045908304622], [-96.57554057595105, 39.09045908304622], [-96.57554057595105, 39.09018958846098], [-96.57500158678059, 39.09018958846098], [-96.57500158678059, 39.09045908304622]], [[-96.57176765175775, 39.09045908304622], [-96.57203714634299, 39.09045908304622], [-96.57203714634299, 39.09018958846098], [-96.57176765175775, 39.09018958846098], [-96.57176765175775, 39.09045908304622]], [[-96.56718624380875, 39.087494642608625], [-96.56772523297921, 39.087494642608625], [-96.56772523297921, 39.087225148023386], [-96.56718624380875, 39.087225148023386], [-96.56718624380875, 39.087494642608625]], [[-96.57122866258727, 39.0812962671482], [-96.57149815717251, 39.0812962671482], [-96.57149815717251, 39.081026772562964], [-96.57122866258727, 39.081026772562964], [-96.57122866258727, 39.0812962671482]], [[-96.57203714634299, 39.08210475090391], [-96.57230664092822, 39.08210475090391], [-96.57230664092822, 39.0812962671482], [-96.57176765175775, 39.0812962671482], [-96.57176765175775, 39.08156576173344], [-96.57203714634299, 39.08156576173344], [-96.57203714634299, 39.08210475090391]], [[-96.58443389726384, 39.070516483738764], [-96.58470339184908, 39.070516483738764], [-96.58470339184908, 39.070246989153524], [-96.58443389726384, 39.070246989153524], [-96.58443389726384, 39.070516483738764]], [[-96.58470339184908, 39.070785978324], [-96.58524238101954, 39.070785978324], [-96.58524238101954, 39.070516483738764], [-96.58470339184908, 39.070516483738764], [-96.58470339184908, 39.070785978324]], [[-96.5841644026786, 39.07132496749447], [-96.58443389726384, 39.07132496749447], [-96.58443389726384, 39.07105547290924], [-96.5841644026786, 39.07105547290924], [-96.5841644026786, 39.07132496749447]], [[-96.58389490809337, 39.07213345125018], [-96.58443389726384, 39.07213345125018], [-96.58443389726384, 39.07159446207971], [-96.5841644026786, 39.07159446207971], [-96.5841644026786, 39.07186395666494], [-96.58389490809337, 39.07186395666494], [-96.58389490809337, 39.07213345125018]], [[-96.58389490809337, 39.07321142959112], [-96.58470339184908, 39.07321142959112], [-96.58470339184908, 39.072672440420654], [-96.58443389726384, 39.072672440420654], [-96.58443389726384, 39.072941935005886], [-96.5841644026786, 39.072941935005886], [-96.5841644026786, 39.072402945835414], [-96.58362541350813, 39.072402945835414], [-96.58362541350813, 39.072941935005886], [-96.58389490809337, 39.072941935005886], [-96.58389490809337, 39.07321142959112]], [[-96.58281692975243, 39.07348092417636], [-96.58335591892289, 39.07348092417636], [-96.58335591892289, 39.07321142959112], [-96.58308642433765, 39.07321142959112], [-96.58308642433765, 39.072941935005886], [-96.58254743516719, 39.072941935005886], [-96.58254743516719, 39.07321142959112], [-96.58281692975243, 39.07321142959112], [-96.58281692975243, 39.07348092417636]], [[-96.58389490809337, 39.07375041876159], [-96.5841644026786, 39.07375041876159], [-96.5841644026786, 39.07348092417636], [-96.58389490809337, 39.07348092417636], [-96.58389490809337, 39.07375041876159]], [[-96.58146945682624, 39.075097891687776], [-96.58173895141148, 39.075097891687776], [-96.58173895141148, 39.074828397102536], [-96.58200844599672, 39.074828397102536], [-96.58200844599672, 39.0745589025173], [-96.58146945682624, 39.0745589025173], [-96.58146945682624, 39.075097891687776]], [[-96.58173895141148, 39.07590637544348], [-96.58200844599672, 39.07590637544348], [-96.58200844599672, 39.07563688085825], [-96.58173895141148, 39.07563688085825], [-96.58173895141148, 39.07590637544348]], [[-96.57338461926916, 39.07590637544348], [-96.5736541138544, 39.07590637544348], [-96.5736541138544, 39.07563688085825], [-96.57338461926916, 39.07563688085825], [-96.57338461926916, 39.07590637544348]], [[-96.57796602721818, 39.07644536461395], [-96.5782355218034, 39.07644536461395], [-96.5782355218034, 39.07617587002871], [-96.57850501638865, 39.07617587002871], [-96.57850501638865, 39.07590637544348], [-96.57796602721818, 39.07590637544348], [-96.57796602721818, 39.07644536461395]], [[-96.56799472756445, 39.07644536461395], [-96.56826422214968, 39.07644536461395], [-96.56826422214968, 39.07617587002871], [-96.56799472756445, 39.07617587002871], [-96.56799472756445, 39.07644536461395]], [[-96.58712884311619, 39.076984353784425], [-96.58739833770143, 39.076984353784425], [-96.58739833770143, 39.076714859199186], [-96.58766783228667, 39.076714859199186], [-96.58766783228667, 39.07590637544348], [-96.58739833770143, 39.07590637544348], [-96.58739833770143, 39.07644536461395], [-96.58712884311619, 39.07644536461395], [-96.58712884311619, 39.076984353784425]], [[-96.57634905970676, 39.076984353784425], [-96.576618554292, 39.076984353784425], [-96.576618554292, 39.076714859199186], [-96.57634905970676, 39.076714859199186], [-96.57634905970676, 39.076984353784425]], [[-96.56934220049062, 39.076984353784425], [-96.56961169507586, 39.076984353784425], [-96.56961169507586, 39.076714859199186], [-96.56934220049062, 39.076714859199186], [-96.56934220049062, 39.076984353784425]], [[-96.57068967341681, 39.07725384836966], [-96.57149815717251, 39.07725384836966], [-96.57149815717251, 39.076984353784425], [-96.57068967341681, 39.076984353784425], [-96.57068967341681, 39.07725384836966]], [[-96.56745573839397, 39.07725384836966], [-96.56799472756445, 39.07725384836966], [-96.56799472756445, 39.076714859199186], [-96.56745573839397, 39.076714859199186], [-96.56745573839397, 39.07725384836966]], [[-96.56556927629732, 39.07725384836966], [-96.56583877088256, 39.07725384836966], [-96.56583877088256, 39.076984353784425], [-96.56556927629732, 39.076984353784425], [-96.56556927629732, 39.07725384836966]], [[-96.58847631604237, 39.0775233429549], [-96.58874581062761, 39.0775233429549], [-96.58874581062761, 39.07725384836966], [-96.58901530521284, 39.07725384836966], [-96.58901530521284, 39.076984353784425], [-96.58874581062761, 39.076984353784425], [-96.58874581062761, 39.07644536461395], [-96.58847631604237, 39.07644536461395], [-96.58847631604237, 39.076714859199186], [-96.58820682145713, 39.076714859199186], [-96.58820682145713, 39.076984353784425], [-96.58847631604237, 39.076984353784425], [-96.58847631604237, 39.0775233429549]], [[-96.57769653263294, 39.0775233429549], [-96.57850501638865, 39.0775233429549], [-96.57850501638865, 39.076984353784425], [-96.5774270380477, 39.076984353784425], [-96.5774270380477, 39.07725384836966], [-96.57769653263294, 39.07725384836966], [-96.57769653263294, 39.0775233429549]], [[-96.56826422214968, 39.0775233429549], [-96.56853371673492, 39.0775233429549], [-96.56853371673492, 39.076984353784425], [-96.56826422214968, 39.076984353784425], [-96.56826422214968, 39.0775233429549]], [[-96.57985248931483, 39.07779283754013], [-96.5803914784853, 39.07779283754013], [-96.5803914784853, 39.076714859199186], [-96.57931350014435, 39.076714859199186], [-96.57931350014435, 39.07644536461395], [-96.57877451097389, 39.07644536461395], [-96.57877451097389, 39.076984353784425], [-96.57958299472959, 39.076984353784425], [-96.57958299472959, 39.07725384836966], [-96.57985248931483, 39.07725384836966], [-96.57985248931483, 39.07779283754013]], [[-96.57338461926916, 39.07779283754013], [-96.5736541138544, 39.07779283754013], [-96.5736541138544, 39.07725384836966], [-96.57446259761011, 39.07725384836966], [-96.57446259761011, 39.076714859199186], [-96.57419310302487, 39.076714859199186], [-96.57419310302487, 39.07644536461395], [-96.57392360843964, 39.07644536461395], [-96.57392360843964, 39.076714859199186], [-96.57338461926916, 39.076714859199186], [-96.57338461926916, 39.07779283754013]], [[-96.57068967341681, 39.07779283754013], [-96.57122866258727, 39.07779283754013], [-96.57122866258727, 39.0775233429549], [-96.57068967341681, 39.0775233429549], [-96.57068967341681, 39.07779283754013]], [[-96.56880321132016, 39.07779283754013], [-96.56934220049062, 39.07779283754013], [-96.56934220049062, 39.0775233429549], [-96.56880321132016, 39.0775233429549], [-96.56880321132016, 39.07779283754013]], [[-96.57904400555913, 39.07806233212537], [-96.57985248931483, 39.07806233212537], [-96.57985248931483, 39.07779283754013], [-96.57958299472959, 39.07779283754013], [-96.57958299472959, 39.0775233429549], [-96.57931350014435, 39.0775233429549], [-96.57931350014435, 39.07725384836966], [-96.57904400555913, 39.07725384836966], [-96.57904400555913, 39.07806233212537]], [[-96.56934220049062, 39.07806233212537], [-96.56961169507586, 39.07806233212537], [-96.56961169507586, 39.07779283754013], [-96.56934220049062, 39.07779283754013], [-96.56934220049062, 39.07806233212537]], [[-96.56691674922351, 39.07806233212537], [-96.56718624380875, 39.07806233212537], [-96.56718624380875, 39.07779283754013], [-96.56691674922351, 39.07779283754013], [-96.56691674922351, 39.07806233212537]], [[-96.58524238101954, 39.0783318267106], [-96.58578137019002, 39.0783318267106], [-96.58578137019002, 39.07779283754013], [-96.58605086477525, 39.07779283754013], [-96.58605086477525, 39.076984353784425], [-96.58578137019002, 39.076984353784425], [-96.58578137019002, 39.07725384836966], [-96.58551187560478, 39.07725384836966], [-96.58551187560478, 39.0775233429549], [-96.58497288643431, 39.0775233429549], [-96.58497288643431, 39.07779283754013], [-96.58524238101954, 39.07779283754013], [-96.58524238101954, 39.0783318267106]], [[-96.57500158678059, 39.078870815881075], [-96.57554057595105, 39.078870815881075], [-96.57554057595105, 39.07860132129584], [-96.57581007053629, 39.07860132129584], [-96.57581007053629, 39.0775233429549], [-96.57554057595105, 39.0775233429549], [-96.57554057595105, 39.07806233212537], [-96.57527108136581, 39.07806233212537], [-96.57527108136581, 39.0783318267106], [-96.57500158678059, 39.0783318267106], [-96.57500158678059, 39.078870815881075]], [[-96.57985248931483, 39.079140310466315], [-96.58012198390006, 39.079140310466315], [-96.58012198390006, 39.07860132129584], [-96.57985248931483, 39.07860132129584], [-96.57985248931483, 39.079140310466315]], [[-96.57850501638865, 39.079140310466315], [-96.57877451097389, 39.079140310466315], [-96.57877451097389, 39.078870815881075], [-96.57850501638865, 39.078870815881075], [-96.57850501638865, 39.079140310466315]], [[-96.5698811896611, 39.079140310466315], [-96.57015068424634, 39.079140310466315], [-96.57015068424634, 39.078870815881075], [-96.57042017883157, 39.078870815881075], [-96.57042017883157, 39.07860132129584], [-96.57068967341681, 39.07860132129584], [-96.57068967341681, 39.07806233212537], [-96.57042017883157, 39.07806233212537], [-96.57042017883157, 39.0783318267106], [-96.5698811896611, 39.0783318267106], [-96.5698811896611, 39.079140310466315]], [[-96.59009328355378, 39.07940980505155], [-96.59063227272426, 39.07940980505155], [-96.59063227272426, 39.079140310466315], [-96.59009328355378, 39.079140310466315], [-96.59009328355378, 39.07940980505155]], [[-96.58066097307054, 39.07967929963678], [-96.58093046765578, 39.07967929963678], [-96.58093046765578, 39.07940980505155], [-96.58066097307054, 39.07940980505155], [-96.58066097307054, 39.07967929963678]], [[-96.59521368067327, 39.08021828880725], [-96.59548317525851, 39.08021828880725], [-96.59548317525851, 39.07967929963678], [-96.59521368067327, 39.07967929963678], [-96.59521368067327, 39.08021828880725]], [[-96.58901530521284, 39.08021828880725], [-96.58928479979808, 39.08021828880725], [-96.58928479979808, 39.07967929963678], [-96.58874581062761, 39.07967929963678], [-96.58874581062761, 39.07994879422202], [-96.58901530521284, 39.07994879422202], [-96.58901530521284, 39.08021828880725]], [[-96.58820682145713, 39.08021828880725], [-96.58874581062761, 39.08021828880725], [-96.58874581062761, 39.07994879422202], [-96.58847631604237, 39.07994879422202], [-96.58847631604237, 39.07967929963678], [-96.58820682145713, 39.07967929963678], [-96.58820682145713, 39.08021828880725]], [[-96.57796602721818, 39.08021828880725], [-96.5782355218034, 39.08021828880725], [-96.5782355218034, 39.07967929963678], [-96.57796602721818, 39.07967929963678], [-96.57796602721818, 39.08021828880725]], [[-96.56934220049062, 39.08021828880725], [-96.56961169507586, 39.08021828880725], [-96.56961169507586, 39.07994879422202], [-96.56934220049062, 39.07994879422202], [-96.56934220049062, 39.08021828880725]], [[-96.56583877088256, 39.08021828880725], [-96.5661082654678, 39.08021828880725], [-96.5661082654678, 39.07994879422202], [-96.56583877088256, 39.07994879422202], [-96.56583877088256, 39.08021828880725]], [[-96.57419310302487, 39.08048778339249], [-96.57473209219535, 39.08048778339249], [-96.57473209219535, 39.07994879422202], [-96.57446259761011, 39.07994879422202], [-96.57446259761011, 39.08021828880725], [-96.57419310302487, 39.08021828880725], [-96.57419310302487, 39.08048778339249]], [[-96.56637776005303, 39.08048778339249], [-96.56691674922351, 39.08048778339249], [-96.56691674922351, 39.07994879422202], [-96.56664725463827, 39.07994879422202], [-96.56664725463827, 39.07967929963678], [-96.56637776005303, 39.07967929963678], [-96.56637776005303, 39.08048778339249]], [[-96.56476079254162, 39.08048778339249], [-96.56529978171208, 39.08048778339249], [-96.56529978171208, 39.08021828880725], [-96.56503028712686, 39.08021828880725], [-96.56503028712686, 39.07994879422202], [-96.56476079254162, 39.07994879422202], [-96.56476079254162, 39.08048778339249]], [[-96.59494418608803, 39.080757277977725], [-96.59521368067327, 39.080757277977725], [-96.59521368067327, 39.08021828880725], [-96.5946746915028, 39.08021828880725], [-96.5946746915028, 39.07994879422202], [-96.59413570233232, 39.07994879422202], [-96.59413570233232, 39.07967929963678], [-96.5938662077471, 39.07967929963678], [-96.5938662077471, 39.08021828880725], [-96.59413570233232, 39.08021828880725], [-96.59413570233232, 39.08048778339249], [-96.59494418608803, 39.08048778339249], [-96.59494418608803, 39.080757277977725]], [[-96.57688804887724, 39.080757277977725], [-96.5774270380477, 39.080757277977725], [-96.5774270380477, 39.07967929963678], [-96.57688804887724, 39.07967929963678], [-96.57688804887724, 39.07940980505155], [-96.57715754346246, 39.07940980505155], [-96.57715754346246, 39.079140310466315], [-96.5774270380477, 39.079140310466315], [-96.5774270380477, 39.07860132129584], [-96.57715754346246, 39.07860132129584], [-96.57715754346246, 39.0783318267106], [-96.57769653263294, 39.0783318267106], [-96.57769653263294, 39.07806233212537], [-96.5774270380477, 39.07806233212537], [-96.5774270380477, 39.07779283754013], [-96.57715754346246, 39.07779283754013], [-96.57715754346246, 39.07806233212537], [-96.57688804887724, 39.07806233212537], [-96.57688804887724, 39.0783318267106], [-96.576618554292, 39.0783318267106], [-96.576618554292, 39.07860132129584], [-96.57634905970676, 39.07860132129584], [-96.57634905970676, 39.078870815881075], [-96.57581007053629, 39.078870815881075], [-96.57581007053629, 39.079140310466315], [-96.57527108136581, 39.079140310466315], [-96.57527108136581, 39.07940980505155], [-96.57500158678059, 39.07940980505155], [-96.57500158678059, 39.07994879422202], [-96.57527108136581, 39.07994879422202], [-96.57527108136581, 39.07967929963678], [-96.576618554292, 39.07967929963678], [-96.576618554292, 39.08021828880725], [-96.57688804887724, 39.08021828880725], [-96.57688804887724, 39.080757277977725]], [[-96.57607956512153, 39.080757277977725], [-96.57634905970676, 39.080757277977725], [-96.57634905970676, 39.08048778339249], [-96.57607956512153, 39.08048778339249], [-96.57607956512153, 39.080757277977725]], [[-96.57554057595105, 39.080757277977725], [-96.57581007053629, 39.080757277977725], [-96.57581007053629, 39.08048778339249], [-96.57554057595105, 39.08048778339249], [-96.57554057595105, 39.080757277977725]], [[-96.56799472756445, 39.080757277977725], [-96.56826422214968, 39.080757277977725], [-96.56826422214968, 39.08048778339249], [-96.56799472756445, 39.08048778339249], [-96.56799472756445, 39.080757277977725]], [[-96.58955429438332, 39.081026772562964], [-96.58982378896856, 39.081026772562964], [-96.58982378896856, 39.080757277977725], [-96.58955429438332, 39.080757277977725], [-96.58955429438332, 39.081026772562964]], [[-96.58335591892289, 39.081026772562964], [-96.58389490809337, 39.081026772562964], [-96.58389490809337, 39.07994879422202], [-96.58362541350813, 39.07994879422202], [-96.58362541350813, 39.08048778339249], [-96.58335591892289, 39.08048778339249], [-96.58335591892289, 39.081026772562964]], [[-96.59359671316186, 39.0812962671482], [-96.5938662077471, 39.0812962671482], [-96.5938662077471, 39.080757277977725], [-96.59359671316186, 39.080757277977725], [-96.59359671316186, 39.0812962671482]], [[-96.58901530521284, 39.0812962671482], [-96.58928479979808, 39.0812962671482], [-96.58928479979808, 39.081026772562964], [-96.58901530521284, 39.081026772562964], [-96.58901530521284, 39.0812962671482]], [[-96.56772523297921, 39.0812962671482], [-96.56799472756445, 39.0812962671482], [-96.56799472756445, 39.080757277977725], [-96.56745573839397, 39.080757277977725], [-96.56745573839397, 39.081026772562964], [-96.56772523297921, 39.081026772562964], [-96.56772523297921, 39.0812962671482]], [[-96.56529978171208, 39.0812962671482], [-96.56583877088256, 39.0812962671482], [-96.56583877088256, 39.081026772562964], [-96.56529978171208, 39.081026772562964], [-96.56529978171208, 39.0812962671482]], [[-96.58982378896856, 39.08156576173344], [-96.59009328355378, 39.08156576173344], [-96.59009328355378, 39.0812962671482], [-96.59036277813902, 39.0812962671482], [-96.59036277813902, 39.081026772562964], [-96.58982378896856, 39.081026772562964], [-96.58982378896856, 39.08156576173344]], [[-96.57554057595105, 39.08156576173344], [-96.57581007053629, 39.08156576173344], [-96.57581007053629, 39.0812962671482], [-96.57554057595105, 39.0812962671482], [-96.57554057595105, 39.08156576173344]], [[-96.5803914784853, 39.08183525631867], [-96.58066097307054, 39.08183525631867], [-96.58066097307054, 39.08156576173344], [-96.5803914784853, 39.08156576173344], [-96.5803914784853, 39.08183525631867]], [[-96.57581007053629, 39.08183525631867], [-96.57607956512153, 39.08183525631867], [-96.57607956512153, 39.08156576173344], [-96.57581007053629, 39.08156576173344], [-96.57581007053629, 39.08183525631867]], [[-96.59710014276992, 39.08210475090391], [-96.59736963735516, 39.08210475090391], [-96.59736963735516, 39.08156576173344], [-96.59683064818469, 39.08156576173344], [-96.59683064818469, 39.08183525631867], [-96.59710014276992, 39.08183525631867], [-96.59710014276992, 39.08210475090391]], [[-96.57607956512153, 39.08210475090391], [-96.57634905970676, 39.08210475090391], [-96.57634905970676, 39.08183525631867], [-96.57607956512153, 39.08183525631867], [-96.57607956512153, 39.08210475090391]], [[-96.5661082654678, 39.08210475090391], [-96.56691674922351, 39.08210475090391], [-96.56691674922351, 39.08183525631867], [-96.5661082654678, 39.08183525631867], [-96.5661082654678, 39.08210475090391]], [[-96.58847631604237, 39.08237424548914], [-96.58874581062761, 39.08237424548914], [-96.58874581062761, 39.08183525631867], [-96.58847631604237, 39.08183525631867], [-96.58847631604237, 39.08237424548914]], [[-96.5841644026786, 39.08237424548914], [-96.58443389726384, 39.08237424548914], [-96.58443389726384, 39.08210475090391], [-96.5841644026786, 39.08210475090391], [-96.5841644026786, 39.08237424548914]], [[-96.57634905970676, 39.08237424548914], [-96.57688804887724, 39.08237424548914], [-96.57688804887724, 39.08210475090391], [-96.57715754346246, 39.08210475090391], [-96.57715754346246, 39.08183525631867], [-96.576618554292, 39.08183525631867], [-96.576618554292, 39.08210475090391], [-96.57634905970676, 39.08210475090391], [-96.57634905970676, 39.08237424548914]], [[-96.58928479979808, 39.082643740074374], [-96.5909017673095, 39.082643740074374], [-96.5909017673095, 39.08237424548914], [-96.59036277813902, 39.08237424548914], [-96.59036277813902, 39.08210475090391], [-96.59009328355378, 39.08210475090391], [-96.59009328355378, 39.08183525631867], [-96.58982378896856, 39.08183525631867], [-96.58982378896856, 39.08210475090391], [-96.58928479979808, 39.08210475090391], [-96.58928479979808, 39.082643740074374]], [[-96.58470339184908, 39.082643740074374], [-96.58497288643431, 39.082643740074374], [-96.58497288643431, 39.08237424548914], [-96.58470339184908, 39.08237424548914], [-96.58470339184908, 39.082643740074374]], [[-96.58389490809337, 39.082643740074374], [-96.5841644026786, 39.082643740074374], [-96.5841644026786, 39.08237424548914], [-96.58389490809337, 39.08237424548914], [-96.58389490809337, 39.082643740074374]], [[-96.57688804887724, 39.082643740074374], [-96.57715754346246, 39.082643740074374], [-96.57715754346246, 39.08237424548914], [-96.57688804887724, 39.08237424548914], [-96.57688804887724, 39.082643740074374]], [[-96.56664725463827, 39.082643740074374], [-96.56691674922351, 39.082643740074374], [-96.56691674922351, 39.08237424548914], [-96.56664725463827, 39.08237424548914], [-96.56664725463827, 39.082643740074374]], [[-96.59736963735516, 39.082913234659614], [-96.59790862652562, 39.082913234659614], [-96.59790862652562, 39.082643740074374], [-96.59736963735516, 39.082643740074374], [-96.59736963735516, 39.082913234659614]], [[-96.59413570233232, 39.08318272924485], [-96.5946746915028, 39.08318272924485], [-96.5946746915028, 39.082913234659614], [-96.59521368067327, 39.082913234659614], [-96.59521368067327, 39.08237424548914], [-96.59575266984375, 39.08237424548914], [-96.59575266984375, 39.082643740074374], [-96.59602216442897, 39.082643740074374], [-96.59602216442897, 39.08210475090391], [-96.59629165901421, 39.08210475090391], [-96.59629165901421, 39.08183525631867], [-96.59656115359945, 39.08183525631867], [-96.59656115359945, 39.08156576173344], [-96.59629165901421, 39.08156576173344], [-96.59629165901421, 39.0812962671482], [-96.59656115359945, 39.0812962671482], [-96.59656115359945, 39.081026772562964], [-96.59683064818469, 39.081026772562964], [-96.59683064818469, 39.08048778339249], [-96.59736963735516, 39.08048778339249], [-96.59736963735516, 39.08021828880725], [-96.59656115359945, 39.08021828880725], [-96.59656115359945, 39.08048778339249], [-96.59629165901421, 39.08048778339249], [-96.59629165901421, 39.080757277977725], [-96.59602216442897, 39.080757277977725], [-96.59602216442897, 39.0812962671482], [-96.59548317525851, 39.0812962671482], [-96.59548317525851, 39.08156576173344], [-96.59575266984375, 39.08156576173344], [-96.59575266984375, 39.08183525631867], [-96.59494418608803, 39.08183525631867], [-96.59494418608803, 39.08237424548914], [-96.5946746915028, 39.08237424548914], [-96.5946746915028, 39.082643740074374], [-96.59440519691756, 39.082643740074374], [-96.59440519691756, 39.082913234659614], [-96.59413570233232, 39.082913234659614], [-96.59413570233232, 39.08318272924485]], [[-96.59359671316186, 39.08318272924485], [-96.5938662077471, 39.08318272924485], [-96.5938662077471, 39.082913234659614], [-96.59359671316186, 39.082913234659614], [-96.59359671316186, 39.08318272924485]], [[-96.59790862652562, 39.083452223830086], [-96.59817812111086, 39.083452223830086], [-96.59817812111086, 39.08318272924485], [-96.59790862652562, 39.08318272924485], [-96.59790862652562, 39.083452223830086]], [[-96.59575266984375, 39.083452223830086], [-96.59629165901421, 39.083452223830086], [-96.59629165901421, 39.08318272924485], [-96.59602216442897, 39.08318272924485], [-96.59602216442897, 39.082913234659614], [-96.59575266984375, 39.082913234659614], [-96.59575266984375, 39.083452223830086]], [[-96.59332721857662, 39.083452223830086], [-96.59359671316186, 39.083452223830086], [-96.59359671316186, 39.08318272924485], [-96.59332721857662, 39.08318272924485], [-96.59332721857662, 39.083452223830086]], [[-96.58578137019002, 39.083452223830086], [-96.58632035936049, 39.083452223830086], [-96.58632035936049, 39.082913234659614], [-96.58658985394572, 39.082913234659614], [-96.58658985394572, 39.082643740074374], [-96.58632035936049, 39.082643740074374], [-96.58632035936049, 39.08237424548914], [-96.58685934853096, 39.08237424548914], [-96.58685934853096, 39.081026772562964], [-96.58712884311619, 39.081026772562964], [-96.58712884311619, 39.08048778339249], [-96.58766783228667, 39.08048778339249], [-96.58766783228667, 39.080757277977725], [-96.58820682145713, 39.080757277977725], [-96.58820682145713, 39.08021828880725], [-96.58739833770143, 39.08021828880725], [-96.58739833770143, 39.079140310466315], [-96.58847631604237, 39.079140310466315], [-96.58847631604237, 39.078870815881075], [-96.58874581062761, 39.078870815881075], [-96.58874581062761, 39.07860132129584], [-96.58847631604237, 39.07860132129584], [-96.58847631604237, 39.0783318267106], [-96.58928479979808, 39.0783318267106], [-96.58928479979808, 39.07779283754013], [-96.58874581062761, 39.07779283754013], [-96.58874581062761, 39.07806233212537], [-96.58766783228667, 39.07806233212537], [-96.58766783228667, 39.07779283754013], [-96.58793732687191, 39.07779283754013], [-96.58793732687191, 39.07725384836966], [-96.58820682145713, 39.07725384836966], [-96.58820682145713, 39.076984353784425], [-96.58739833770143, 39.076984353784425], [-96.58739833770143, 39.07806233212537], [-96.58712884311619, 39.07806233212537], [-96.58712884311619, 39.0783318267106], [-96.58685934853096, 39.0783318267106], [-96.58685934853096, 39.07860132129584], [-96.58605086477525, 39.07860132129584], [-96.58605086477525, 39.078870815881075], [-96.58578137019002, 39.078870815881075], [-96.58578137019002, 39.07967929963678], [-96.58551187560478, 39.07967929963678], [-96.58551187560478, 39.07994879422202], [-96.58578137019002, 39.07994879422202], [-96.58578137019002, 39.08021828880725], [-96.58551187560478, 39.08021828880725], [-96.58551187560478, 39.08048778339249], [-96.58524238101954, 39.08048778339249], [-96.58524238101954, 39.080757277977725], [-96.58497288643431, 39.080757277977725], [-96.58497288643431, 39.0812962671482], [-96.5841644026786, 39.0812962671482], [-96.5841644026786, 39.08183525631867], [-96.58443389726384, 39.08183525631867], [-96.58443389726384, 39.08210475090391], [-96.58524238101954, 39.08210475090391], [-96.58524238101954, 39.0812962671482], [-96.58551187560478, 39.0812962671482], [-96.58551187560478, 39.080757277977725], [-96.58605086477525, 39.080757277977725], [-96.58605086477525, 39.07994879422202], [-96.58632035936049, 39.07994879422202], [-96.58632035936049, 39.081026772562964], [-96.58605086477525, 39.081026772562964], [-96.58605086477525, 39.0812962671482], [-96.58578137019002, 39.0812962671482], [-96.58578137019002, 39.08237424548914], [-96.58551187560478, 39.08237424548914], [-96.58551187560478, 39.082643740074374], [-96.58605086477525, 39.082643740074374], [-96.58605086477525, 39.08318272924485], [-96.58578137019002, 39.08318272924485], [-96.58578137019002, 39.083452223830086]], [[-96.57850501638865, 39.083452223830086], [-96.57904400555913, 39.083452223830086], [-96.57904400555913, 39.08318272924485], [-96.57931350014435, 39.08318272924485], [-96.57931350014435, 39.083452223830086], [-96.57985248931483, 39.083452223830086], [-96.57985248931483, 39.082913234659614], [-96.57931350014435, 39.082913234659614], [-96.57931350014435, 39.082643740074374], [-96.57958299472959, 39.082643740074374], [-96.57958299472959, 39.08183525631867], [-96.57904400555913, 39.08183525631867], [-96.57904400555913, 39.08210475090391], [-96.57850501638865, 39.08210475090391], [-96.57850501638865, 39.08237424548914], [-96.57904400555913, 39.08237424548914], [-96.57904400555913, 39.082913234659614], [-96.57850501638865, 39.082913234659614], [-96.57850501638865, 39.083452223830086]], [[-96.57149815717251, 39.083452223830086], [-96.57230664092822, 39.083452223830086], [-96.57230664092822, 39.08318272924485], [-96.57203714634299, 39.08318272924485], [-96.57203714634299, 39.082913234659614], [-96.57095916800205, 39.082913234659614], [-96.57095916800205, 39.08318272924485], [-96.57149815717251, 39.08318272924485], [-96.57149815717251, 39.083452223830086]], [[-96.56826422214968, 39.083452223830086], [-96.56880321132016, 39.083452223830086], [-96.56880321132016, 39.082913234659614], [-96.56853371673492, 39.082913234659614], [-96.56853371673492, 39.08318272924485], [-96.56826422214968, 39.08318272924485], [-96.56826422214968, 39.083452223830086]], [[-96.58793732687191, 39.08372171841532], [-96.58820682145713, 39.08372171841532], [-96.58820682145713, 39.083452223830086], [-96.58793732687191, 39.083452223830086], [-96.58793732687191, 39.08372171841532]], [[-96.57257613551346, 39.08372171841532], [-96.5736541138544, 39.08372171841532], [-96.5736541138544, 39.083452223830086], [-96.57311512468394, 39.083452223830086], [-96.57311512468394, 39.08318272924485], [-96.57257613551346, 39.08318272924485], [-96.57257613551346, 39.08372171841532]], [[-96.56961169507586, 39.08372171841532], [-96.5698811896611, 39.08372171841532], [-96.5698811896611, 39.083452223830086], [-96.57042017883157, 39.083452223830086], [-96.57042017883157, 39.082913234659614], [-96.57015068424634, 39.082913234659614], [-96.57015068424634, 39.08318272924485], [-96.56961169507586, 39.08318272924485], [-96.56961169507586, 39.082913234659614], [-96.5690727059054, 39.082913234659614], [-96.5690727059054, 39.08318272924485], [-96.56934220049062, 39.08318272924485], [-96.56934220049062, 39.083452223830086], [-96.56961169507586, 39.083452223830086], [-96.56961169507586, 39.08372171841532]], [[-96.59629165901421, 39.08399121300056], [-96.59656115359945, 39.08399121300056], [-96.59656115359945, 39.08372171841532], [-96.59629165901421, 39.08372171841532], [-96.59629165901421, 39.08399121300056]], [[-96.59413570233232, 39.08399121300056], [-96.59440519691756, 39.08399121300056], [-96.59440519691756, 39.08372171841532], [-96.59413570233232, 39.08372171841532], [-96.59413570233232, 39.08399121300056]], [[-96.576618554292, 39.08399121300056], [-96.57769653263294, 39.08399121300056], [-96.57769653263294, 39.083452223830086], [-96.57715754346246, 39.083452223830086], [-96.57715754346246, 39.08372171841532], [-96.57688804887724, 39.08372171841532], [-96.57688804887724, 39.083452223830086], [-96.576618554292, 39.083452223830086], [-96.576618554292, 39.08399121300056]], [[-96.56179635210403, 39.08426070758579], [-96.56260483585973, 39.08426070758579], [-96.56260483585973, 39.08399121300056], [-96.56233534127449, 39.08399121300056], [-96.56233534127449, 39.083452223830086], [-96.56206584668926, 39.083452223830086], [-96.56206584668926, 39.08399121300056], [-96.56179635210403, 39.08399121300056], [-96.56179635210403, 39.08426070758579]], [[-96.59359671316186, 39.08453020217103], [-96.59440519691756, 39.08453020217103], [-96.59440519691756, 39.08426070758579], [-96.59359671316186, 39.08426070758579], [-96.59359671316186, 39.08453020217103]], [[-96.57122866258727, 39.08453020217103], [-96.57149815717251, 39.08453020217103], [-96.57149815717251, 39.083452223830086], [-96.57095916800205, 39.083452223830086], [-96.57095916800205, 39.08426070758579], [-96.57122866258727, 39.08426070758579], [-96.57122866258727, 39.08453020217103]], [[-96.56098786834832, 39.08453020217103], [-96.56125736293356, 39.08453020217103], [-96.56125736293356, 39.08426070758579], [-96.56098786834832, 39.08426070758579], [-96.56098786834832, 39.08453020217103]], [[-96.5803914784853, 39.084799696756264], [-96.58093046765578, 39.084799696756264], [-96.58093046765578, 39.08453020217103], [-96.58066097307054, 39.08453020217103], [-96.58066097307054, 39.08426070758579], [-96.5803914784853, 39.08426070758579], [-96.5803914784853, 39.08372171841532], [-96.58012198390006, 39.08372171841532], [-96.58012198390006, 39.083452223830086], [-96.57985248931483, 39.083452223830086], [-96.57985248931483, 39.08399121300056], [-96.58012198390006, 39.08399121300056], [-96.58012198390006, 39.08453020217103], [-96.5803914784853, 39.08453020217103], [-96.5803914784853, 39.084799696756264]], [[-96.57715754346246, 39.084799696756264], [-96.5774270380477, 39.084799696756264], [-96.5774270380477, 39.08426070758579], [-96.57715754346246, 39.08426070758579], [-96.57715754346246, 39.084799696756264]], [[-96.56287433044497, 39.084799696756264], [-96.56341331961544, 39.084799696756264], [-96.56341331961544, 39.08453020217103], [-96.56395230878591, 39.08453020217103], [-96.56395230878591, 39.084799696756264], [-96.56422180337115, 39.084799696756264], [-96.56422180337115, 39.08426070758579], [-96.56368281420067, 39.08426070758579], [-96.56368281420067, 39.08399121300056], [-96.56341331961544, 39.08399121300056], [-96.56341331961544, 39.08426070758579], [-96.56287433044497, 39.08426070758579], [-96.56287433044497, 39.084799696756264]], [[-96.58739833770143, 39.0850691913415], [-96.58766783228667, 39.0850691913415], [-96.58766783228667, 39.084799696756264], [-96.58739833770143, 39.084799696756264], [-96.58739833770143, 39.0850691913415]], [[-96.581199962241, 39.0850691913415], [-96.58173895141148, 39.0850691913415], [-96.58173895141148, 39.084799696756264], [-96.581199962241, 39.084799696756264], [-96.581199962241, 39.0850691913415]], [[-96.55964039542214, 39.0850691913415], [-96.56017938459262, 39.0850691913415], [-96.56017938459262, 39.08453020217103], [-96.55964039542214, 39.08453020217103], [-96.55964039542214, 39.0850691913415]], [[-96.58874581062761, 39.085338685926736], [-96.58901530521284, 39.085338685926736], [-96.58901530521284, 39.084799696756264], [-96.58874581062761, 39.084799696756264], [-96.58874581062761, 39.085338685926736]], [[-96.58200844599672, 39.085338685926736], [-96.58254743516719, 39.085338685926736], [-96.58254743516719, 39.084799696756264], [-96.58200844599672, 39.084799696756264], [-96.58200844599672, 39.085338685926736]], [[-96.56179635210403, 39.085338685926736], [-96.56260483585973, 39.085338685926736], [-96.56260483585973, 39.084799696756264], [-96.56206584668926, 39.084799696756264], [-96.56206584668926, 39.0850691913415], [-96.56179635210403, 39.0850691913415], [-96.56179635210403, 39.085338685926736]], [[-96.5946746915028, 39.08560818051197], [-96.59494418608803, 39.08560818051197], [-96.59494418608803, 39.085338685926736], [-96.59521368067327, 39.085338685926736], [-96.59521368067327, 39.0850691913415], [-96.59602216442897, 39.0850691913415], [-96.59602216442897, 39.084799696756264], [-96.59575266984375, 39.084799696756264], [-96.59575266984375, 39.08453020217103], [-96.59629165901421, 39.08453020217103], [-96.59629165901421, 39.08399121300056], [-96.59602216442897, 39.08399121300056], [-96.59602216442897, 39.08426070758579], [-96.59548317525851, 39.08426070758579], [-96.59548317525851, 39.08453020217103], [-96.5946746915028, 39.08453020217103], [-96.5946746915028, 39.084799696756264], [-96.59440519691756, 39.084799696756264], [-96.59440519691756, 39.0850691913415], [-96.5938662077471, 39.0850691913415], [-96.5938662077471, 39.085338685926736], [-96.5946746915028, 39.085338685926736], [-96.5946746915028, 39.08560818051197]], [[-96.57796602721818, 39.08560818051197], [-96.5782355218034, 39.08560818051197], [-96.5782355218034, 39.085338685926736], [-96.57877451097389, 39.085338685926736], [-96.57877451097389, 39.08560818051197], [-96.57904400555913, 39.08560818051197], [-96.57904400555913, 39.0850691913415], [-96.57850501638865, 39.0850691913415], [-96.57850501638865, 39.084799696756264], [-96.5782355218034, 39.084799696756264], [-96.5782355218034, 39.0850691913415], [-96.57796602721818, 39.0850691913415], [-96.57796602721818, 39.08560818051197]], [[-96.57338461926916, 39.08560818051197], [-96.5736541138544, 39.08560818051197], [-96.5736541138544, 39.085338685926736], [-96.57338461926916, 39.085338685926736], [-96.57338461926916, 39.08560818051197]], [[-96.55721494415502, 39.08560818051197], [-96.55775393332549, 39.08560818051197], [-96.55775393332549, 39.085338685926736], [-96.55721494415502, 39.085338685926736], [-96.55721494415502, 39.08560818051197]], [[-96.56071837376308, 39.08587767509721], [-96.56125736293356, 39.08587767509721], [-96.56125736293356, 39.08560818051197], [-96.56098786834832, 39.08560818051197], [-96.56098786834832, 39.085338685926736], [-96.56071837376308, 39.085338685926736], [-96.56071837376308, 39.0850691913415], [-96.56017938459262, 39.0850691913415], [-96.56017938459262, 39.085338685926736], [-96.56044887917784, 39.085338685926736], [-96.56044887917784, 39.08560818051197], [-96.56071837376308, 39.08560818051197], [-96.56071837376308, 39.08587767509721]], [[-96.55802342791073, 39.08587767509721], [-96.55829292249597, 39.08587767509721], [-96.55829292249597, 39.085338685926736], [-96.55802342791073, 39.085338685926736], [-96.55802342791073, 39.08587767509721]], [[-96.59332721857662, 39.08614716968244], [-96.5938662077471, 39.08614716968244], [-96.5938662077471, 39.08587767509721], [-96.59413570233232, 39.08587767509721], [-96.59413570233232, 39.08560818051197], [-96.59359671316186, 39.08560818051197], [-96.59359671316186, 39.084799696756264], [-96.59332721857662, 39.084799696756264], [-96.59332721857662, 39.08614716968244]], [[-96.59278822940615, 39.08641666426768], [-96.59332721857662, 39.08641666426768], [-96.59332721857662, 39.08614716968244], [-96.59278822940615, 39.08614716968244], [-96.59278822940615, 39.08641666426768]], [[-96.57419310302487, 39.08641666426768], [-96.57446259761011, 39.08641666426768], [-96.57446259761011, 39.08614716968244], [-96.57419310302487, 39.08614716968244], [-96.57419310302487, 39.08641666426768]], [[-96.59494418608803, 39.08668615885291], [-96.59521368067327, 39.08668615885291], [-96.59521368067327, 39.08641666426768], [-96.59548317525851, 39.08641666426768], [-96.59548317525851, 39.08587767509721], [-96.59521368067327, 39.08587767509721], [-96.59521368067327, 39.08614716968244], [-96.59494418608803, 39.08614716968244], [-96.59494418608803, 39.08668615885291]], [[-96.59144075647997, 39.08668615885291], [-96.59171025106521, 39.08668615885291], [-96.59171025106521, 39.08641666426768], [-96.59144075647997, 39.08641666426768], [-96.59144075647997, 39.08668615885291]], [[-96.5593709008369, 39.08668615885291], [-96.55964039542214, 39.08668615885291], [-96.55964039542214, 39.0850691913415], [-96.5593709008369, 39.0850691913415], [-96.5593709008369, 39.08453020217103], [-96.55910140625167, 39.08453020217103], [-96.55910140625167, 39.08426070758579], [-96.55829292249597, 39.08426070758579], [-96.55829292249597, 39.08453020217103], [-96.55883191166643, 39.08453020217103], [-96.55883191166643, 39.0850691913415], [-96.55910140625167, 39.0850691913415], [-96.55910140625167, 39.08560818051197], [-96.5593709008369, 39.08560818051197], [-96.5593709008369, 39.08668615885291]], [[-96.55748443874025, 39.08668615885291], [-96.55802342791073, 39.08668615885291], [-96.55802342791073, 39.08641666426768], [-96.55748443874025, 39.08641666426768], [-96.55748443874025, 39.08668615885291]], [[-96.56287433044497, 39.08695565343815], [-96.56314382503021, 39.08695565343815], [-96.56314382503021, 39.08641666426768], [-96.56287433044497, 39.08641666426768], [-96.56287433044497, 39.08695565343815]], [[-96.57715754346246, 39.087225148023386], [-96.5774270380477, 39.087225148023386], [-96.5774270380477, 39.08668615885291], [-96.57769653263294, 39.08668615885291], [-96.57769653263294, 39.08614716968244], [-96.5774270380477, 39.08614716968244], [-96.5774270380477, 39.08587767509721], [-96.57688804887724, 39.08587767509721], [-96.57688804887724, 39.08560818051197], [-96.57634905970676, 39.08560818051197], [-96.57634905970676, 39.0850691913415], [-96.57607956512153, 39.0850691913415], [-96.57607956512153, 39.08453020217103], [-96.57554057595105, 39.08453020217103], [-96.57554057595105, 39.08399121300056], [-96.57527108136581, 39.08399121300056], [-96.57527108136581, 39.083452223830086], [-96.57554057595105, 39.083452223830086], [-96.57554057595105, 39.082913234659614], [-96.57634905970676, 39.082913234659614], [-96.57634905970676, 39.082643740074374], [-96.57527108136581, 39.082643740074374], [-96.57527108136581, 39.082913234659614], [-96.57473209219535, 39.082913234659614], [-96.57473209219535, 39.082643740074374], [-96.57500158678059, 39.082643740074374], [-96.57500158678059, 39.08210475090391], [-96.57446259761011, 39.08210475090391], [-96.57446259761011, 39.08156576173344], [-96.57500158678059, 39.08156576173344], [-96.57500158678059, 39.08183525631867], [-96.57527108136581, 39.08183525631867], [-96.57527108136581, 39.0812962671482], [-96.57446259761011, 39.0812962671482], [-96.57446259761011, 39.081026772562964], [-96.57419310302487, 39.081026772562964], [-96.57419310302487, 39.080757277977725], [-96.57392360843964, 39.080757277977725], [-96.57392360843964, 39.08048778339249], [-96.57257613551346, 39.08048778339249], [-96.57257613551346, 39.08021828880725], [-96.57230664092822, 39.08021828880725], [-96.57230664092822, 39.08048778339249], [-96.57176765175775, 39.08048778339249], [-96.57176765175775, 39.08021828880725], [-96.57149815717251, 39.08021828880725], [-96.57149815717251, 39.07967929963678], [-96.57095916800205, 39.07967929963678], [-96.57095916800205, 39.079140310466315], [-96.57068967341681, 39.079140310466315], [-96.57068967341681, 39.078870815881075], [-96.57042017883157, 39.078870815881075], [-96.57042017883157, 39.07940980505155], [-96.57068967341681, 39.07940980505155], [-96.57068967341681, 39.07967929963678], [-96.57042017883157, 39.07967929963678], [-96.57042017883157, 39.07994879422202], [-96.57015068424634, 39.07994879422202], [-96.57015068424634, 39.08021828880725], [-96.5698811896611, 39.08021828880725], [-96.5698811896611, 39.08048778339249], [-96.57015068424634, 39.08048778339249], [-96.57015068424634, 39.080757277977725], [-96.56826422214968, 39.080757277977725], [-96.56826422214968, 39.0812962671482], [-96.56799472756445, 39.0812962671482], [-96.56799472756445, 39.08156576173344], [-96.56772523297921, 39.08156576173344], [-96.56772523297921, 39.0812962671482], [-96.56745573839397, 39.0812962671482], [-96.56745573839397, 39.08183525631867], [-96.56718624380875, 39.08183525631867], [-96.56718624380875, 39.082913234659614], [-96.56772523297921, 39.082913234659614], [-96.56772523297921, 39.082643740074374], [-96.56799472756445, 39.082643740074374], [-96.56799472756445, 39.08237424548914], [-96.56772523297921, 39.08237424548914], [-96.56772523297921, 39.08210475090391], [-96.56799472756445, 39.08210475090391], [-96.56799472756445, 39.08183525631867], [-96.5698811896611, 39.08183525631867], [-96.5698811896611, 39.08156576173344], [-96.56961169507586, 39.08156576173344], [-96.56961169507586, 39.0812962671482], [-96.57015068424634, 39.0812962671482], [-96.57015068424634, 39.08156576173344], [-96.57042017883157, 39.08156576173344], [-96.57042017883157, 39.081026772562964], [-96.57095916800205, 39.081026772562964], [-96.57095916800205, 39.080757277977725], [-96.57203714634299, 39.080757277977725], [-96.57203714634299, 39.081026772562964], [-96.57257613551346, 39.081026772562964], [-96.57257613551346, 39.0812962671482], [-96.57338461926916, 39.0812962671482], [-96.57338461926916, 39.081026772562964], [-96.5736541138544, 39.081026772562964], [-96.5736541138544, 39.0812962671482], [-96.57392360843964, 39.0812962671482], [-96.57392360843964, 39.08183525631867], [-96.57419310302487, 39.08183525631867], [-96.57419310302487, 39.08210475090391], [-96.57392360843964, 39.08210475090391], [-96.57392360843964, 39.082643740074374], [-96.57419310302487, 39.082643740074374], [-96.57419310302487, 39.08318272924485], [-96.57446259761011, 39.08318272924485], [-96.57446259761011, 39.08372171841532], [-96.57500158678059, 39.08372171841532], [-96.57500158678059, 39.08426070758579], [-96.57473209219535, 39.08426070758579], [-96.57473209219535, 39.085338685926736], [-96.57446259761011, 39.085338685926736], [-96.57446259761011, 39.08560818051197], [-96.57500158678059, 39.08560818051197], [-96.57500158678059, 39.084799696756264], [-96.57554057595105, 39.084799696756264], [-96.57554057595105, 39.0850691913415], [-96.57527108136581, 39.0850691913415], [-96.57527108136581, 39.085338685926736], [-96.57554057595105, 39.085338685926736], [-96.57554057595105, 39.08614716968244], [-96.57581007053629, 39.08614716968244], [-96.57581007053629, 39.08641666426768], [-96.57634905970676, 39.08641666426768], [-96.57634905970676, 39.08668615885291], [-96.57688804887724, 39.08668615885291], [-96.57688804887724, 39.08695565343815], [-96.57715754346246, 39.08695565343815], [-96.57715754346246, 39.087225148023386]], [[-96.59440519691756, 39.087494642608625], [-96.5946746915028, 39.087494642608625], [-96.5946746915028, 39.087225148023386], [-96.59440519691756, 39.087225148023386], [-96.59440519691756, 39.087494642608625]], [[-96.58093046765578, 39.087494642608625], [-96.581199962241, 39.087494642608625], [-96.581199962241, 39.087225148023386], [-96.58093046765578, 39.087225148023386], [-96.58093046765578, 39.087494642608625]], [[-96.56098786834832, 39.087494642608625], [-96.56125736293356, 39.087494642608625], [-96.56125736293356, 39.087225148023386], [-96.56098786834832, 39.087225148023386], [-96.56098786834832, 39.087494642608625]], [[-96.56017938459262, 39.087494642608625], [-96.56044887917784, 39.087494642608625], [-96.56044887917784, 39.087225148023386], [-96.56017938459262, 39.087225148023386], [-96.56017938459262, 39.087494642608625]], [[-96.55667595498454, 39.087494642608625], [-96.55721494415502, 39.087494642608625], [-96.55721494415502, 39.087225148023386], [-96.55667595498454, 39.087225148023386], [-96.55667595498454, 39.087494642608625]], [[-96.57527108136581, 39.08776413719386], [-96.57581007053629, 39.08776413719386], [-96.57581007053629, 39.087494642608625], [-96.57527108136581, 39.087494642608625], [-96.57527108136581, 39.08776413719386]], [[-96.58066097307054, 39.0880336317791], [-96.58093046765578, 39.0880336317791], [-96.58093046765578, 39.08776413719386], [-96.58066097307054, 39.08776413719386], [-96.58066097307054, 39.0880336317791]], [[-96.57877451097389, 39.0880336317791], [-96.57958299472959, 39.0880336317791], [-96.57958299472959, 39.087494642608625], [-96.57904400555913, 39.087494642608625], [-96.57904400555913, 39.08776413719386], [-96.57877451097389, 39.08776413719386], [-96.57877451097389, 39.0880336317791]], [[-96.57500158678059, 39.0880336317791], [-96.57527108136581, 39.0880336317791], [-96.57527108136581, 39.08776413719386], [-96.57500158678059, 39.08776413719386], [-96.57500158678059, 39.0880336317791]], [[-96.57958299472959, 39.08857262094956], [-96.57985248931483, 39.08857262094956], [-96.57985248931483, 39.08830312636433], [-96.57958299472959, 39.08830312636433], [-96.57958299472959, 39.08857262094956]], [[-96.55344201996171, 39.08857262094956], [-96.55398100913219, 39.08857262094956], [-96.55398100913219, 39.08830312636433], [-96.55344201996171, 39.08830312636433], [-96.55344201996171, 39.08857262094956]], [[-96.56044887917784, 39.0888421155348], [-96.56071837376308, 39.0888421155348], [-96.56071837376308, 39.08857262094956], [-96.56044887917784, 39.08857262094956], [-96.56044887917784, 39.0888421155348]], [[-96.58389490809337, 39.089111610120035], [-96.5841644026786, 39.089111610120035], [-96.5841644026786, 39.08857262094956], [-96.58389490809337, 39.08857262094956], [-96.58389490809337, 39.089111610120035]], [[-96.58012198390006, 39.089111610120035], [-96.58093046765578, 39.089111610120035], [-96.58093046765578, 39.0888421155348], [-96.5803914784853, 39.0888421155348], [-96.5803914784853, 39.08857262094956], [-96.57985248931483, 39.08857262094956], [-96.57985248931483, 39.0888421155348], [-96.58012198390006, 39.0888421155348], [-96.58012198390006, 39.089111610120035]], [[-96.56583877088256, 39.089111610120035], [-96.56637776005303, 39.089111610120035], [-96.56637776005303, 39.0888421155348], [-96.5661082654678, 39.0888421155348], [-96.5661082654678, 39.08830312636433], [-96.56583877088256, 39.08830312636433], [-96.56583877088256, 39.08857262094956], [-96.56556927629732, 39.08857262094956], [-96.56556927629732, 39.0888421155348], [-96.56583877088256, 39.0888421155348], [-96.56583877088256, 39.089111610120035]], [[-96.59332721857662, 39.089381104705275], [-96.5946746915028, 39.089381104705275], [-96.5946746915028, 39.089111610120035], [-96.59440519691756, 39.089111610120035], [-96.59440519691756, 39.0888421155348], [-96.5946746915028, 39.0888421155348], [-96.5946746915028, 39.089111610120035], [-96.59494418608803, 39.089111610120035], [-96.59494418608803, 39.08830312636433], [-96.5946746915028, 39.08830312636433], [-96.5946746915028, 39.08857262094956], [-96.59413570233232, 39.08857262094956], [-96.59413570233232, 39.0888421155348], [-96.59332721857662, 39.0888421155348], [-96.59332721857662, 39.089381104705275]], [[-96.58928479979808, 39.089381104705275], [-96.58955429438332, 39.089381104705275], [-96.58955429438332, 39.089111610120035], [-96.59009328355378, 39.089111610120035], [-96.59009328355378, 39.08857262094956], [-96.59036277813902, 39.08857262094956], [-96.59036277813902, 39.0880336317791], [-96.5909017673095, 39.0880336317791], [-96.5909017673095, 39.08776413719386], [-96.59144075647997, 39.08776413719386], [-96.59144075647997, 39.087494642608625], [-96.59197974565043, 39.087494642608625], [-96.59197974565043, 39.08695565343815], [-96.59224924023567, 39.08695565343815], [-96.59224924023567, 39.08641666426768], [-96.59251873482091, 39.08641666426768], [-96.59251873482091, 39.08614716968244], [-96.59278822940615, 39.08614716968244], [-96.59278822940615, 39.08587767509721], [-96.59197974565043, 39.08587767509721], [-96.59197974565043, 39.08668615885291], [-96.59171025106521, 39.08668615885291], [-96.59171025106521, 39.08695565343815], [-96.59036277813902, 39.08695565343815], [-96.59036277813902, 39.087494642608625], [-96.59009328355378, 39.087494642608625], [-96.59009328355378, 39.08776413719386], [-96.58982378896856, 39.08776413719386], [-96.58982378896856, 39.0880336317791], [-96.59009328355378, 39.0880336317791], [-96.59009328355378, 39.08830312636433], [-96.58982378896856, 39.08830312636433], [-96.58982378896856, 39.08857262094956], [-96.58928479979808, 39.08857262094956], [-96.58928479979808, 39.089381104705275]], [[-96.58200844599672, 39.089381104705275], [-96.58227794058195, 39.089381104705275], [-96.58227794058195, 39.089111610120035], [-96.58200844599672, 39.089111610120035], [-96.58200844599672, 39.089381104705275]], [[-96.58093046765578, 39.089381104705275], [-96.58173895141148, 39.089381104705275], [-96.58173895141148, 39.089111610120035], [-96.58093046765578, 39.089111610120035], [-96.58093046765578, 39.089381104705275]], [[-96.56098786834832, 39.089381104705275], [-96.56125736293356, 39.089381104705275], [-96.56125736293356, 39.089111610120035], [-96.56098786834832, 39.089111610120035], [-96.56098786834832, 39.089381104705275]], [[-96.55451999830265, 39.089381104705275], [-96.55478949288789, 39.089381104705275], [-96.55478949288789, 39.0888421155348], [-96.55451999830265, 39.0888421155348], [-96.55451999830265, 39.089381104705275]], [[-96.55371151454695, 39.08965059929051], [-96.55451999830265, 39.08965059929051], [-96.55451999830265, 39.089381104705275], [-96.55371151454695, 39.089381104705275], [-96.55371151454695, 39.08965059929051]], [[-96.5946746915028, 39.08992009387575], [-96.59494418608803, 39.08992009387575], [-96.59494418608803, 39.089381104705275], [-96.5946746915028, 39.089381104705275], [-96.5946746915028, 39.08992009387575]], [[-96.5938662077471, 39.08992009387575], [-96.59413570233232, 39.08992009387575], [-96.59413570233232, 39.08965059929051], [-96.5938662077471, 39.08965059929051], [-96.5938662077471, 39.08992009387575]], [[-96.59224924023567, 39.08992009387575], [-96.59251873482091, 39.08992009387575], [-96.59251873482091, 39.08965059929051], [-96.59305772399138, 39.08965059929051], [-96.59305772399138, 39.089381104705275], [-96.59224924023567, 39.089381104705275], [-96.59224924023567, 39.08857262094956], [-96.59197974565043, 39.08857262094956], [-96.59197974565043, 39.089111610120035], [-96.59171025106521, 39.089111610120035], [-96.59171025106521, 39.089381104705275], [-96.59144075647997, 39.089381104705275], [-96.59144075647997, 39.08965059929051], [-96.59224924023567, 39.08965059929051], [-96.59224924023567, 39.08992009387575]], [[-96.56341331961544, 39.08992009387575], [-96.56368281420067, 39.08992009387575], [-96.56368281420067, 39.08965059929051], [-96.56341331961544, 39.08965059929051], [-96.56341331961544, 39.08992009387575]], [[-96.56395230878591, 39.09018958846098], [-96.56422180337115, 39.09018958846098], [-96.56422180337115, 39.08965059929051], [-96.56395230878591, 39.08965059929051], [-96.56395230878591, 39.09018958846098]], [[-96.56718624380875, 39.09045908304622], [-96.56772523297921, 39.09045908304622], [-96.56772523297921, 39.09018958846098], [-96.56745573839397, 39.09018958846098], [-96.56745573839397, 39.08992009387575], [-96.56718624380875, 39.08992009387575], [-96.56718624380875, 39.09045908304622]], [[-96.5661082654678, 39.09045908304622], [-96.56637776005303, 39.09045908304622], [-96.56637776005303, 39.09018958846098], [-96.5661082654678, 39.09018958846098], [-96.5661082654678, 39.09045908304622]], [[-96.55451999830265, 39.09045908304622], [-96.55478949288789, 39.09045908304622], [-96.55478949288789, 39.09018958846098], [-96.55451999830265, 39.09018958846098], [-96.55451999830265, 39.09045908304622]], [[-96.56341331961544, 39.09072857763145], [-96.56395230878591, 39.09072857763145], [-96.56395230878591, 39.09045908304622], [-96.56341331961544, 39.09045908304622], [-96.56341331961544, 39.09072857763145]], [[-96.55344201996171, 39.09072857763145], [-96.55371151454695, 39.09072857763145], [-96.55371151454695, 39.09045908304622], [-96.55425050371743, 39.09045908304622], [-96.55425050371743, 39.09018958846098], [-96.55344201996171, 39.09018958846098], [-96.55344201996171, 39.09072857763145]], [[-96.56422180337115, 39.09099807221669], [-96.56449129795638, 39.09099807221669], [-96.56449129795638, 39.09072857763145], [-96.56422180337115, 39.09072857763145], [-96.56422180337115, 39.09099807221669]], [[-96.56664725463827, 39.091267566801925], [-96.56718624380875, 39.091267566801925], [-96.56718624380875, 39.09099807221669], [-96.56664725463827, 39.09099807221669], [-96.56664725463827, 39.091267566801925]], [[-96.59332721857662, 39.09153706138716], [-96.59359671316186, 39.09153706138716], [-96.59359671316186, 39.091267566801925], [-96.5938662077471, 39.091267566801925], [-96.5938662077471, 39.09099807221669], [-96.59440519691756, 39.09099807221669], [-96.59440519691756, 39.09045908304622], [-96.59413570233232, 39.09045908304622], [-96.59413570233232, 39.09018958846098], [-96.5938662077471, 39.09018958846098], [-96.5938662077471, 39.08992009387575], [-96.59359671316186, 39.08992009387575], [-96.59359671316186, 39.09045908304622], [-96.5938662077471, 39.09045908304622], [-96.5938662077471, 39.09072857763145], [-96.59359671316186, 39.09072857763145], [-96.59359671316186, 39.09099807221669], [-96.59278822940615, 39.09099807221669], [-96.59278822940615, 39.091267566801925], [-96.59332721857662, 39.091267566801925], [-96.59332721857662, 39.09153706138716]], [[-96.57796602721818, 39.09153706138716], [-96.5782355218034, 39.09153706138716], [-96.5782355218034, 39.091267566801925], [-96.57796602721818, 39.091267566801925], [-96.57796602721818, 39.09153706138716]], [[-96.57338461926916, 39.09153706138716], [-96.5736541138544, 39.09153706138716], [-96.5736541138544, 39.091267566801925], [-96.57392360843964, 39.091267566801925], [-96.57392360843964, 39.09099807221669], [-96.57500158678059, 39.09099807221669], [-96.57500158678059, 39.09045908304622], [-96.57446259761011, 39.09045908304622], [-96.57446259761011, 39.09072857763145], [-96.57392360843964, 39.09072857763145], [-96.57392360843964, 39.09045908304622], [-96.57419310302487, 39.09045908304622], [-96.57419310302487, 39.09018958846098], [-96.5736541138544, 39.09018958846098], [-96.5736541138544, 39.09045908304622], [-96.57338461926916, 39.09045908304622], [-96.57338461926916, 39.09072857763145], [-96.57311512468394, 39.09072857763145], [-96.57311512468394, 39.091267566801925], [-96.57338461926916, 39.091267566801925], [-96.57338461926916, 39.09153706138716]], [[-96.5698811896611, 39.09153706138716], [-96.57042017883157, 39.09153706138716], [-96.57042017883157, 39.091267566801925], [-96.5698811896611, 39.091267566801925], [-96.5698811896611, 39.09153706138716]], [[-96.56368281420067, 39.09153706138716], [-96.56395230878591, 39.09153706138716], [-96.56395230878591, 39.091267566801925], [-96.56368281420067, 39.091267566801925], [-96.56368281420067, 39.09153706138716]], [[-96.55910140625167, 39.09153706138716], [-96.5593709008369, 39.09153706138716], [-96.5593709008369, 39.091267566801925], [-96.55910140625167, 39.091267566801925], [-96.55910140625167, 39.09153706138716]], [[-96.56934220049062, 39.0918065559724], [-96.56961169507586, 39.0918065559724], [-96.56961169507586, 39.09153706138716], [-96.56934220049062, 39.09153706138716], [-96.56934220049062, 39.0918065559724]], [[-96.56853371673492, 39.0918065559724], [-96.56880321132016, 39.0918065559724], [-96.56880321132016, 39.09153706138716], [-96.56853371673492, 39.09153706138716], [-96.56853371673492, 39.0918065559724]], [[-96.56503028712686, 39.0918065559724], [-96.56556927629732, 39.0918065559724], [-96.56556927629732, 39.09153706138716], [-96.56503028712686, 39.09153706138716], [-96.56503028712686, 39.0918065559724]], [[-96.5698811896611, 39.09207605055763], [-96.57015068424634, 39.09207605055763], [-96.57015068424634, 39.0918065559724], [-96.5698811896611, 39.0918065559724], [-96.5698811896611, 39.09207605055763]], [[-96.56799472756445, 39.09207605055763], [-96.56826422214968, 39.09207605055763], [-96.56826422214968, 39.09153706138716], [-96.56745573839397, 39.09153706138716], [-96.56745573839397, 39.0918065559724], [-96.56799472756445, 39.0918065559724], [-96.56799472756445, 39.09207605055763]], [[-96.5593709008369, 39.09207605055763], [-96.55990989000738, 39.09207605055763], [-96.55990989000738, 39.09153706138716], [-96.5593709008369, 39.09153706138716], [-96.5593709008369, 39.09207605055763]], [[-96.59144075647997, 39.09234554514287], [-96.59171025106521, 39.09234554514287], [-96.59171025106521, 39.09207605055763], [-96.59224924023567, 39.09207605055763], [-96.59224924023567, 39.0918065559724], [-96.59251873482091, 39.0918065559724], [-96.59251873482091, 39.09153706138716], [-96.59197974565043, 39.09153706138716], [-96.59197974565043, 39.0918065559724], [-96.59144075647997, 39.0918065559724], [-96.59144075647997, 39.09234554514287]], [[-96.55505898747313, 39.09234554514287], [-96.55586747122884, 39.09234554514287], [-96.55586747122884, 39.09207605055763], [-96.55613696581408, 39.09207605055763], [-96.55613696581408, 39.09234554514287], [-96.5564064603993, 39.09234554514287], [-96.5564064603993, 39.09153706138716], [-96.55613696581408, 39.09153706138716], [-96.55613696581408, 39.0918065559724], [-96.55505898747313, 39.0918065559724], [-96.55505898747313, 39.09234554514287]], [[-96.56853371673492, 39.0926150397281], [-96.56880321132016, 39.0926150397281], [-96.56880321132016, 39.09234554514287], [-96.56853371673492, 39.09234554514287], [-96.56853371673492, 39.0926150397281]], [[-96.55829292249597, 39.0926150397281], [-96.55883191166643, 39.0926150397281], [-96.55883191166643, 39.09207605055763], [-96.55910140625167, 39.09207605055763], [-96.55910140625167, 39.0918065559724], [-96.55883191166643, 39.0918065559724], [-96.55883191166643, 39.09153706138716], [-96.55856241708119, 39.09153706138716], [-96.55856241708119, 39.091267566801925], [-96.55802342791073, 39.091267566801925], [-96.55802342791073, 39.09099807221669], [-96.55856241708119, 39.09099807221669], [-96.55856241708119, 39.091267566801925], [-96.55883191166643, 39.091267566801925], [-96.55883191166643, 39.09045908304622], [-96.55910140625167, 39.09045908304622], [-96.55910140625167, 39.09099807221669], [-96.5593709008369, 39.09099807221669], [-96.5593709008369, 39.09072857763145], [-96.55964039542214, 39.09072857763145], [-96.55964039542214, 39.08992009387575], [-96.5593709008369, 39.08992009387575], [-96.5593709008369, 39.089381104705275], [-96.55964039542214, 39.089381104705275], [-96.55964039542214, 39.089111610120035], [-96.55990989000738, 39.089111610120035], [-96.55990989000738, 39.089381104705275], [-96.56017938459262, 39.089381104705275], [-96.56017938459262, 39.08857262094956], [-96.55964039542214, 39.08857262094956], [-96.55964039542214, 39.08830312636433], [-96.5593709008369, 39.08830312636433], [-96.5593709008369, 39.08857262094956], [-96.55910140625167, 39.08857262094956], [-96.55910140625167, 39.08830312636433], [-96.5593709008369, 39.08830312636433], [-96.5593709008369, 39.0880336317791], [-96.55964039542214, 39.0880336317791], [-96.55964039542214, 39.08776413719386], [-96.5593709008369, 39.08776413719386], [-96.5593709008369, 39.08668615885291], [-96.55883191166643, 39.08668615885291], [-96.55883191166643, 39.08641666426768], [-96.55856241708119, 39.08641666426768], [-96.55856241708119, 39.08668615885291], [-96.55802342791073, 39.08668615885291], [-96.55802342791073, 39.087225148023386], [-96.55775393332549, 39.087225148023386], [-96.55775393332549, 39.087494642608625], [-96.55802342791073, 39.087494642608625], [-96.55802342791073, 39.0880336317791], [-96.55829292249597, 39.0880336317791], [-96.55829292249597, 39.087494642608625], [-96.55856241708119, 39.087494642608625], [-96.55856241708119, 39.08776413719386], [-96.55883191166643, 39.08776413719386], [-96.55883191166643, 39.0888421155348], [-96.55829292249597, 39.0888421155348], [-96.55829292249597, 39.089381104705275], [-96.55775393332549, 39.089381104705275], [-96.55775393332549, 39.089111610120035], [-96.55748443874025, 39.089111610120035], [-96.55748443874025, 39.08830312636433], [-96.55721494415502, 39.08830312636433], [-96.55721494415502, 39.0880336317791], [-96.5564064603993, 39.0880336317791], [-96.5564064603993, 39.08776413719386], [-96.55613696581408, 39.08776413719386], [-96.55613696581408, 39.08857262094956], [-96.55586747122884, 39.08857262094956], [-96.55586747122884, 39.0880336317791], [-96.55532848205837, 39.0880336317791], [-96.55532848205837, 39.08830312636433], [-96.55505898747313, 39.08830312636433], [-96.55505898747313, 39.0880336317791], [-96.55425050371743, 39.0880336317791], [-96.55425050371743, 39.08830312636433], [-96.55478949288789, 39.08830312636433], [-96.55478949288789, 39.08857262094956], [-96.55505898747313, 39.08857262094956], [-96.55505898747313, 39.0888421155348], [-96.55532848205837, 39.0888421155348], [-96.55532848205837, 39.089381104705275], [-96.5555979766436, 39.089381104705275], [-96.5555979766436, 39.08965059929051], [-96.55586747122884, 39.08965059929051], [-96.55586747122884, 39.08992009387575], [-96.55667595498454, 39.08992009387575], [-96.55667595498454, 39.08965059929051], [-96.5564064603993, 39.08965059929051], [-96.5564064603993, 39.089111610120035], [-96.55667595498454, 39.089111610120035], [-96.55667595498454, 39.089381104705275], [-96.55694544956978, 39.089381104705275], [-96.55694544956978, 39.08965059929051], [-96.55721494415502, 39.08965059929051], [-96.55721494415502, 39.08992009387575], [-96.55748443874025, 39.08992009387575], [-96.55748443874025, 39.09018958846098], [-96.5564064603993, 39.09018958846098], [-96.5564064603993, 39.09072857763145], [-96.55586747122884, 39.09072857763145], [-96.55586747122884, 39.09018958846098], [-96.55532848205837, 39.09018958846098], [-96.55532848205837, 39.09045908304622], [-96.55478949288789, 39.09045908304622], [-96.55478949288789, 39.09072857763145], [-96.55425050371743, 39.09072857763145], [-96.55425050371743, 39.09099807221669], [-96.55451999830265, 39.09099807221669], [-96.55451999830265, 39.091267566801925], [-96.55613696581408, 39.091267566801925], [-96.55613696581408, 39.09099807221669], [-96.55667595498454, 39.09099807221669], [-96.55667595498454, 39.09234554514287], [-96.55694544956978, 39.09234554514287], [-96.55694544956978, 39.0918065559724], [-96.55721494415502, 39.0918065559724], [-96.55721494415502, 39.09207605055763], [-96.55748443874025, 39.09207605055763], [-96.55748443874025, 39.0918065559724], [-96.55775393332549, 39.0918065559724], [-96.55775393332549, 39.09153706138716], [-96.55802342791073, 39.09153706138716], [-96.55802342791073, 39.09207605055763], [-96.55829292249597, 39.09207605055763], [-96.55829292249597, 39.0918065559724], [-96.55856241708119, 39.0918065559724], [-96.55856241708119, 39.09207605055763], [-96.55829292249597, 39.09207605055763], [-96.55829292249597, 39.0926150397281]], [[-96.55721494415502, 39.0926150397281], [-96.55775393332549, 39.0926150397281], [-96.55775393332549, 39.09234554514287], [-96.55802342791073, 39.09234554514287], [-96.55802342791073, 39.09207605055763], [-96.55748443874025, 39.09207605055763], [-96.55748443874025, 39.09234554514287], [-96.55721494415502, 39.09234554514287], [-96.55721494415502, 39.0926150397281]], [[-96.5841644026786, 39.09288453431334], [-96.58497288643431, 39.09288453431334], [-96.58497288643431, 39.0926150397281], [-96.5841644026786, 39.0926150397281], [-96.5841644026786, 39.09288453431334]], [[-96.56206584668926, 39.09288453431334], [-96.56233534127449, 39.09288453431334], [-96.56233534127449, 39.0926150397281], [-96.56260483585973, 39.0926150397281], [-96.56260483585973, 39.09234554514287], [-96.56287433044497, 39.09234554514287], [-96.56287433044497, 39.0918065559724], [-96.56233534127449, 39.0918065559724], [-96.56233534127449, 39.09153706138716], [-96.56206584668926, 39.09153706138716], [-96.56206584668926, 39.091267566801925], [-96.56260483585973, 39.091267566801925], [-96.56260483585973, 39.09099807221669], [-96.56206584668926, 39.09099807221669], [-96.56206584668926, 39.09045908304622], [-96.56179635210403, 39.09045908304622], [-96.56179635210403, 39.09018958846098], [-96.56152685751879, 39.09018958846098], [-96.56152685751879, 39.09072857763145], [-96.56179635210403, 39.09072857763145], [-96.56179635210403, 39.09153706138716], [-96.56152685751879, 39.09153706138716], [-96.56152685751879, 39.09072857763145], [-96.56125736293356, 39.09072857763145], [-96.56125736293356, 39.09045908304622], [-96.56098786834832, 39.09045908304622], [-96.56098786834832, 39.09018958846098], [-96.56071837376308, 39.09018958846098], [-96.56071837376308, 39.08965059929051], [-96.56017938459262, 39.08965059929051], [-96.56017938459262, 39.08992009387575], [-96.56044887917784, 39.08992009387575], [-96.56044887917784, 39.09072857763145], [-96.56017938459262, 39.09072857763145], [-96.56017938459262, 39.09153706138716], [-96.56071837376308, 39.09153706138716], [-96.56071837376308, 39.09099807221669], [-96.56098786834832, 39.09099807221669], [-96.56098786834832, 39.09153706138716], [-96.56125736293356, 39.09153706138716], [-96.56125736293356, 39.0918065559724], [-96.56152685751879, 39.0918065559724], [-96.56152685751879, 39.09207605055763], [-96.56179635210403, 39.09207605055763], [-96.56179635210403, 39.09234554514287], [-96.56206584668926, 39.09234554514287], [-96.56206584668926, 39.09288453431334]], [[-96.56233534127449, 39.093154028898574], [-96.56260483585973, 39.093154028898574], [-96.56260483585973, 39.09288453431334], [-96.56233534127449, 39.09288453431334], [-96.56233534127449, 39.093154028898574]], [[-96.581199962241, 39.093423523483814], [-96.58173895141148, 39.093423523483814], [-96.58173895141148, 39.093154028898574], [-96.58200844599672, 39.093154028898574], [-96.58200844599672, 39.09288453431334], [-96.581199962241, 39.09288453431334], [-96.581199962241, 39.093423523483814]], [[-96.57446259761011, 39.093423523483814], [-96.57473209219535, 39.093423523483814], [-96.57473209219535, 39.093154028898574], [-96.57446259761011, 39.093154028898574], [-96.57446259761011, 39.093423523483814]], [[-96.5661082654678, 39.093423523483814], [-96.56637776005303, 39.093423523483814], [-96.56637776005303, 39.093154028898574], [-96.5661082654678, 39.093154028898574], [-96.5661082654678, 39.093423523483814]], [[-96.56287433044497, 39.093423523483814], [-96.56314382503021, 39.093423523483814], [-96.56314382503021, 39.093154028898574], [-96.56287433044497, 39.093154028898574], [-96.56287433044497, 39.093423523483814]], [[-96.5938662077471, 39.09423200723952], [-96.59440519691756, 39.09423200723952], [-96.59440519691756, 39.09369301806905], [-96.59413570233232, 39.09369301806905], [-96.59413570233232, 39.09396251265429], [-96.5938662077471, 39.09396251265429], [-96.5938662077471, 39.09423200723952]], [[-96.58227794058195, 39.09423200723952], [-96.58254743516719, 39.09423200723952], [-96.58254743516719, 39.09369301806905], [-96.58281692975243, 39.09369301806905], [-96.58281692975243, 39.093423523483814], [-96.58227794058195, 39.093423523483814], [-96.58227794058195, 39.09423200723952]], [[-96.5946746915028, 39.09450150182475], [-96.59494418608803, 39.09450150182475], [-96.59494418608803, 39.09423200723952], [-96.59521368067327, 39.09423200723952], [-96.59521368067327, 39.09369301806905], [-96.5946746915028, 39.09369301806905], [-96.5946746915028, 39.09450150182475]], [[-96.58982378896856, 39.09450150182475], [-96.59063227272426, 39.09450150182475], [-96.59063227272426, 39.09396251265429], [-96.59036277813902, 39.09396251265429], [-96.59036277813902, 39.09369301806905], [-96.59063227272426, 39.09369301806905], [-96.59063227272426, 39.093423523483814], [-96.58982378896856, 39.093423523483814], [-96.58982378896856, 39.09450150182475]], [[-96.59521368067327, 39.09477099640999], [-96.59548317525851, 39.09477099640999], [-96.59548317525851, 39.09450150182475], [-96.59629165901421, 39.09450150182475], [-96.59629165901421, 39.09423200723952], [-96.59656115359945, 39.09423200723952], [-96.59656115359945, 39.09369301806905], [-96.59575266984375, 39.09369301806905], [-96.59575266984375, 39.093423523483814], [-96.59602216442897, 39.093423523483814], [-96.59602216442897, 39.0926150397281], [-96.59575266984375, 39.0926150397281], [-96.59575266984375, 39.0918065559724], [-96.59602216442897, 39.0918065559724], [-96.59602216442897, 39.09153706138716], [-96.59548317525851, 39.09153706138716], [-96.59548317525851, 39.09207605055763], [-96.59521368067327, 39.09207605055763], [-96.59521368067327, 39.0926150397281], [-96.59494418608803, 39.0926150397281], [-96.59494418608803, 39.09288453431334], [-96.59548317525851, 39.09288453431334], [-96.59548317525851, 39.09423200723952], [-96.59521368067327, 39.09423200723952], [-96.59521368067327, 39.09477099640999]], [[-96.56583877088256, 39.09477099640999], [-96.5661082654678, 39.09477099640999], [-96.5661082654678, 39.09450150182475], [-96.56583877088256, 39.09450150182475], [-96.56583877088256, 39.09477099640999]], [[-96.56476079254162, 39.09477099640999], [-96.56529978171208, 39.09477099640999], [-96.56529978171208, 39.09450150182475], [-96.56476079254162, 39.09450150182475], [-96.56476079254162, 39.09477099640999]], [[-96.56179635210403, 39.09477099640999], [-96.56206584668926, 39.09477099640999], [-96.56206584668926, 39.09450150182475], [-96.56179635210403, 39.09450150182475], [-96.56179635210403, 39.09477099640999]], [[-96.58254743516719, 39.095040490995224], [-96.58281692975243, 39.095040490995224], [-96.58281692975243, 39.09477099640999], [-96.58254743516719, 39.09477099640999], [-96.58254743516719, 39.095040490995224]], [[-96.58066097307054, 39.095309985580464], [-96.58093046765578, 39.095309985580464], [-96.58093046765578, 39.095040490995224], [-96.58066097307054, 39.095040490995224], [-96.58066097307054, 39.095309985580464]], [[-96.576618554292, 39.095309985580464], [-96.57688804887724, 39.095309985580464], [-96.57688804887724, 39.095040490995224], [-96.576618554292, 39.095040490995224], [-96.576618554292, 39.095309985580464]], [[-96.57203714634299, 39.095309985580464], [-96.57230664092822, 39.095309985580464], [-96.57230664092822, 39.095040490995224], [-96.57203714634299, 39.095040490995224], [-96.57203714634299, 39.095309985580464]], [[-96.56664725463827, 39.095848974750936], [-96.56691674922351, 39.095848974750936], [-96.56691674922351, 39.095309985580464], [-96.56664725463827, 39.095309985580464], [-96.56664725463827, 39.095848974750936]], [[-96.56503028712686, 39.095848974750936], [-96.56556927629732, 39.095848974750936], [-96.56556927629732, 39.095579480165696], [-96.56503028712686, 39.095579480165696], [-96.56503028712686, 39.095848974750936]], [[-96.56206584668926, 39.095848974750936], [-96.56314382503021, 39.095848974750936], [-96.56314382503021, 39.095579480165696], [-96.56395230878591, 39.095579480165696], [-96.56395230878591, 39.095309985580464], [-96.56422180337115, 39.095309985580464], [-96.56422180337115, 39.09477099640999], [-96.56449129795638, 39.09477099640999], [-96.56449129795638, 39.09450150182475], [-96.56395230878591, 39.09450150182475], [-96.56395230878591, 39.095040490995224], [-96.56314382503021, 39.095040490995224], [-96.56314382503021, 39.09477099640999], [-96.56287433044497, 39.09477099640999], [-96.56287433044497, 39.095309985580464], [-96.56260483585973, 39.095309985580464], [-96.56260483585973, 39.095040490995224], [-96.56206584668926, 39.095040490995224], [-96.56206584668926, 39.095309985580464], [-96.56179635210403, 39.095309985580464], [-96.56179635210403, 39.095579480165696], [-96.56206584668926, 39.095579480165696], [-96.56206584668926, 39.095848974750936]], [[-96.58712884311619, 39.09611846933617], [-96.58739833770143, 39.09611846933617], [-96.58739833770143, 39.095848974750936], [-96.58712884311619, 39.095848974750936], [-96.58712884311619, 39.09611846933617]], [[-96.57338461926916, 39.09611846933617], [-96.5736541138544, 39.09611846933617], [-96.5736541138544, 39.095848974750936], [-96.57338461926916, 39.095848974750936], [-96.57338461926916, 39.09611846933617]], [[-96.56152685751879, 39.09611846933617], [-96.56179635210403, 39.09611846933617], [-96.56179635210403, 39.095579480165696], [-96.56125736293356, 39.095579480165696], [-96.56125736293356, 39.095848974750936], [-96.56152685751879, 39.095848974750936], [-96.56152685751879, 39.09611846933617]], [[-96.56044887917784, 39.09638796392141], [-96.56098786834832, 39.09638796392141], [-96.56098786834832, 39.09611846933617], [-96.56071837376308, 39.09611846933617], [-96.56071837376308, 39.095309985580464], [-96.56044887917784, 39.095309985580464], [-96.56044887917784, 39.09638796392141]], [[-96.55990989000738, 39.09638796392141], [-96.56017938459262, 39.09638796392141], [-96.56017938459262, 39.09611846933617], [-96.55990989000738, 39.09611846933617], [-96.55990989000738, 39.09638796392141]], [[-96.59063227272426, 39.09665745850664], [-96.5909017673095, 39.09665745850664], [-96.5909017673095, 39.09611846933617], [-96.59117126189473, 39.09611846933617], [-96.59117126189473, 39.095579480165696], [-96.59144075647997, 39.095579480165696], [-96.59144075647997, 39.09477099640999], [-96.59063227272426, 39.09477099640999], [-96.59063227272426, 39.095040490995224], [-96.59036277813902, 39.095040490995224], [-96.59036277813902, 39.09611846933617], [-96.59063227272426, 39.09611846933617], [-96.59063227272426, 39.09665745850664]], [[-96.57634905970676, 39.09665745850664], [-96.576618554292, 39.09665745850664], [-96.576618554292, 39.09638796392141], [-96.57688804887724, 39.09638796392141], [-96.57688804887724, 39.09611846933617], [-96.576618554292, 39.09611846933617], [-96.576618554292, 39.095848974750936], [-96.57688804887724, 39.095848974750936], [-96.57688804887724, 39.095579480165696], [-96.576618554292, 39.095579480165696], [-96.576618554292, 39.095309985580464], [-96.57634905970676, 39.095309985580464], [-96.57634905970676, 39.095848974750936], [-96.57607956512153, 39.095848974750936], [-96.57607956512153, 39.09638796392141], [-96.57634905970676, 39.09638796392141], [-96.57634905970676, 39.09665745850664]], [[-96.56772523297921, 39.09665745850664], [-96.56799472756445, 39.09665745850664], [-96.56799472756445, 39.09611846933617], [-96.56772523297921, 39.09611846933617], [-96.56772523297921, 39.09665745850664]], [[-96.56691674922351, 39.09665745850664], [-96.56718624380875, 39.09665745850664], [-96.56718624380875, 39.09638796392141], [-96.56691674922351, 39.09638796392141], [-96.56691674922351, 39.09665745850664]], [[-96.56017938459262, 39.09665745850664], [-96.56044887917784, 39.09665745850664], [-96.56044887917784, 39.09638796392141], [-96.56017938459262, 39.09638796392141], [-96.56017938459262, 39.09665745850664]], [[-96.57904400555913, 39.09692695309188], [-96.57931350014435, 39.09692695309188], [-96.57931350014435, 39.09665745850664], [-96.57904400555913, 39.09665745850664], [-96.57904400555913, 39.09692695309188]], [[-96.56556927629732, 39.09692695309188], [-96.56583877088256, 39.09692695309188], [-96.56583877088256, 39.09638796392141], [-96.56556927629732, 39.09638796392141], [-96.56556927629732, 39.09692695309188]], [[-96.56044887917784, 39.09692695309188], [-96.56071837376308, 39.09692695309188], [-96.56071837376308, 39.09665745850664], [-96.56044887917784, 39.09665745850664], [-96.56044887917784, 39.09692695309188]], [[-96.58551187560478, 39.09719644767711], [-96.58605086477525, 39.09719644767711], [-96.58605086477525, 39.09692695309188], [-96.58578137019002, 39.09692695309188], [-96.58578137019002, 39.09665745850664], [-96.58524238101954, 39.09665745850664], [-96.58524238101954, 39.09692695309188], [-96.58551187560478, 39.09692695309188], [-96.58551187560478, 39.09719644767711]], [[-96.5555979766436, 39.09450150182475], [-96.55586747122884, 39.09450150182475], [-96.55586747122884, 39.09423200723952], [-96.5555979766436, 39.09423200723952], [-96.5555979766436, 39.09450150182475]], [[-96.55613696581408, 39.09611846933617], [-96.55667595498454, 39.09611846933617], [-96.55667595498454, 39.095848974750936], [-96.55694544956978, 39.095848974750936], [-96.55694544956978, 39.095579480165696], [-96.5564064603993, 39.095579480165696], [-96.5564064603993, 39.095848974750936], [-96.55613696581408, 39.095848974750936], [-96.55613696581408, 39.09611846933617]], [[-96.59036277813902, 39.097465942262346], [-96.59063227272426, 39.097465942262346], [-96.59063227272426, 39.09719644767711], [-96.59036277813902, 39.09719644767711], [-96.59036277813902, 39.097465942262346]], [[-96.58658985394572, 39.097465942262346], [-96.58739833770143, 39.097465942262346], [-96.58739833770143, 39.09719644767711], [-96.58712884311619, 39.09719644767711], [-96.58712884311619, 39.09692695309188], [-96.58632035936049, 39.09692695309188], [-96.58632035936049, 39.09719644767711], [-96.58658985394572, 39.09719644767711], [-96.58658985394572, 39.097465942262346]], [[-96.59224924023567, 39.097735436847586], [-96.59278822940615, 39.097735436847586], [-96.59278822940615, 39.09719644767711], [-96.59332721857662, 39.09719644767711], [-96.59332721857662, 39.09692695309188], [-96.59359671316186, 39.09692695309188], [-96.59359671316186, 39.095848974750936], [-96.59332721857662, 39.095848974750936], [-96.59332721857662, 39.095579480165696], [-96.5938662077471, 39.095579480165696], [-96.5938662077471, 39.095040490995224], [-96.59332721857662, 39.095040490995224], [-96.59332721857662, 39.095309985580464], [-96.59305772399138, 39.095309985580464], [-96.59305772399138, 39.095848974750936], [-96.59278822940615, 39.095848974750936], [-96.59278822940615, 39.095579480165696], [-96.59251873482091, 39.095579480165696], [-96.59251873482091, 39.095848974750936], [-96.59197974565043, 39.095848974750936], [-96.59197974565043, 39.09611846933617], [-96.59224924023567, 39.09611846933617], [-96.59224924023567, 39.09638796392141], [-96.59197974565043, 39.09638796392141], [-96.59197974565043, 39.09611846933617], [-96.59171025106521, 39.09611846933617], [-96.59171025106521, 39.09638796392141], [-96.59144075647997, 39.09638796392141], [-96.59144075647997, 39.09719644767711], [-96.59117126189473, 39.09719644767711], [-96.59117126189473, 39.097465942262346], [-96.59224924023567, 39.097465942262346], [-96.59224924023567, 39.097735436847586]], [[-96.59009328355378, 39.097735436847586], [-96.59036277813902, 39.097735436847586], [-96.59036277813902, 39.097465942262346], [-96.59009328355378, 39.097465942262346], [-96.59009328355378, 39.097735436847586]], [[-96.58389490809337, 39.097735436847586], [-96.5841644026786, 39.097735436847586], [-96.5841644026786, 39.097465942262346], [-96.58389490809337, 39.097465942262346], [-96.58389490809337, 39.097735436847586]], [[-96.58281692975243, 39.097735436847586], [-96.58308642433765, 39.097735436847586], [-96.58308642433765, 39.097465942262346], [-96.58362541350813, 39.097465942262346], [-96.58362541350813, 39.09719644767711], [-96.58335591892289, 39.09719644767711], [-96.58335591892289, 39.09638796392141], [-96.58308642433765, 39.09638796392141], [-96.58308642433765, 39.09611846933617], [-96.58335591892289, 39.09611846933617], [-96.58335591892289, 39.095848974750936], [-96.58281692975243, 39.095848974750936], [-96.58281692975243, 39.09611846933617], [-96.58227794058195, 39.09611846933617], [-96.58227794058195, 39.09638796392141], [-96.58281692975243, 39.09638796392141], [-96.58281692975243, 39.09665745850664], [-96.58200844599672, 39.09665745850664], [-96.58200844599672, 39.09611846933617], [-96.58173895141148, 39.09611846933617], [-96.58173895141148, 39.09638796392141], [-96.581199962241, 39.09638796392141], [-96.581199962241, 39.09665745850664], [-96.58173895141148, 39.09665745850664], [-96.58173895141148, 39.09692695309188], [-96.58146945682624, 39.09692695309188], [-96.58146945682624, 39.09719644767711], [-96.58200844599672, 39.09719644767711], [-96.58200844599672, 39.097465942262346], [-96.58281692975243, 39.097465942262346], [-96.58281692975243, 39.097735436847586]], [[-96.58955429438332, 39.09800493143282], [-96.58982378896856, 39.09800493143282], [-96.58982378896856, 39.097735436847586], [-96.58955429438332, 39.097735436847586], [-96.58955429438332, 39.09800493143282]], [[-96.5841644026786, 39.09800493143282], [-96.58443389726384, 39.09800493143282], [-96.58443389726384, 39.097735436847586], [-96.5841644026786, 39.097735436847586], [-96.5841644026786, 39.09800493143282]], [[-96.57446259761011, 39.09800493143282], [-96.57473209219535, 39.09800493143282], [-96.57473209219535, 39.097465942262346], [-96.57446259761011, 39.097465942262346], [-96.57446259761011, 39.09800493143282]], [[-96.59197974565043, 39.09827442601806], [-96.59224924023567, 39.09827442601806], [-96.59224924023567, 39.09800493143282], [-96.59197974565043, 39.09800493143282], [-96.59197974565043, 39.09827442601806]], [[-96.55856241708119, 39.09827442601806], [-96.55883191166643, 39.09827442601806], [-96.55883191166643, 39.097465942262346], [-96.55856241708119, 39.097465942262346], [-96.55856241708119, 39.097735436847586], [-96.55829292249597, 39.097735436847586], [-96.55829292249597, 39.09800493143282], [-96.55856241708119, 39.09800493143282], [-96.55856241708119, 39.09827442601806]], [[-96.55883191166643, 39.09854392060329], [-96.55910140625167, 39.09854392060329], [-96.55910140625167, 39.09827442601806], [-96.55883191166643, 39.09827442601806], [-96.55883191166643, 39.09854392060329]], [[-96.55964039542214, 39.09881341518853], [-96.55990989000738, 39.09881341518853], [-96.55990989000738, 39.09854392060329], [-96.55964039542214, 39.09854392060329], [-96.55964039542214, 39.09881341518853]], [[-96.59332721857662, 39.099352404359], [-96.59359671316186, 39.099352404359], [-96.59359671316186, 39.09908290977376], [-96.59332721857662, 39.09908290977376], [-96.59332721857662, 39.099352404359]], [[-96.5782355218034, 39.099352404359], [-96.57850501638865, 39.099352404359], [-96.57850501638865, 39.09908290977376], [-96.57877451097389, 39.09908290977376], [-96.57877451097389, 39.09827442601806], [-96.57904400555913, 39.09827442601806], [-96.57904400555913, 39.097735436847586], [-96.57931350014435, 39.097735436847586], [-96.57931350014435, 39.09719644767711], [-96.57904400555913, 39.09719644767711], [-96.57904400555913, 39.097465942262346], [-96.57877451097389, 39.097465942262346], [-96.57877451097389, 39.09800493143282], [-96.57850501638865, 39.09800493143282], [-96.57850501638865, 39.09881341518853], [-96.5782355218034, 39.09881341518853], [-96.5782355218034, 39.099352404359]], [[-96.56071837376308, 39.099352404359], [-96.56098786834832, 39.099352404359], [-96.56098786834832, 39.09908290977376], [-96.56071837376308, 39.09908290977376], [-96.56071837376308, 39.099352404359]], [[-96.59359671316186, 39.099621898944235], [-96.5938662077471, 39.099621898944235], [-96.5938662077471, 39.099352404359], [-96.59359671316186, 39.099352404359], [-96.59359671316186, 39.099621898944235]], [[-96.58443389726384, 39.099621898944235], [-96.58470339184908, 39.099621898944235], [-96.58470339184908, 39.09908290977376], [-96.58443389726384, 39.09908290977376], [-96.58443389726384, 39.09854392060329], [-96.58389490809337, 39.09854392060329], [-96.58389490809337, 39.09827442601806], [-96.58362541350813, 39.09827442601806], [-96.58362541350813, 39.09800493143282], [-96.58335591892289, 39.09800493143282], [-96.58335591892289, 39.097735436847586], [-96.58308642433765, 39.097735436847586], [-96.58308642433765, 39.09854392060329], [-96.58362541350813, 39.09854392060329], [-96.58362541350813, 39.09881341518853], [-96.58389490809337, 39.09881341518853], [-96.58389490809337, 39.09908290977376], [-96.5841644026786, 39.09908290977376], [-96.5841644026786, 39.099352404359], [-96.58443389726384, 39.099352404359], [-96.58443389726384, 39.099621898944235]], [[-96.56449129795638, 39.099891393529475], [-96.56476079254162, 39.099891393529475], [-96.56476079254162, 39.099621898944235], [-96.56449129795638, 39.099621898944235], [-96.56449129795638, 39.099891393529475]], [[-96.57796602721818, 39.10016088811471], [-96.5782355218034, 39.10016088811471], [-96.5782355218034, 39.099621898944235], [-96.57796602721818, 39.099621898944235], [-96.57796602721818, 39.10016088811471]], [[-96.5946746915028, 39.10043038269994], [-96.59548317525851, 39.10043038269994], [-96.59548317525851, 39.10016088811471], [-96.5946746915028, 39.10016088811471], [-96.5946746915028, 39.10043038269994]], [[-96.59413570233232, 39.10043038269994], [-96.59440519691756, 39.10043038269994], [-96.59440519691756, 39.099891393529475], [-96.59413570233232, 39.099891393529475], [-96.59413570233232, 39.10043038269994]], [[-96.59332721857662, 39.10069987728518], [-96.5938662077471, 39.10069987728518], [-96.5938662077471, 39.10016088811471], [-96.59332721857662, 39.10016088811471], [-96.59332721857662, 39.10069987728518]], [[-96.59413570233232, 39.10096937187041], [-96.59440519691756, 39.10096937187041], [-96.59440519691756, 39.10069987728518], [-96.59413570233232, 39.10069987728518], [-96.59413570233232, 39.10096937187041]], [[-96.56368281420067, 39.10123886645565], [-96.56395230878591, 39.10123886645565], [-96.56395230878591, 39.10096937187041], [-96.56368281420067, 39.10096937187041], [-96.56368281420067, 39.10123886645565]], [[-96.56772523297921, 39.1023168447966], [-96.56799472756445, 39.1023168447966], [-96.56799472756445, 39.10204735021136], [-96.56772523297921, 39.10204735021136], [-96.56772523297921, 39.1023168447966]], [[-96.56799472756445, 39.10258633938183], [-96.56826422214968, 39.10258633938183], [-96.56826422214968, 39.1023168447966], [-96.56799472756445, 39.1023168447966], [-96.56799472756445, 39.10258633938183]], [[-96.57338461926916, 39.1031253285523], [-96.5736541138544, 39.1031253285523], [-96.5736541138544, 39.10285583396707], [-96.57338461926916, 39.10285583396707], [-96.57338461926916, 39.1031253285523]], [[-96.57042017883157, 39.1031253285523], [-96.57095916800205, 39.1031253285523], [-96.57095916800205, 39.10258633938183], [-96.57042017883157, 39.10258633938183], [-96.57042017883157, 39.1031253285523]], [[-96.56826422214968, 39.1031253285523], [-96.5690727059054, 39.1031253285523], [-96.5690727059054, 39.10285583396707], [-96.56826422214968, 39.10285583396707], [-96.56826422214968, 39.1031253285523]], [[-96.56799472756445, 39.103394823137535], [-96.56826422214968, 39.103394823137535], [-96.56826422214968, 39.1031253285523], [-96.56799472756445, 39.1031253285523], [-96.56799472756445, 39.103394823137535]], [[-96.57095916800205, 39.10393381230801], [-96.57149815717251, 39.10393381230801], [-96.57149815717251, 39.103664317722775], [-96.57095916800205, 39.103664317722775], [-96.57095916800205, 39.10393381230801]], [[-96.5661082654678, 39.10393381230801], [-96.56637776005303, 39.10393381230801], [-96.56637776005303, 39.103664317722775], [-96.5661082654678, 39.103664317722775], [-96.5661082654678, 39.10393381230801]], [[-96.5698811896611, 39.10447280147848], [-96.57015068424634, 39.10447280147848], [-96.57015068424634, 39.10420330689325], [-96.5698811896611, 39.10420330689325], [-96.5698811896611, 39.10447280147848]], [[-96.57176765175775, 39.10528128523419], [-96.57230664092822, 39.10528128523419], [-96.57230664092822, 39.10501179064895], [-96.57203714634299, 39.10501179064895], [-96.57203714634299, 39.10474229606372], [-96.57176765175775, 39.10474229606372], [-96.57176765175775, 39.10528128523419]], [[-96.5698811896611, 39.10528128523419], [-96.57042017883157, 39.10528128523419], [-96.57042017883157, 39.10447280147848], [-96.57015068424634, 39.10447280147848], [-96.57015068424634, 39.10474229606372], [-96.5698811896611, 39.10474229606372], [-96.5698811896611, 39.10528128523419]], [[-96.57392360843964, 39.105550779819424], [-96.57419310302487, 39.105550779819424], [-96.57419310302487, 39.10501179064895], [-96.57392360843964, 39.10501179064895], [-96.57392360843964, 39.105550779819424]], [[-96.57257613551346, 39.105550779819424], [-96.5728456300987, 39.105550779819424], [-96.5728456300987, 39.10501179064895], [-96.57257613551346, 39.10501179064895], [-96.57257613551346, 39.105550779819424]], [[-96.57149815717251, 39.105820274404664], [-96.57176765175775, 39.105820274404664], [-96.57176765175775, 39.10528128523419], [-96.57149815717251, 39.10528128523419], [-96.57149815717251, 39.105820274404664]], [[-96.57904400555913, 39.10635926357513], [-96.57931350014435, 39.10635926357513], [-96.57931350014435, 39.1060897689899], [-96.57904400555913, 39.1060897689899], [-96.57904400555913, 39.10635926357513]], [[-96.58146945682624, 39.10662875816037], [-96.58173895141148, 39.10662875816037], [-96.58173895141148, 39.10635926357513], [-96.58200844599672, 39.10635926357513], [-96.58200844599672, 39.1060897689899], [-96.58146945682624, 39.1060897689899], [-96.58146945682624, 39.10662875816037]], [[-96.5728456300987, 39.10662875816037], [-96.5736541138544, 39.10662875816037], [-96.5736541138544, 39.10635926357513], [-96.5728456300987, 39.10635926357513], [-96.5728456300987, 39.10662875816037]], [[-96.57176765175775, 39.10662875816037], [-96.57203714634299, 39.10662875816037], [-96.57203714634299, 39.10635926357513], [-96.57176765175775, 39.10635926357513], [-96.57176765175775, 39.10662875816037]], [[-96.58335591892289, 39.10716774733084], [-96.58389490809337, 39.10716774733084], [-96.58389490809337, 39.10662875816037], [-96.58335591892289, 39.10662875816037], [-96.58335591892289, 39.10716774733084]], [[-96.58012198390006, 39.107437241916074], [-96.5803914784853, 39.107437241916074], [-96.5803914784853, 39.10716774733084], [-96.58012198390006, 39.10716774733084], [-96.58012198390006, 39.107437241916074]], [[-96.57877451097389, 39.107437241916074], [-96.57904400555913, 39.107437241916074], [-96.57904400555913, 39.10716774733084], [-96.57931350014435, 39.10716774733084], [-96.57931350014435, 39.1068982527456], [-96.57877451097389, 39.1068982527456], [-96.57877451097389, 39.107437241916074]], [[-96.5782355218034, 39.107437241916074], [-96.57850501638865, 39.107437241916074], [-96.57850501638865, 39.10716774733084], [-96.5782355218034, 39.10716774733084], [-96.5782355218034, 39.107437241916074]], [[-96.58227794058195, 39.107706736501314], [-96.58254743516719, 39.107706736501314], [-96.58254743516719, 39.107437241916074], [-96.58281692975243, 39.107437241916074], [-96.58281692975243, 39.107706736501314], [-96.58362541350813, 39.107706736501314], [-96.58362541350813, 39.107437241916074], [-96.58335591892289, 39.107437241916074], [-96.58335591892289, 39.10716774733084], [-96.58308642433765, 39.10716774733084], [-96.58308642433765, 39.10662875816037], [-96.58254743516719, 39.10662875816037], [-96.58254743516719, 39.10716774733084], [-96.58227794058195, 39.10716774733084], [-96.58227794058195, 39.107706736501314]], [[-96.57257613551346, 39.107706736501314], [-96.5728456300987, 39.107706736501314], [-96.5728456300987, 39.107437241916074], [-96.57392360843964, 39.107437241916074], [-96.57392360843964, 39.10716774733084], [-96.57257613551346, 39.10716774733084], [-96.57257613551346, 39.107706736501314]], [[-96.58200844599672, 39.107976231086546], [-96.58227794058195, 39.107976231086546], [-96.58227794058195, 39.107706736501314], [-96.58200844599672, 39.107706736501314], [-96.58200844599672, 39.107976231086546]], [[-96.58093046765578, 39.107976231086546], [-96.581199962241, 39.107976231086546], [-96.581199962241, 39.107706736501314], [-96.58093046765578, 39.107706736501314], [-96.58093046765578, 39.107976231086546]], [[-96.57688804887724, 39.107976231086546], [-96.5774270380477, 39.107976231086546], [-96.5774270380477, 39.107706736501314], [-96.57688804887724, 39.107706736501314], [-96.57688804887724, 39.107976231086546]], [[-96.5782355218034, 39.10851522025702], [-96.57850501638865, 39.10851522025702], [-96.57850501638865, 39.108245725671786], [-96.5782355218034, 39.108245725671786], [-96.5782355218034, 39.10851522025702]], [[-96.58901530521284, 39.10878471484226], [-96.58928479979808, 39.10878471484226], [-96.58928479979808, 39.107976231086546], [-96.58901530521284, 39.107976231086546], [-96.58901530521284, 39.10878471484226]], [[-96.5841644026786, 39.10878471484226], [-96.58443389726384, 39.10878471484226], [-96.58443389726384, 39.10851522025702], [-96.5841644026786, 39.10851522025702], [-96.5841644026786, 39.10878471484226]], [[-96.58874581062761, 39.10959319859796], [-96.58955429438332, 39.10959319859796], [-96.58955429438332, 39.10905420942749], [-96.58820682145713, 39.10905420942749], [-96.58820682145713, 39.10932370401273], [-96.58874581062761, 39.10932370401273], [-96.58874581062761, 39.10959319859796]]]}, "id": "-358408+145126", "properties": {"count": 11190, "label": 1}}, {"type": "Feature", "geometry": {"geodesic": false, "type": "Polygon", "coordinates": [[[-96.58928479979808, 39.081026772562964], [-96.58901530521284, 39.081026772562964], [-96.58901530521284, 39.0812962671482], [-96.58928479979808, 39.0812962671482], [-96.58928479979808, 39.081026772562964]]]}, "id": "-358409+145016", "properties": {"count": 1, "label": 0}}, {"type": "Feature", "geometry": {"geodesic": false, "type": "Polygon", "coordinates": [[[-96.58928479979808, 39.107976231086546], [-96.58901530521284, 39.107976231086546], [-96.58901530521284, 39.10878471484226], [-96.58928479979808, 39.10878471484226], [-96.58928479979808, 39.107976231086546]]]}, "id": "-358409+145118", "properties": {"count": 3, "label": 0}}, {"type": "Feature", "geometry": {"geodesic": false, "type": "Polygon", "coordinates": [[[-96.5909017673095, 39.082643740074374], [-96.5909017673095, 39.08237424548914], [-96.59036277813902, 39.08237424548914], [-96.59036277813902, 39.08210475090391], [-96.59009328355378, 39.08210475090391], [-96.59009328355378, 39.08183525631867], [-96.58982378896856, 39.08183525631867], [-96.58982378896856, 39.08210475090391], [-96.58928479979808, 39.08210475090391], [-96.58928479979808, 39.082643740074374], [-96.5909017673095, 39.082643740074374]]]}, "id": "-358410+145021", "properties": {"count": 11, "label": 0}}, {"type": "Feature", "geometry": {"geodesic": false, "type": "Polygon", "coordinates": [[[-96.58955429438332, 39.089381104705275], [-96.58955429438332, 39.089111610120035], [-96.59009328355378, 39.089111610120035], [-96.59009328355378, 39.08857262094956], [-96.59036277813902, 39.08857262094956], [-96.59036277813902, 39.0880336317791], [-96.5909017673095, 39.0880336317791], [-96.5909017673095, 39.08776413719386], [-96.59144075647997, 39.08776413719386], [-96.59144075647997, 39.087494642608625], [-96.59197974565043, 39.087494642608625], [-96.59197974565043, 39.08695565343815], [-96.59224924023567, 39.08695565343815], [-96.59224924023567, 39.08641666426768], [-96.59251873482091, 39.08641666426768], [-96.59251873482091, 39.08614716968244], [-96.59278822940615, 39.08614716968244], [-96.59278822940615, 39.08641666426768], [-96.59332721857662, 39.08641666426768], [-96.59332721857662, 39.08614716968244], [-96.5938662077471, 39.08614716968244], [-96.5938662077471, 39.08587767509721], [-96.59413570233232, 39.08587767509721], [-96.59413570233232, 39.08560818051197], [-96.59359671316186, 39.08560818051197], [-96.59359671316186, 39.084799696756264], [-96.59332721857662, 39.084799696756264], [-96.59332721857662, 39.08614716968244], [-96.59278822940615, 39.08614716968244], [-96.59278822940615, 39.08587767509721], [-96.59197974565043, 39.08587767509721], [-96.59197974565043, 39.08668615885291], [-96.59171025106521, 39.08668615885291], [-96.59171025106521, 39.08641666426768], [-96.59144075647997, 39.08641666426768], [-96.59144075647997, 39.08668615885291], [-96.59171025106521, 39.08668615885291], [-96.59171025106521, 39.08695565343815], [-96.59036277813902, 39.08695565343815], [-96.59036277813902, 39.087494642608625], [-96.59009328355378, 39.087494642608625], [-96.59009328355378, 39.08776413719386], [-96.58982378896856, 39.08776413719386], [-96.58982378896856, 39.0880336317791], [-96.59009328355378, 39.0880336317791], [-96.59009328355378, 39.08830312636433], [-96.58982378896856, 39.08830312636433], [-96.58982378896856, 39.08857262094956], [-96.58928479979808, 39.08857262094956], [-96.58928479979808, 39.089381104705275], [-96.58955429438332, 39.089381104705275]]]}, "id": "-358410+145046", "properties": {"count": 50, "label": 0}}, {"type": "Feature", "geometry": {"geodesic": false, "type": "Polygon", "coordinates": [[[-96.58982378896856, 39.097735436847586], [-96.58955429438332, 39.097735436847586], [-96.58955429438332, 39.09800493143282], [-96.58982378896856, 39.09800493143282], [-96.58982378896856, 39.097735436847586]]]}, "id": "-358411+145078", "properties": {"count": 1, "label": 0}}, {"type": "Feature", "geometry": {"geodesic": false, "type": "Polygon", "coordinates": [[[-96.58982378896856, 39.10635926357513], [-96.58955429438332, 39.10635926357513], [-96.58955429438332, 39.1068982527456], [-96.58982378896856, 39.1068982527456], [-96.58982378896856, 39.10635926357513]]]}, "id": "-358411+145111", "properties": {"count": 2, "label": 0}}, {"type": "Feature", "geometry": {"geodesic": false, "type": "Polygon", "coordinates": [[[-96.59009328355378, 39.08156576173344], [-96.59009328355378, 39.0812962671482], [-96.59036277813902, 39.0812962671482], [-96.59036277813902, 39.081026772562964], [-96.58982378896856, 39.081026772562964], [-96.58982378896856, 39.080757277977725], [-96.58955429438332, 39.080757277977725], [-96.58955429438332, 39.081026772562964], [-96.58982378896856, 39.081026772562964], [-96.58982378896856, 39.08156576173344], [-96.59009328355378, 39.08156576173344]]]}, "id": "-358412+145017", "properties": {"count": 4, "label": 0}}, {"type": "Feature", "geometry": {"geodesic": false, "type": "Polygon", "coordinates": [[[-96.59009328355378, 39.108245725671786], [-96.59009328355378, 39.107706736501314], [-96.58982378896856, 39.107706736501314], [-96.58982378896856, 39.107437241916074], [-96.58955429438332, 39.107437241916074], [-96.58955429438332, 39.107976231086546], [-96.58982378896856, 39.107976231086546], [-96.58982378896856, 39.108245725671786], [-96.59009328355378, 39.108245725671786]]]}, "id": "-358412+145116", "properties": {"count": 4, "label": 0}}, {"type": "Feature", "geometry": {"geodesic": false, "type": "Polygon", "coordinates": [[[-96.59063227272426, 39.079140310466315], [-96.59009328355378, 39.079140310466315], [-96.59009328355378, 39.07940980505155], [-96.59063227272426, 39.07940980505155], [-96.59063227272426, 39.079140310466315]]]}, "id": "-358413+145009", "properties": {"count": 2, "label": 0}}, {"type": "Feature", "geometry": {"geodesic": false, "type": "Polygon", "coordinates": [[[-96.5909017673095, 39.09665745850664], [-96.5909017673095, 39.09611846933617], [-96.59117126189473, 39.09611846933617], [-96.59117126189473, 39.095579480165696], [-96.59144075647997, 39.095579480165696], [-96.59144075647997, 39.09477099640999], [-96.59063227272426, 39.09477099640999], [-96.59063227272426, 39.095040490995224], [-96.59036277813902, 39.095040490995224], [-96.59036277813902, 39.09611846933617], [-96.59063227272426, 39.09611846933617], [-96.59063227272426, 39.09665745850664], [-96.5909017673095, 39.09665745850664]]]}, "id": "-358415+145073", "properties": {"count": 19, "label": 0}}, {"type": "Feature", "geometry": {"geodesic": false, "type": "Polygon", "coordinates": [[[-96.5909017673095, 39.10016088811471], [-96.5909017673095, 39.099891393529475], [-96.59144075647997, 39.099891393529475], [-96.59144075647997, 39.099621898944235], [-96.59117126189473, 39.099621898944235], [-96.59117126189473, 39.099352404359], [-96.5909017673095, 39.099352404359], [-96.5909017673095, 39.099891393529475], [-96.59063227272426, 39.099891393529475], [-96.59063227272426, 39.10016088811471], [-96.5909017673095, 39.10016088811471]]]}, "id": "-358415+145086", "properties": {"count": 4, "label": 1}}, {"type": "Feature", "geometry": {"geodesic": false, "type": "Polygon", "coordinates": [[[-96.59171025106521, 39.10420330689325], [-96.59171025106521, 39.103394823137535], [-96.59117126189473, 39.103394823137535], [-96.59117126189473, 39.103664317722775], [-96.5909017673095, 39.103664317722775], [-96.5909017673095, 39.10420330689325], [-96.59171025106521, 39.10420330689325]]]}, "id": "-358416+145101", "properties": {"count": 8, "label": 0}}, {"type": "Feature", "geometry": {"geodesic": false, "type": "Polygon", "coordinates": [[[-96.59144075647997, 39.09881341518853], [-96.59117126189473, 39.09881341518853], [-96.59117126189473, 39.09908290977376], [-96.59144075647997, 39.09908290977376], [-96.59144075647997, 39.09881341518853]]]}, "id": "-358417+145082", "properties": {"count": 1, "label": 1}}, {"type": "Feature", "geometry": {"geodesic": false, "type": "Polygon", "coordinates": [[[-96.59171025106521, 39.09234554514287], [-96.59171025106521, 39.09207605055763], [-96.59224924023567, 39.09207605055763], [-96.59224924023567, 39.0918065559724], [-96.59251873482091, 39.0918065559724], [-96.59251873482091, 39.09153706138716], [-96.59197974565043, 39.09153706138716], [-96.59197974565043, 39.0918065559724], [-96.59144075647997, 39.0918065559724], [-96.59144075647997, 39.09234554514287], [-96.59171025106521, 39.09234554514287]]]}, "id": "-358418+145057", "properties": {"count": 6, "label": 0}}, {"type": "Feature", "geometry": {"geodesic": false, "type": "Polygon", "coordinates": [[[-96.59224924023567, 39.09800493143282], [-96.59197974565043, 39.09800493143282], [-96.59197974565043, 39.09827442601806], [-96.59224924023567, 39.09827442601806], [-96.59224924023567, 39.09800493143282]]]}, "id": "-358420+145079", "properties": {"count": 1, "label": 0}}, {"type": "Feature", "geometry": {"geodesic": false, "type": "Polygon", "coordinates": [[[-96.59251873482091, 39.08992009387575], [-96.59251873482091, 39.08965059929051], [-96.59305772399138, 39.08965059929051], [-96.59305772399138, 39.089381104705275], [-96.59224924023567, 39.089381104705275], [-96.59224924023567, 39.08857262094956], [-96.59197974565043, 39.08857262094956], [-96.59197974565043, 39.089111610120035], [-96.59171025106521, 39.089111610120035], [-96.59171025106521, 39.089381104705275], [-96.59144075647997, 39.089381104705275], [-96.59144075647997, 39.08965059929051], [-96.59224924023567, 39.08965059929051], [-96.59224924023567, 39.08992009387575], [-96.59251873482091, 39.08992009387575]]]}, "id": "-358421+145048", "properties": {"count": 11, "label": 0}}, {"type": "Feature", "geometry": {"geodesic": false, "type": "Polygon", "coordinates": [[[-96.59251873482091, 39.10096937187041], [-96.59251873482091, 39.10043038269994], [-96.59224924023567, 39.10043038269994], [-96.59224924023567, 39.10016088811471], [-96.59197974565043, 39.10016088811471], [-96.59197974565043, 39.099891393529475], [-96.59171025106521, 39.099891393529475], [-96.59171025106521, 39.10016088811471], [-96.59144075647997, 39.10016088811471], [-96.59144075647997, 39.10069987728518], [-96.59197974565043, 39.10069987728518], [-96.59197974565043, 39.10043038269994], [-96.59224924023567, 39.10043038269994], [-96.59224924023567, 39.10096937187041], [-96.59251873482091, 39.10096937187041]]]}, "id": "-358421+145089", "properties": {"count": 8, "label": 1}}, {"type": "Feature", "geometry": {"geodesic": false, "type": "Polygon", "coordinates": [[[-96.59359671316186, 39.083452223830086], [-96.59359671316186, 39.08318272924485], [-96.5938662077471, 39.08318272924485], [-96.5938662077471, 39.082913234659614], [-96.59359671316186, 39.082913234659614], [-96.59359671316186, 39.08318272924485], [-96.59332721857662, 39.08318272924485], [-96.59332721857662, 39.083452223830086], [-96.59359671316186, 39.083452223830086]]]}, "id": "-358425+145024", "properties": {"count": 2, "label": 0}}, {"type": "Feature", "geometry": {"geodesic": false, "type": "Polygon", "coordinates": [[[-96.59359671316186, 39.09153706138716], [-96.59359671316186, 39.091267566801925], [-96.5938662077471, 39.091267566801925], [-96.5938662077471, 39.09099807221669], [-96.59440519691756, 39.09099807221669], [-96.59440519691756, 39.09045908304622], [-96.59413570233232, 39.09045908304622], [-96.59413570233232, 39.09018958846098], [-96.5938662077471, 39.09018958846098], [-96.5938662077471, 39.08992009387575], [-96.59413570233232, 39.08992009387575], [-96.59413570233232, 39.08965059929051], [-96.5938662077471, 39.08965059929051], [-96.5938662077471, 39.08992009387575], [-96.59359671316186, 39.08992009387575], [-96.59359671316186, 39.09045908304622], [-96.5938662077471, 39.09045908304622], [-96.5938662077471, 39.09072857763145], [-96.59359671316186, 39.09072857763145], [-96.59359671316186, 39.09099807221669], [-96.59278822940615, 39.09099807221669], [-96.59278822940615, 39.091267566801925], [-96.59332721857662, 39.091267566801925], [-96.59332721857662, 39.09153706138716], [-96.59359671316186, 39.09153706138716]]]}, "id": "-358425+145054", "properties": {"count": 14, "label": 0}}, {"type": "Feature", "geometry": {"geodesic": false, "type": "Polygon", "coordinates": [[[-96.5938662077471, 39.080757277977725], [-96.59359671316186, 39.080757277977725], [-96.59359671316186, 39.0812962671482], [-96.5938662077471, 39.0812962671482], [-96.5938662077471, 39.080757277977725]]]}, "id": "-358426+145016", "properties": {"count": 2, "label": 0}}, {"type": "Feature", "geometry": {"geodesic": false, "type": "Polygon", "coordinates": [[[-96.59440519691756, 39.08426070758579], [-96.59359671316186, 39.08426070758579], [-96.59359671316186, 39.08453020217103], [-96.59440519691756, 39.08453020217103], [-96.59440519691756, 39.08426070758579]]]}, "id": "-358426+145028", "properties": {"count": 3, "label": 0}}, {"type": "Feature", "geometry": {"geodesic": false, "type": "Polygon", "coordinates": [[[-96.5938662077471, 39.099621898944235], [-96.5938662077471, 39.099352404359], [-96.59359671316186, 39.099352404359], [-96.59359671316186, 39.09908290977376], [-96.59332721857662, 39.09908290977376], [-96.59332721857662, 39.099352404359], [-96.59359671316186, 39.099352404359], [-96.59359671316186, 39.099621898944235], [-96.5938662077471, 39.099621898944235]]]}, "id": "-358426+145084", "properties": {"count": 2, "label": 0}}, {"type": "Feature", "geometry": {"geodesic": false, "type": "Polygon", "coordinates": [[[-96.5938662077471, 39.10285583396707], [-96.5938662077471, 39.10204735021136], [-96.59359671316186, 39.10204735021136], [-96.59359671316186, 39.101777855626125], [-96.59332721857662, 39.101777855626125], [-96.59332721857662, 39.101508361040885], [-96.59305772399138, 39.101508361040885], [-96.59305772399138, 39.10123886645565], [-96.59251873482091, 39.10123886645565], [-96.59251873482091, 39.101508361040885], [-96.59278822940615, 39.101508361040885], [-96.59278822940615, 39.101777855626125], [-96.59144075647997, 39.101777855626125], [-96.59144075647997, 39.1023168447966], [-96.59224924023567, 39.1023168447966], [-96.59224924023567, 39.10204735021136], [-96.59332721857662, 39.10204735021136], [-96.59332721857662, 39.1023168447966], [-96.59359671316186, 39.1023168447966], [-96.59359671316186, 39.10285583396707], [-96.5938662077471, 39.10285583396707]]]}, "id": "-358426+145096", "properties": {"count": 19, "label": 1}}, {"type": "Feature", "geometry": {"geodesic": false, "type": "Polygon", "coordinates": [[[-96.59440519691756, 39.09423200723952], [-96.59440519691756, 39.09369301806905], [-96.59413570233232, 39.09369301806905], [-96.59413570233232, 39.09396251265429], [-96.5938662077471, 39.09396251265429], [-96.5938662077471, 39.09423200723952], [-96.59440519691756, 39.09423200723952]]]}, "id": "-358427+145064", "properties": {"count": 3, "label": 0}}, {"type": "Feature", "geometry": {"geodesic": false, "type": "Polygon", "coordinates": [[[-96.5946746915028, 39.08318272924485], [-96.5946746915028, 39.082913234659614], [-96.59521368067327, 39.082913234659614], [-96.59521368067327, 39.08237424548914], [-96.59575266984375, 39.08237424548914], [-96.59575266984375, 39.082643740074374], [-96.59602216442897, 39.082643740074374], [-96.59602216442897, 39.08210475090391], [-96.59629165901421, 39.08210475090391], [-96.59629165901421, 39.08183525631867], [-96.59656115359945, 39.08183525631867], [-96.59656115359945, 39.08156576173344], [-96.59629165901421, 39.08156576173344], [-96.59629165901421, 39.0812962671482], [-96.59656115359945, 39.0812962671482], [-96.59656115359945, 39.081026772562964], [-96.59683064818469, 39.081026772562964], [-96.59683064818469, 39.08048778339249], [-96.59736963735516, 39.08048778339249], [-96.59736963735516, 39.08021828880725], [-96.59656115359945, 39.08021828880725], [-96.59656115359945, 39.08048778339249], [-96.59629165901421, 39.08048778339249], [-96.59629165901421, 39.080757277977725], [-96.59602216442897, 39.080757277977725], [-96.59602216442897, 39.0812962671482], [-96.59548317525851, 39.0812962671482], [-96.59548317525851, 39.08156576173344], [-96.59575266984375, 39.08156576173344], [-96.59575266984375, 39.08183525631867], [-96.59494418608803, 39.08183525631867], [-96.59494418608803, 39.08237424548914], [-96.5946746915028, 39.08237424548914], [-96.5946746915028, 39.082643740074374], [-96.59440519691756, 39.082643740074374], [-96.59440519691756, 39.082913234659614], [-96.59413570233232, 39.082913234659614], [-96.59413570233232, 39.08318272924485], [-96.5946746915028, 39.08318272924485]]]}, "id": "-358428+145023", "properties": {"count": 33, "label": 0}}, {"type": "Feature", "geometry": {"geodesic": false, "type": "Polygon", "coordinates": [[[-96.59440519691756, 39.08372171841532], [-96.59413570233232, 39.08372171841532], [-96.59413570233232, 39.08399121300056], [-96.59440519691756, 39.08399121300056], [-96.59440519691756, 39.08372171841532]]]}, "id": "-358428+145026", "properties": {"count": 1, "label": 0}}, {"type": "Feature", "geometry": {"geodesic": false, "type": "Polygon", "coordinates": [[[-96.59440519691756, 39.099891393529475], [-96.59413570233232, 39.099891393529475], [-96.59413570233232, 39.10043038269994], [-96.59440519691756, 39.10043038269994], [-96.59440519691756, 39.099891393529475]]]}, "id": "-358428+145087", "properties": {"count": 2, "label": 0}}, {"type": "Feature", "geometry": {"geodesic": false, "type": "Polygon", "coordinates": [[[-96.5946746915028, 39.087225148023386], [-96.59440519691756, 39.087225148023386], [-96.59440519691756, 39.087494642608625], [-96.5946746915028, 39.087494642608625], [-96.5946746915028, 39.087225148023386]]]}, "id": "-358429+145039", "properties": {"count": 1, "label": 0}}, {"type": "Feature", "geometry": {"geodesic": false, "type": "Polygon", "coordinates": [[[-96.59494418608803, 39.08560818051197], [-96.59494418608803, 39.085338685926736], [-96.59521368067327, 39.085338685926736], [-96.59521368067327, 39.0850691913415], [-96.59602216442897, 39.0850691913415], [-96.59602216442897, 39.084799696756264], [-96.59575266984375, 39.084799696756264], [-96.59575266984375, 39.08453020217103], [-96.59629165901421, 39.08453020217103], [-96.59629165901421, 39.08399121300056], [-96.59656115359945, 39.08399121300056], [-96.59656115359945, 39.08372171841532], [-96.59629165901421, 39.08372171841532], [-96.59629165901421, 39.08399121300056], [-96.59602216442897, 39.08399121300056], [-96.59602216442897, 39.08426070758579], [-96.59548317525851, 39.08426070758579], [-96.59548317525851, 39.08453020217103], [-96.5946746915028, 39.08453020217103], [-96.5946746915028, 39.084799696756264], [-96.59440519691756, 39.084799696756264], [-96.59440519691756, 39.0850691913415], [-96.5938662077471, 39.0850691913415], [-96.5938662077471, 39.085338685926736], [-96.5946746915028, 39.085338685926736], [-96.5946746915028, 39.08560818051197], [-96.59494418608803, 39.08560818051197]]]}, "id": "-358430+145032", "properties": {"count": 21, "label": 0}}, {"type": "Feature", "geometry": {"geodesic": false, "type": "Polygon", "coordinates": [[[-96.59494418608803, 39.08992009387575], [-96.59494418608803, 39.089381104705275], [-96.5946746915028, 39.089381104705275], [-96.5946746915028, 39.089111610120035], [-96.59494418608803, 39.089111610120035], [-96.59494418608803, 39.08830312636433], [-96.5946746915028, 39.08830312636433], [-96.5946746915028, 39.08857262094956], [-96.59413570233232, 39.08857262094956], [-96.59413570233232, 39.0888421155348], [-96.59332721857662, 39.0888421155348], [-96.59332721857662, 39.089381104705275], [-96.5946746915028, 39.089381104705275], [-96.5946746915028, 39.08992009387575], [-96.59494418608803, 39.08992009387575]], [[-96.59440519691756, 39.089111610120035], [-96.5946746915028, 39.089111610120035], [-96.5946746915028, 39.0888421155348], [-96.59440519691756, 39.0888421155348], [-96.59440519691756, 39.089111610120035]]]}, "id": "-358430+145048", "properties": {"count": 16, "label": 0}}, {"type": "Feature", "geometry": {"geodesic": false, "type": "Polygon", "coordinates": [[[-96.59548317525851, 39.10016088811471], [-96.5946746915028, 39.10016088811471], [-96.5946746915028, 39.10043038269994], [-96.59548317525851, 39.10043038269994], [-96.59548317525851, 39.10016088811471]]]}, "id": "-358430+145087", "properties": {"count": 3, "label": 0}}, {"type": "Feature", "geometry": {"geodesic": false, "type": "Polygon", "coordinates": [[[-96.59521368067327, 39.080757277977725], [-96.59521368067327, 39.08021828880725], [-96.59548317525851, 39.08021828880725], [-96.59548317525851, 39.07967929963678], [-96.59521368067327, 39.07967929963678], [-96.59521368067327, 39.08021828880725], [-96.5946746915028, 39.08021828880725], [-96.5946746915028, 39.07994879422202], [-96.59413570233232, 39.07994879422202], [-96.59413570233232, 39.07967929963678], [-96.5938662077471, 39.07967929963678], [-96.5938662077471, 39.08021828880725], [-96.59413570233232, 39.08021828880725], [-96.59413570233232, 39.08048778339249], [-96.59494418608803, 39.08048778339249], [-96.59494418608803, 39.080757277977725], [-96.59521368067327, 39.080757277977725]]]}, "id": "-358431+145014", "properties": {"count": 11, "label": 0}}, {"type": "Feature", "geometry": {"geodesic": false, "type": "Polygon", "coordinates": [[[-96.59521368067327, 39.08668615885291], [-96.59521368067327, 39.08641666426768], [-96.59548317525851, 39.08641666426768], [-96.59548317525851, 39.08587767509721], [-96.59521368067327, 39.08587767509721], [-96.59521368067327, 39.08614716968244], [-96.59494418608803, 39.08614716968244], [-96.59494418608803, 39.08668615885291], [-96.59521368067327, 39.08668615885291]]]}, "id": "-358431+145036", "properties": {"count": 4, "label": 0}}, {"type": "Feature", "geometry": {"geodesic": false, "type": "Polygon", "coordinates": [[[-96.59548317525851, 39.09477099640999], [-96.59548317525851, 39.09450150182475], [-96.59629165901421, 39.09450150182475], [-96.59629165901421, 39.09423200723952], [-96.59656115359945, 39.09423200723952], [-96.59656115359945, 39.09369301806905], [-96.59575266984375, 39.09369301806905], [-96.59575266984375, 39.093423523483814], [-96.59602216442897, 39.093423523483814], [-96.59602216442897, 39.0926150397281], [-96.59575266984375, 39.0926150397281], [-96.59575266984375, 39.0918065559724], [-96.59602216442897, 39.0918065559724], [-96.59602216442897, 39.09153706138716], [-96.59548317525851, 39.09153706138716], [-96.59548317525851, 39.09207605055763], [-96.59521368067327, 39.09207605055763], [-96.59521368067327, 39.0926150397281], [-96.59494418608803, 39.0926150397281], [-96.59494418608803, 39.09288453431334], [-96.59548317525851, 39.09288453431334], [-96.59548317525851, 39.09423200723952], [-96.59521368067327, 39.09423200723952], [-96.59521368067327, 39.09369301806905], [-96.5946746915028, 39.09369301806905], [-96.5946746915028, 39.09450150182475], [-96.59494418608803, 39.09450150182475], [-96.59494418608803, 39.09423200723952], [-96.59521368067327, 39.09423200723952], [-96.59521368067327, 39.09477099640999], [-96.59548317525851, 39.09477099640999]]]}, "id": "-358432+145066", "properties": {"count": 34, "label": 0}}, {"type": "Feature", "geometry": {"geodesic": false, "type": "Polygon", "coordinates": [[[-96.59629165901421, 39.083452223830086], [-96.59629165901421, 39.08318272924485], [-96.59602216442897, 39.08318272924485], [-96.59602216442897, 39.082913234659614], [-96.59575266984375, 39.082913234659614], [-96.59575266984375, 39.083452223830086], [-96.59629165901421, 39.083452223830086]]]}, "id": "-358434+145024", "properties": {"count": 3, "label": 0}}, {"type": "Feature", "geometry": {"geodesic": false, "type": "Polygon", "coordinates": [[[-96.59736963735516, 39.08210475090391], [-96.59736963735516, 39.08156576173344], [-96.59683064818469, 39.08156576173344], [-96.59683064818469, 39.08183525631867], [-96.59710014276992, 39.08183525631867], [-96.59710014276992, 39.08210475090391], [-96.59736963735516, 39.08210475090391]]]}, "id": "-358439+145019", "properties": {"count": 3, "label": 0}}, {"type": "Feature", "geometry": {"geodesic": false, "type": "Polygon", "coordinates": [[[-96.5976391319404, 39.08426070758579], [-96.59710014276992, 39.08426070758579], [-96.59710014276992, 39.084799696756264], [-96.5976391319404, 39.084799696756264], [-96.5976391319404, 39.08426070758579]]]}, "id": "-358439+145029", "properties": {"count": 4, "label": 0}}, {"type": "Feature", "geometry": {"geodesic": false, "type": "Polygon", "coordinates": [[[-96.59790862652562, 39.082643740074374], [-96.59736963735516, 39.082643740074374], [-96.59736963735516, 39.082913234659614], [-96.59790862652562, 39.082913234659614], [-96.59790862652562, 39.082643740074374]]]}, "id": "-358440+145022", "properties": {"count": 2, "label": 0}}, {"type": "Feature", "geometry": {"geodesic": false, "type": "Polygon", "coordinates": [[[-96.59817812111086, 39.08318272924485], [-96.59790862652562, 39.08318272924485], [-96.59790862652562, 39.083452223830086], [-96.59817812111086, 39.083452223830086], [-96.59817812111086, 39.08318272924485]]]}, "id": "-358442+145024", "properties": {"count": 1, "label": 0}}]}