{"type": "FeatureCollection", "columns": {"ALAND": "Long", "AWATER": "Long", "DIVISION": "String", "FUNCSTAT": "String", "GEOID": "String", "INTPTLAT": "String", "INTPTLON": "String", "LSAD": "String", "MTFCC": "String", "NAME": "String", "REGION": "String", "STATEFP": "String", "STATENS": "String", "STUSPS": "String", "system:index": "String"}, "version": 1560793690661679, "id": "TIGER/2018/States", "properties": {"system:asset_size": 3543775}, "features": [{"type": "Feature", "geometry": {"type": "GeometryCollection", "geometries": [{"type": "LineString", "coordinates": [[-94.87631569550466, 39.77229408795306], [-94.87649522866002, 39.77229408795306], [-94.87743777772562, 39.77215943808654]]}, {"type": "Polygon", "coordinates": [[[-102.05176215693497, 39.98486131909761], [-102.05171727218928, 39.97880213749975], [-102.05171727218928, 39.978353264484234], [-102.05171727218928, 39.97826353581361], [-102.05171727218928, 39.978173729790754], [-102.05171727218928, 39.97364055346352], [-102.05171727218928, 39.97337119166633], [-102.05167247461698, 39.96129763923292], [-102.05167247461698, 39.96111805400011], [-102.05162758990846, 39.954924167328954], [-102.05162758990846, 39.95236585925644], [-102.05162758990846, 39.95101933800006], [-102.05162758990846, 39.950929568853994], [-102.05162758990846, 39.94792238024523], [-102.05158270521854, 39.94383800876147], [-102.05158270521854, 39.94379311888977], [-102.05153782054721, 39.924762621790464], [-102.05153782054721, 39.92467281380861], [-102.05153782054721, 39.924448447849], [-102.05153782054721, 39.92422400377317], [-102.0514929358945, 39.920229395717264], [-102.0514929358945, 39.91255439877274], [-102.0514929358945, 39.91246457274842], [-102.0514929358945, 39.90811094369003], [-102.0514929358945, 39.907213230345064], [-102.0514929358945, 39.90528324096626], [-102.0514480512604, 39.893568706236756], [-102.05140316664487, 39.888362285603556], [-102.05140316664487, 39.88813786298295], [-102.05140316664487, 39.888092931959235], [-102.05135828204796, 39.87700679063547], [-102.05135828204796, 39.876602877754515], [-102.05135828204796, 39.87498704476678], [-102.05140316664487, 39.870992454655514], [-102.0514480512604, 39.86188113686098], [-102.0514929358945, 39.85950228561624], [-102.0514929358945, 39.85752745585113], [-102.0514929358945, 39.85743770341117], [-102.05158270521854, 39.849807502161596], [-102.05167247461698, 39.847742914749105], [-102.05167247461698, 39.847698031371706], [-102.05162758990846, 39.8476531415977], [-102.05153782054721, 39.84751847833644], [-102.0514929358945, 39.84527433079485], [-102.0514929358945, 39.84522944558392], [-102.0514480512604, 39.8451396683478], [-102.0514480512604, 39.845094783033105], [-102.0514480512604, 39.84500501230474], [-102.0514480512604, 39.84496012689107], [-102.0514480512604, 39.84401760297415], [-102.0514480512604, 39.843882944457285], [-102.05135828204796, 39.843523839788865], [-102.05135828204796, 39.843478953277085], [-102.05135828204796, 39.84343406673233], [-102.05131339746964, 39.83333537301802], [-102.05131339746964, 39.82875725350778], [-102.05126851290994, 39.82521148981784], [-102.05126851290994, 39.81901761424049], [-102.05126851290994, 39.81897270972012], [-102.05117874384634, 39.80465490410225], [-102.05113385934244, 39.79029231597312], [-102.05113385934244, 39.790202542182534], [-102.05104409039045, 39.7648434727424], [-102.05099920594236, 39.761611880344326], [-102.05099920594236, 39.761567011202764], [-102.05095432151288, 39.75101943378437], [-102.05095432151288, 39.750929602469704], [-102.05095432151288, 39.749987102067955], [-102.05086455270971, 39.74177344650302], [-102.05068501532664, 39.72319175701487], [-102.05064013102738, 39.71910742730376], [-102.05072989964451, 39.707527480271054], [-102.05068501532665, 39.69693501068125], [-102.05068501532665, 39.691055340725555], [-102.05068501532664, 39.690786048976534], [-102.05059524674672, 39.67655802563297], [-102.05059524674672, 39.6764682407257], [-102.05059524674672, 39.67561547159704], [-102.05059524674672, 39.67548083093126], [-102.05059524674672, 39.67467290316332], [-102.05055036248467, 39.67072318362783], [-102.05050547824122, 39.66111816969378], [-102.05050547824122, 39.66093863241243], [-102.05050547824122, 39.66089376741583], [-102.05050547824122, 39.66080395970361], [-102.05028105730304, 39.65716848005308], [-102.050191289058, 39.65555262149637], [-102.05014640496339, 39.65514869448888], [-102.05014640496339, 39.654834531491844], [-102.05010152088737, 39.65434078245295], [-102.05010152088737, 39.65416130292902], [-102.05010152088737, 39.654026615314095], [-102.05010152088737, 39.65380218705684], [-102.05010152088737, 39.65348801717938], [-102.05010152088737, 39.65335340572746], [-102.05014640496339, 39.65075011189534], [-102.050191289058, 39.64971783305734], [-102.05023617317121, 39.64635158408691], [-102.05032594145348, 39.64621693676358], [-102.05041570981014, 39.64603741332782], [-102.05041570981014, 39.64594766164046], [-102.05041570981014, 39.645902708107926], [-102.05028105730304, 39.64096560765857], [-102.05028105730304, 39.633470042837956], [-102.05028105730304, 39.62543597008822], [-102.05028105730304, 39.62498713838316], [-102.05028105730304, 39.62067837483408], [-102.05028105730304, 39.615741211387856], [-102.05023617317121, 39.61120796608187], [-102.05023617317121, 39.61102843912437], [-102.050191289058, 39.6061361545691], [-102.05005663682996, 39.593838148179444], [-102.05001175279116, 39.592985369182735], [-102.04996686877097, 39.592626252143255], [-102.04996686877097, 39.59231208235924], [-102.04992198476938, 39.590471911602286], [-102.04978733287625, 39.574044614329104], [-102.04974244894908, 39.56816486378937], [-102.04974244894908, 39.56233007400718], [-102.04965268115056, 39.54895480508424], [-102.04956291342647, 39.53890096678833], [-102.04960779727921, 39.53885613158114], [-102.04965268115056, 39.53876634276688], [-102.04960779727922, 39.53692613348339], [-102.04965268115056, 39.53674658763122], [-102.04965268115056, 39.53665683304175], [-102.04965268115056, 39.536611955698454], [-102.04965268115056, 39.536567078322804], [-102.04960779727921, 39.52175557914381], [-102.04956291342647, 39.50618108329368], [-102.04956291342647, 39.50609128463036], [-102.04956291342647, 39.50577714392135], [-102.04978733287625, 39.50034622559339], [-102.04978733287625, 39.5003013221005], [-102.04974244894908, 39.50016672245014], [-102.04974244894908, 39.50012181882319], [-102.04974244894908, 39.49998718557114], [-102.04969756504052, 39.49567841162144], [-102.04965268115056, 39.495588630533284], [-102.04951802959233, 39.4871056451075], [-102.04951802959233, 39.48504101242328], [-102.04942826197987, 39.48082200269506], [-102.04942826197987, 39.48077716295969], [-102.04942826197987, 39.47880223649609], [-102.04933849444184, 39.471441371537686], [-102.04933849444184, 39.47139652505798], [-102.04938337820155, 39.47135164860838], [-102.04942826197987, 39.4713067721157], [-102.04956291342647, 39.47126183558029], [-102.04960779727921, 39.47126188340836], [-102.04960779727921, 39.46704281607701], [-102.04942826197987, 39.46654911941986], [-102.04951802959233, 39.465337243409266], [-102.0494731457768, 39.44325469640131], [-102.04938337820154, 39.42332649016719], [-102.04938337820154, 39.418344505878636], [-102.04938337820154, 39.41829962133737], [-102.04924872697822, 39.418254731562484], [-102.04920384327433, 39.4182546778379], [-102.04911407592235, 39.41820984154217], [-102.04906919227427, 39.41807521156537], [-102.04906919227427, 39.40968198043879], [-102.04906919227427, 39.40851504361327], [-102.04906919227427, 39.408425260357326], [-102.0490243086448, 39.40375738977455], [-102.0490243086448, 39.40371249475296], [-102.04906919227427, 39.403532969745065], [-102.04911407592235, 39.403488129951825], [-102.04915895958904, 39.403488107372446], [-102.04915895958904, 39.39406260661342], [-102.04920384327433, 39.37561555390777], [-102.04920384327433, 39.374987207075165], [-102.04911407592235, 39.37422422268236], [-102.04906919227427, 39.3740895715842], [-102.04906919227427, 39.37399981706717], [-102.0490243086448, 39.373416311931656], [-102.0490243086448, 39.37314696710228], [-102.04897942503395, 39.365337277242894], [-102.04897942503395, 39.36529243273812], [-102.04897942503395, 39.364394756011656], [-102.04897942503395, 39.36403568173334], [-102.04897942503395, 39.3638561438254], [-102.04897942503395, 39.36309314099548], [-102.04893454144168, 39.36277892375469], [-102.04893454144168, 39.359816657218644], [-102.04893454144168, 39.35977180877285], [-102.04888965786803, 39.35568736363601], [-102.04888965786805, 39.35169281211968], [-102.04888965786803, 39.351603025597996], [-102.04888965786805, 39.35101952709726], [-102.048844774313, 39.350929756444806], [-102.04879989077656, 39.35088491845949], [-102.048844774313, 39.35083996882497], [-102.048844774313, 39.35075025908557], [-102.04888965786803, 39.350660454408825], [-102.048844774313, 39.347698179577634], [-102.048844774313, 39.345364242131375], [-102.04875500725873, 39.33984359787597], [-102.04875500725873, 39.339529402276675], [-102.04875500725873, 39.33926014624611], [-102.04875500725873, 39.33813801266124], [-102.04875500725873, 39.33656713250685], [-102.04875500725873, 39.3363875941642], [-102.04875500725873, 39.33571430131552], [-102.04875500725873, 39.33423317217287], [-102.0487101237595, 39.33311111996538], [-102.0487101237595, 39.33270715528047], [-102.0487101237595, 39.33248273800665], [-102.0487101237595, 39.332437870062215], [-102.0487101237595, 39.33239300208584], [-102.0487101237595, 39.33225831993359], [-102.0486652402789, 39.33207878402144], [-102.0486652402789, 39.331944179215], [-102.0486652402789, 39.33189923285038], [-102.0486652402789, 39.33171975919986], [-102.0486652402789, 39.33149533838552], [-102.0486652402789, 39.33127091677196], [-102.0486652402789, 39.32983463073411], [-102.0486652402789, 39.32956533321228], [-102.0486652402789, 39.329520463185915], [-102.0486652402789, 39.32790465274108], [-102.0486652402789, 39.32781491029193], [-102.0486652402789, 39.3269621165384], [-102.04862035681688, 39.323550996032324], [-102.04862035681688, 39.3230123460901], [-102.04862035681688, 39.32233914425677], [-102.04862035681688, 39.32099264098216], [-102.04862035681688, 39.32036421611981], [-102.04857547337349, 39.31731215876473], [-102.04857547337349, 39.31722240121893], [-102.04857547337349, 39.31686336975842], [-102.04857547337349, 39.315606587448805], [-102.04857547337349, 39.315202666565234], [-102.04857547337349, 39.314215215463356], [-102.04857547337349, 39.312509716524225], [-102.04857547337349, 39.311701754456955], [-102.04857547337349, 39.31062455968391], [-102.0485305899487, 39.309278052580225], [-102.04857547337349, 39.30748271462325], [-102.04857547337349, 39.30743782887396], [-102.04857547337349, 39.30707881979306], [-102.04857547337349, 39.3067646168669], [-102.0485305899487, 39.30564254068765], [-102.0485305899487, 39.30290468371352], [-102.04821640649618, 39.27413449525719], [-102.04790222395546, 39.25312911678322], [-102.04808175672422, 39.24998727634667], [-102.04803687350412, 39.2430303826855], [-102.0478573408098, 39.23459231439563], [-102.0478573408098, 39.23409854633373], [-102.0477675745743, 39.2202745327786], [-102.04772269148444, 39.214708981094546], [-102.0476329253606, 39.19868563841178], [-102.0473187445133, 39.14828171647962], [-102.04731874451332, 39.148102191059806], [-102.04727386160957, 39.1477431330043], [-102.04727386160955, 39.143928037266186], [-102.04722897872443, 39.139394822869505], [-102.04722897872443, 39.137016011879886], [-102.04718409585792, 39.13688137626896], [-102.04713921300998, 39.13315603266479], [-102.04713921300998, 39.12970008019483], [-102.04709433018068, 39.124987278662054], [-102.0470045645779, 39.121262012737276], [-102.04691479904957, 39.10703400687407], [-102.04691479904957, 39.10420635407525], [-102.04691479904957, 39.103937036096006], [-102.04673526821622, 39.07561569154138], [-102.04664550291122, 39.06138769562145], [-102.04664550291122, 39.06022074917431], [-102.04655573768066, 39.04702500772047], [-102.04655573768066, 39.04222247363811], [-102.04655573768066, 39.04096581339707], [-102.04646597252453, 39.03275215778049], [-102.04637620744286, 39.01794068975221], [-102.04642108997439, 39.01695318069007], [-102.04628644243563, 38.99998732691665], [-102.04606203024329, 38.98176468949955], [-102.04606203024329, 38.97440386139633], [-102.04606203024329, 38.97319201558662], [-102.04588250082442, 38.93872162259164], [-102.04574785395569, 38.917222537653146], [-102.04561320725449, 38.886253044853774], [-102.0454785607208, 38.87498739322675], [-102.04556832505797, 38.873281832034934], [-102.04556832505797, 38.873012488494524], [-102.04556832505797, 38.87076833467032], [-102.04556832505797, 38.87063369711885], [-102.04556832505797, 38.87058881787291], [-102.04538879645807, 38.85820104373563], [-102.04538879645807, 38.85757268939756], [-102.04534391435462, 38.856899402278515], [-102.04538879645807, 38.84280606624453], [-102.04538879645807, 38.83082225313915], [-102.04538879645807, 38.83068753267938], [-102.04538879645807, 38.8290718091641], [-102.04538879645807, 38.82871270160941], [-102.04538879645807, 38.826019724994325], [-102.04538879645807, 38.82597481488872], [-102.0454785607208, 38.81367678027592], [-102.04543367858012, 38.81336262133964], [-102.04538879645807, 38.81291378219356], [-102.04538879645807, 38.81282402252434], [-102.04543367858012, 38.812779146029335], [-102.04543367858012, 38.81264446688118], [-102.04534391435462, 38.7994487980202], [-102.04534391435462, 38.799044834302904], [-102.04534391435462, 38.79899998426161], [-102.04538879645807, 38.78333572111672], [-102.04534391435462, 38.77575044720694], [-102.04534391435462, 38.770095111560906], [-102.0452990322698, 38.755508025446495], [-102.0452990322698, 38.755328505311944], [-102.04538879645807, 38.75434107644783], [-102.0452990322698, 38.749987398186015], [-102.04538879645807, 38.74222261902447], [-102.0452990322698, 38.72628904351407], [-102.0452990322698, 38.72615442205304], [-102.0452990322698, 38.71883844392715], [-102.04520926815599, 38.704520616895394], [-102.04520926815597, 38.704475780710794], [-102.04520926815599, 38.69756370724824], [-102.04516438612698, 38.68872174791275], [-102.04516438612698, 38.688542202119386], [-102.04511950411663, 38.686746897105394], [-102.04516438612698, 38.683245931934934], [-102.04516438612698, 38.67521188000346], [-102.04511950411663, 38.674942526724394], [-102.04507462212486, 38.67040937176017], [-102.04507462212486, 38.66960142274093], [-102.04507462212486, 38.669556562672966], [-102.04511950411663, 38.66529264655481], [-102.04511950411663, 38.66390124836138], [-102.04511950411663, 38.66385638440574], [-102.04516438612698, 38.66062481798728], [-102.04516438612698, 38.660579872948595], [-102.04516438612698, 38.66053500673021], [-102.04516438612698, 38.66049014048119], [-102.04516438612698, 38.660445274201535], [-102.04520926815599, 38.66004129914627], [-102.04520926815597, 38.659682207934836], [-102.04520926815599, 38.65860500138246], [-102.04520926815597, 38.65856013382078], [-102.04516438612698, 38.65851528552136], [-102.04511950411663, 38.65847035830779], [-102.04511950411663, 38.65703410476143], [-102.04511950411663, 38.654655314726426], [-102.04511950411663, 38.65434114335464], [-102.04511950411663, 38.65429627287306], [-102.04511950411663, 38.65178276727795], [-102.04511950411663, 38.63917057389256], [-102.04511950411663, 38.63571458145714], [-102.04511950411663, 38.63409876741433], [-102.04511950411663, 38.633380615109196], [-102.04511950411663, 38.62974508551505], [-102.04511950411663, 38.62970019825747], [-102.04511950411663, 38.62929629045091], [-102.04498485819718, 38.62579533133127], [-102.04498485819718, 38.625615850183834], [-102.04498485819718, 38.62552606998021], [-102.04498485819718, 38.62543628965421], [-102.04498485819718, 38.6249874650823], [-102.04480533056518, 38.61533756811474], [-102.04507462212486, 38.61515805019361], [-102.04511950411663, 38.614664322562426], [-102.04511950411663, 38.61098388580873], [-102.04507462212486, 38.60936803144403], [-102.04507462212486, 38.60245605164274], [-102.04507462212486, 38.60209696181471], [-102.04516438612698, 38.601693016309795], [-102.04520926815599, 38.600660701649346], [-102.04520926815599, 38.59926935783876], [-102.04520926815597, 38.597473960859034], [-102.04525415020359, 38.595858222877055], [-102.04525415020359, 38.59401797959568], [-102.04525415020358, 38.59163920265502], [-102.04525415020359, 38.58993358489661], [-102.04525415020358, 38.58926033998895], [-102.04525415020358, 38.58876667005544], [-102.04525415020358, 38.588676839728144], [-102.04516438612698, 38.588407608349975], [-102.04516438612698, 38.58836269294765], [-102.04516438612698, 38.588272940988915], [-102.04516438612698, 38.58750992600595], [-102.04516438612698, 38.58638780591326], [-102.04516438612698, 38.585983869587906], [-102.04516438612698, 38.57714188421476], [-102.04498485819718, 38.56762663006205], [-102.04498485819718, 38.56726750864536], [-102.04493997626126, 38.56713288645262], [-102.04493997626126, 38.566953324627775], [-102.04489509434394, 38.56668406923083], [-102.04489509434394, 38.56641472445321], [-102.04489509434394, 38.56538242338671], [-102.04489509434394, 38.563991045879305], [-102.04489509434394, 38.56250993104731], [-102.04489509434394, 38.560624849368814], [-102.04489509434394, 38.55999647686962], [-102.04489509434394, 38.558694857335915], [-102.04489509434394, 38.53432318451915], [-102.04489509434394, 38.529296252048], [-102.04489509434394, 38.52925137546987], [-102.04493997626126, 38.528667892984274], [-102.04498485819718, 38.526513520749816], [-102.04498485819718, 38.5250323577447], [-102.04498485819718, 38.5238654030158], [-102.04498485819718, 38.523820522770414], [-102.04498485819718, 38.52377564249465], [-102.04498485819718, 38.52269842774589], [-102.04498485819718, 38.520947965837365], [-102.04498485819718, 38.51928730345707], [-102.04498485819718, 38.51803055833662], [-102.0450297401517, 38.51439499450027], [-102.0450297401517, 38.51367688348038], [-102.0450297401517, 38.51183672308615], [-102.0450297401517, 38.510220880297474], [-102.0450297401517, 38.509098792396], [-102.0450297401517, 38.506226309496334], [-102.0450297401517, 38.50577746540303], [-102.0450297401517, 38.50541840375028], [-102.0450297401517, 38.50411673957789], [-102.0450297401517, 38.503039521842155], [-102.0450297401517, 38.50061589587139], [-102.0450297401517, 38.50025680629992], [-102.0450297401517, 38.499942611212184], [-102.04498485819718, 38.49608267412995], [-102.04498485819718, 38.49446684290291], [-102.04498485819718, 38.49428732123999], [-102.0450297401517, 38.493255001555504], [-102.04498485819718, 38.49204314093735], [-102.0450297401517, 38.49150455361248], [-102.0450297401517, 38.49145965148237], [-102.0450297401517, 38.49141474932193], [-102.0450297401517, 38.49101086567304], [-102.0450297401517, 38.490427368439775], [-102.04498485819718, 38.48912572759729], [-102.04498485819718, 38.48750996432149], [-102.04498485819718, 38.48575952294723], [-102.04498485819718, 38.485714616929855], [-102.04498485819718, 38.484772057922086], [-102.0450297401517, 38.47229450272823], [-102.0450297401517, 38.47220475155834], [-102.0450297401517, 38.47045430276766], [-102.0450297401517, 38.46865896946434], [-102.0450297401517, 38.46856921338944], [-102.0450297401517, 38.46852429576642], [-102.0450297401517, 38.4681652700136], [-102.04498485819718, 38.4637666501274], [-102.04498485819718, 38.46295878161443], [-102.04498485819718, 38.461881608343226], [-102.04498485819718, 38.46170207776984], [-102.0450297401517, 38.46089418626989], [-102.0450297401517, 38.460804419721796], [-102.04498485819718, 38.45734835266839], [-102.04498485819718, 38.45730350656081], [-102.04498485819718, 38.45725858132929], [-102.04493997626125, 38.45362309344454], [-102.04493997626126, 38.453578165725034], [-102.04489509434394, 38.45137888202117], [-102.04480533056518, 38.448640983836604], [-102.04480533056518, 38.448102441537145], [-102.04480533056518, 38.44707011782007], [-102.04480533056518, 38.44509521029295], [-102.04480533056518, 38.443210113774896], [-102.04476044870371, 38.44249202008841], [-102.04471547971168, 38.441325043504754], [-102.04471547971168, 38.44060693351247], [-102.04476044870371, 38.43952970990568], [-102.04476044870371, 38.4390359523699], [-102.04480533056518, 38.436612291191594], [-102.04480533056518, 38.43656743110471], [-102.04498485819718, 38.427949801495366], [-102.04493997626126, 38.42207012763383], [-102.04493997626125, 38.420948055686594], [-102.04493997626126, 38.420903105941285], [-102.04489509434394, 38.42076848748934], [-102.04489509434394, 38.42072361675535], [-102.04480533056518, 38.420588991381514], [-102.04476044870371, 38.42054403484901], [-102.04476044870371, 38.420409422060246], [-102.04480533056518, 38.41996055912109], [-102.04480533056518, 38.41969125180896], [-102.04480533056518, 38.404251470986196], [-102.04480533056518, 38.40411682536253], [-102.04485021244525, 38.40384746245816], [-102.04485021244525, 38.40227657063439], [-102.04489509434394, 38.39886545207176], [-102.04489509434394, 38.398775681136435], [-102.04489509434394, 38.39751895454539], [-102.04489509434394, 38.3961275426307], [-102.04493997626125, 38.39487085465901], [-102.04493997626126, 38.39379361038051], [-102.04493997626126, 38.393299910501746], [-102.04493997626126, 38.39325502131656], [-102.04489509434394, 38.393210122678205], [-102.04489509434394, 38.39316523342787], [-102.04485021244525, 38.39303063520325], [-102.04485021244525, 38.392851077519694], [-102.04480533056518, 38.39276128898488], [-102.04485021244525, 38.391998330279606], [-102.04480533056518, 38.38463745022147], [-102.04485021244525, 38.38450277549146], [-102.04493997626126, 38.38445790114946], [-102.04493997626125, 38.38441300602867], [-102.04493997626125, 38.38436811087777], [-102.04467059788749, 38.35618148065081], [-102.04467059788749, 38.355463326497215], [-102.04462571608191, 38.35492473175494], [-102.04453595252659, 38.34953873318668], [-102.04453595252659, 38.34940405657774], [-102.04453595252659, 38.34917962136894], [-102.04462571608191, 38.3123304960712], [-102.04458083429493, 38.31183673193774], [-102.04453595252659, 38.31179184900007], [-102.04453595252659, 38.311702119809524], [-102.04453595252659, 38.31165725516932], [-102.04453595252659, 38.31116350435016], [-102.04453595252659, 38.30932330138251], [-102.04453595252659, 38.30667519142299], [-102.04453595252659, 38.30631608807552], [-102.04449107077684, 38.3062712008302], [-102.04449107077684, 38.30622633256023], [-102.04444618904571, 38.306181445220126], [-102.0444013073332, 38.30618142615963], [-102.0444013073332, 38.30613655782006], [-102.0444013073332, 38.30609168945055], [-102.04444618904571, 38.305687733344904], [-102.04444618904571, 38.30461056004194], [-102.04444618904571, 38.304341264019804], [-102.04449107077684, 38.302366360171256], [-102.04453595252659, 38.29841667698575], [-102.04453595252659, 38.29783316050818], [-102.04449107077684, 38.297653644804406], [-102.04453595252659, 38.29689064385476], [-102.04453595252659, 38.29536457610575], [-102.04453595252659, 38.292985813986505], [-102.04453595252659, 38.29177396243358], [-102.04453595252659, 38.29172900520726], [-102.04458083429493, 38.291414879410794], [-102.04458083429493, 38.290831381559116], [-102.04458083429493, 38.29065186713798], [-102.04462571608191, 38.290517172392235], [-102.04458083429493, 38.28997860450241], [-102.04458083429493, 38.28993372537336], [-102.04458083429493, 38.289754208557845], [-102.04462571608191, 38.28921559676217], [-102.04458083429493, 38.28863205902612], [-102.04458083429493, 38.287779333397026], [-102.04462571608191, 38.28755487182187], [-102.04462571608191, 38.28589418520412], [-102.04458083429493, 38.28351538461874], [-102.04458083429493, 38.28320119992287], [-102.04458083429493, 38.2831563162752], [-102.04453595252659, 38.283156374082004], [-102.04453595252659, 38.283111490399605], [-102.04453595252659, 38.277052235863], [-102.04453595252659, 38.2770073481122], [-102.04449107077684, 38.27566083797079], [-102.04449107077684, 38.27368594556276], [-102.04449107077684, 38.26874881820321], [-102.04444618904571, 38.26744719475108], [-102.04449107077684, 38.26502352540156], [-102.04449107077684, 38.26300374145303], [-102.04444618904571, 38.262465108981566], [-102.04444618904571, 38.26242029082796], [-102.04453595252659, 38.26237536154574], [-102.04480533056518, 38.26224072275548], [-102.04480533056518, 38.26206121154697], [-102.04485021244525, 38.261298128835826], [-102.04480533056518, 38.250301750285885], [-102.04480533056518, 38.25007738098295], [-102.04480533056518, 38.24998756958188], [-102.04480533056518, 38.249045018692726], [-102.04444618904571, 38.24469138379849], [-102.04449107077684, 38.239036093457536], [-102.04444618904571, 38.234323285299965], [-102.04444618904571, 38.23414377901704], [-102.04444618904571, 38.233650094600236], [-102.04449107077684, 38.232931927709096], [-102.04453595252659, 38.232887037545176], [-102.04449107077684, 38.23284217278821], [-102.04449107077684, 38.231585432653404], [-102.04444618904571, 38.2313161350143], [-102.04444618904571, 38.23127121681012], [-102.04444618904571, 38.227186868576126], [-102.04449107077684, 38.224628497636346], [-102.04444618904571, 38.22157643957843], [-102.04444618904571, 38.218524430351295], [-102.04444618904571, 38.218479503644936], [-102.0444013073332, 38.21776135803149], [-102.0444013073332, 38.21767158294197], [-102.04440130733322, 38.21762673504093], [-102.0444013073332, 38.2171779368851], [-102.04435642563932, 38.210804477570875], [-102.04435642563932, 38.20443108159978], [-102.04435642563932, 38.202770332339234], [-102.04435642563932, 38.20259082162468], [-102.04435642563932, 38.20236645241069], [-102.04435642563932, 38.20191755296085], [-102.04435642563932, 38.2016482436202], [-102.04431154396404, 38.196127611405274], [-102.04431154396404, 38.19356930735353], [-102.04431154396404, 38.193075564746486], [-102.04431154396404, 38.18742029563422], [-102.04431154396404, 38.18149572085657], [-102.04431154396404, 38.175571104712425], [-102.04431154396404, 38.174269456045856], [-102.04435642563932, 38.17278830566836], [-102.04435642563932, 38.169646481339456], [-102.04440130733322, 38.16668423145362], [-102.0444013073332, 38.16116356266186], [-102.0444013073332, 38.16017615806038], [-102.04440130733322, 38.15990684173653], [-102.0444013073332, 38.15887453204115], [-102.0444013073332, 38.158829645200605], [-102.04440130733322, 38.15685475372704], [-102.04440130733322, 38.156720089109584], [-102.0444013073332, 38.155283808802096], [-102.0444013073332, 38.15007741540283], [-102.04440130733322, 38.14617251733067], [-102.0444013073332, 38.144511850555624], [-102.04435642563932, 38.14437720429684], [-102.04426666230738, 38.14177396262624], [-102.04426666230738, 38.13804866550182], [-102.04426666230738, 38.134458032202055], [-102.04426666230738, 38.12938619090077], [-102.04426666230738, 38.12857826963234], [-102.04426666230738, 38.112958904311554], [-102.04426666230738, 38.10945797812608], [-102.04444618904571, 38.07507741688748], [-102.04449107077684, 38.06856929414678], [-102.04449107077684, 38.06538263949863], [-102.04453595252659, 38.06277936165714], [-102.04453595252659, 38.06273449099632], [-102.04453595252659, 38.06251005769188], [-102.04453595252659, 38.061298216488794], [-102.04453595252659, 38.06093916303328], [-102.04453595252659, 38.058874549150815], [-102.04453595252659, 38.058829675925104], [-102.04453595252659, 38.05869497650851], [-102.04453595252659, 38.058425736004544], [-102.04453595252659, 38.05793196653129], [-102.04453595252659, 38.05752802130342], [-102.04453595252659, 38.05739339888483], [-102.04453595252659, 38.057348524686354], [-102.04453595252659, 38.05730365045841], [-102.04458083429493, 38.057168994060596], [-102.04458083429493, 38.056495716720946], [-102.04458083429493, 38.05604688799763], [-102.04458083429493, 38.05591226267555], [-102.04458083429493, 38.055867387509245], [-102.04458083429493, 38.05582251231347], [-102.04458083429493, 38.055687806983215], [-102.04458083429493, 38.05564293166952], [-102.04458083429493, 38.05559805632635], [-102.04458083429493, 38.05550830555162], [-102.04458083429493, 38.05505947034295], [-102.04462571608191, 38.04805767247305], [-102.04462571608191, 38.04801279215461], [-102.04462571608191, 38.04778839012052], [-102.04462571608191, 38.04558905205552], [-102.04462571608191, 38.04554417011671], [-102.04462571608191, 38.045409524123556], [-102.04467059788749, 38.04473633752068], [-102.04467059788749, 38.044511924758055], [-102.04471547971168, 38.04123538268074], [-102.04467059788749, 38.03899121851364], [-102.04467059788749, 38.035939203853786], [-102.04462571608191, 38.030822498963985], [-102.04462571608191, 38.03023898511096], [-102.04462571608191, 38.03019409310118], [-102.04462571608191, 38.030059496491106], [-102.04462571608191, 38.0300146043636], [-102.04458083429493, 38.0297452815848], [-102.04458083429493, 38.02970038924638], [-102.04458083429493, 38.02696253772754], [-102.04458083429493, 38.026423885425665], [-102.04458083429493, 38.024673455084105], [-102.04458083429493, 38.02462855941993], [-102.04458083429493, 38.017492162744055], [-102.04453595252659, 38.00487992095085], [-102.04453595252659, 38.000032564222984], [-102.04453595252659, 37.98459271438135], [-102.04413201744909, 37.9510200026058], [-102.04399737275834, 37.943030744368485], [-102.04386272823514, 37.92821926838852], [-102.04386272823514, 37.92817438927661], [-102.04390760972424, 37.927949973973824], [-102.04386272823514, 37.926693282470964], [-102.04386272823514, 37.926648402365274], [-102.04386272823514, 37.926154639557176], [-102.0436832024648, 37.913991276972034], [-102.04345879567079, 37.897115168645314], [-102.04341391436783, 37.89105589392445], [-102.04332415181777, 37.88742033316073], [-102.04332415181777, 37.88710615207922], [-102.04332415181777, 37.886881781724696], [-102.04332415181777, 37.886791969569146], [-102.04332415181777, 37.886522691927084], [-102.04332415181777, 37.88566994588332], [-102.0433690330835, 37.88477226751211], [-102.04332415181777, 37.88463763928677], [-102.04332415181777, 37.88445808879048], [-102.04318950813231, 37.875032548469086], [-102.04318950813231, 37.86794099604764], [-102.04318950813231, 37.867896157450666], [-102.04318950813231, 37.867851239040576], [-102.04318950813231, 37.85339884261626], [-102.04318950813231, 37.85335399459817], [-102.04314462694106, 37.84464663471383], [-102.04314462694106, 37.84401820154757], [-102.04314462694106, 37.84325519908532], [-102.04309974576843, 37.83935035600486], [-102.0430548646144, 37.837465303389486], [-102.0430548646144, 37.83742036522328], [-102.043009983479, 37.83275255254864], [-102.04296510236223, 37.82916188058799], [-102.04296510236223, 37.8267830251829], [-102.04296510236223, 37.82673815991584], [-102.04292022126405, 37.82426957521208], [-102.04292022126405, 37.82422470831478], [-102.04292022126405, 37.81847966961083], [-102.04292022126405, 37.815292903756045], [-102.04287534018452, 37.812510188932016], [-102.04287534018452, 37.81111874643167], [-102.04287534018452, 37.81084949357884], [-102.04287534018452, 37.80941322117922], [-102.04287534018452, 37.80707928505411], [-102.04287534018452, 37.807034407041144], [-102.04287534018452, 37.80631627503575], [-102.04287534018452, 37.80353351327231], [-102.04287534018452, 37.801154657517884], [-102.04283045912358, 37.79711518052968], [-102.0426958160525, 37.79047245722218], [-102.04269581605251, 37.79042756846549], [-102.04265084791852, 37.78881180627566], [-102.04265084791852, 37.788766916442206], [-102.04251620507097, 37.78189979741907], [-102.04247132415902, 37.77938631324084], [-102.0424264432657, 37.77453890493068], [-102.042381562391, 37.77045449092498], [-102.0423366815349, 37.76731266116373], [-102.0423366815349, 37.765158287901784], [-102.0423366815349, 37.765113382776704], [-102.04229180069743, 37.764440202862254], [-102.04229180069743, 37.76399130543849], [-102.04229180069743, 37.76394647946002], [-102.04229180069743, 37.76390157354891], [-102.0422469198786, 37.76210627288556], [-102.04224691987858, 37.76156762546907], [-102.04224691987858, 37.760445569815275], [-102.0422469198786, 37.760400661642784], [-102.04229180069743, 37.76035575298415], [-102.04229180069743, 37.76031092466655], [-102.04229180069743, 37.760266016412146], [-102.04220203907835, 37.750032651080765], [-102.0423366815349, 37.74819239833806], [-102.04215715829673, 37.73854252640246], [-102.04202251606361, 37.73113674388762], [-102.04188787399806, 37.72395546914038], [-102.0416185903697, 37.696711280844525], [-102.0416185903697, 37.68926066869039], [-102.0416185903697, 37.688407896952874], [-102.04166347092787, 37.68755512254394], [-102.04166347092787, 37.68751016742019], [-102.04166347092787, 37.68746529225897], [-102.04170835150467, 37.68728579905081], [-102.04170835150467, 37.683291144749205], [-102.04170835150467, 37.682887242973855], [-102.04170835150467, 37.680598182254556], [-102.04170835150467, 37.680418663740326], [-102.04170835150467, 37.665966234573254], [-102.04170835150467, 37.66587645663249], [-102.04170835150467, 37.66569690040613], [-102.0416185903697, 37.66008647556238], [-102.04166347092787, 37.65869511854005], [-102.04157370983013, 37.65447609096417], [-102.04157370983013, 37.65039168839374], [-102.04157370983013, 37.64428757056414], [-102.04157370983013, 37.638138575668165], [-102.04157370983013, 37.63688181559085], [-102.04157370983013, 37.62503266512855], [-102.0416185903697, 37.607887262503496], [-102.04166347092787, 37.60779750674967], [-102.04179811271412, 37.60124452492832], [-102.04193275466797, 37.57902733480544], [-102.04188787399806, 37.57902731542866], [-102.04188787399806, 37.578982451078225], [-102.04166347092787, 37.57853354831832], [-102.04188787399806, 37.55797703392357], [-102.04188787399806, 37.542447396134165], [-102.04188787399806, 37.54119069296723], [-102.04202251606361, 37.53526605250166], [-102.04202251606361, 37.535131456159], [-102.04197763535647, 37.52884776579948], [-102.04184299334679, 37.51237559734445], [-102.04175323210009, 37.506047028929814], [-102.0417532321001, 37.506002198428604], [-102.04179811271412, 37.50586757375354], [-102.04179811271412, 37.505553357897966], [-102.04179811271412, 37.50550844689109], [-102.04179811271412, 37.49998778524971], [-102.04179811271412, 37.49989803636007], [-102.04179811271412, 37.49980828735683], [-102.04179811271412, 37.49962878900955], [-102.0417532321001, 37.49675624402202], [-102.04179811271412, 37.495409725158595], [-102.04179811271413, 37.49536480772608], [-102.04179811271412, 37.494512093000075], [-102.04179811271412, 37.493479773900226], [-102.04179811271412, 37.49231276197976], [-102.04179811271413, 37.491056050996846], [-102.04179811271412, 37.491011130807514], [-102.04179811271412, 37.49051748813894], [-102.04179811271412, 37.489934000321604], [-102.04179811271412, 37.489036298875234], [-102.04184299334679, 37.488004009632206], [-102.04179811271412, 37.48656774183232], [-102.04184299334679, 37.48513142369522], [-102.04184299334679, 37.48490704440033], [-102.04184299334679, 37.48472750836501], [-102.04179811271412, 37.48409917914343], [-102.04179811271412, 37.48221400646318], [-102.04179811271412, 37.48185500050145], [-102.04179811271412, 37.48005962255246], [-102.04179811271412, 37.47835405568872], [-102.04179811271412, 37.47696271152574], [-102.04179811271412, 37.4769177824166], [-102.04179811271412, 37.476334343260966], [-102.04179811271412, 37.472788515481774], [-102.04179811271412, 37.47126250502318], [-102.04179811271412, 37.47090344369471], [-102.04179811271413, 37.470230168723276], [-102.04179811271412, 37.47005067579632], [-102.04179811271412, 37.46996088904357], [-102.04179811271413, 37.46987110217737], [-102.04179811271412, 37.46978139543633], [-102.04179811271413, 37.46960182113677], [-102.04179811271412, 37.46942232662239], [-102.04179811271412, 37.4693325390756], [-102.04179811271412, 37.46919789766229], [-102.04179811271412, 37.46883882589955], [-102.04179811271412, 37.46843489808754], [-102.04179811271412, 37.46798603322067], [-102.04179811271412, 37.467312810845335], [-102.04179811271412, 37.46592141089644], [-102.04184299334679, 37.46457487227544], [-102.04179811271413, 37.46318354734373], [-102.04179811271412, 37.46242048319497], [-102.04179811271412, 37.46237562513595], [-102.04179811271412, 37.45954798559771], [-102.04179811271412, 37.45788726872626], [-102.04179811271413, 37.45685497890097], [-102.04179811271412, 37.45654078680513], [-102.04179811271412, 37.45645106323917], [-102.04179811271412, 37.45631639742413], [-102.0416185903697, 37.45070597803748], [-102.0416185903697, 37.450302027279854], [-102.0416185903697, 37.44926970717455], [-102.0416185903697, 37.44792322205544], [-102.0416185903697, 37.44760899036966], [-102.04175323210009, 37.434862159459826], [-102.04166347092787, 37.43472754298147], [-102.04166347092787, 37.42754621436552], [-102.04179811271412, 37.410490512023635], [-102.04179811271412, 37.41013146526634], [-102.04166347092787, 37.40990705693926], [-102.04179811271413, 37.407124267306486], [-102.04166347092787, 37.38917099823693], [-102.0416185903697, 37.384054266810175], [-102.04157370983013, 37.38342592111166], [-102.04157370983013, 37.382932174463896], [-102.04157370983013, 37.3826628858862], [-102.04157370983013, 37.382618057915856], [-102.0415288293092, 37.375032766964495], [-102.04206739678936, 37.35281554192303], [-102.04202251606361, 37.352815497965935], [-102.04197763535647, 37.35277060735582], [-102.04193275466795, 37.35272571668769], [-102.04193275466797, 37.35268086999375], [-102.04188787399806, 37.35146899001567], [-102.04188787399806, 37.347160207889296], [-102.04188787399806, 37.34581372563149], [-102.04193275466797, 37.34549957153741], [-102.04193275466797, 37.34509558804663], [-102.04193275466795, 37.344467262997675], [-102.04188787399806, 37.34303097974991], [-102.04193275466797, 37.3415946775052], [-102.04193275466797, 37.33849777967539], [-102.04193275466797, 37.33836313240347], [-102.04193275466797, 37.33764495575692], [-102.04193275466797, 37.33490707241166], [-102.04193275466797, 37.333829913595714], [-102.04188787399806, 37.3239107074188], [-102.04188787399806, 37.32386576228658], [-102.04188787399806, 37.322294916249874], [-102.04188787399806, 37.32099323556889], [-102.04188787399806, 37.31874906945216], [-102.04184299334679, 37.30932364145419], [-102.04184299334679, 37.305732920953474], [-102.04184299334679, 37.29765396809888], [-102.04184299334679, 37.29702562959244], [-102.04184299334679, 37.29648696892499], [-102.04184299334679, 37.296307441283446], [-102.04184299334679, 37.29608303110104], [-102.04184299334679, 37.29563420863472], [-102.04184299334679, 37.294781438229286], [-102.04184299334679, 37.29473655529617], [-102.04188787399806, 37.28602918991602], [-102.04197763535647, 37.27974553166988], [-102.04197763535647, 37.27934158040469], [-102.04197763535647, 37.274135144829415], [-102.04197763535647, 37.27328236121899], [-102.04197763535647, 37.27260907422243], [-102.04193275466797, 37.272384698320266], [-102.04193275466795, 37.27233980142385], [-102.04193275466797, 37.27220511056665], [-102.04193275466795, 37.268120736083794], [-102.04193275466795, 37.26659469878959], [-102.04193275466797, 37.26569708569204], [-102.04193275466797, 37.26556238241175], [-102.04197763535647, 37.25815666801654], [-102.04202251606361, 37.255418788263555], [-102.04202251606361, 37.25523923873448], [-102.04206739678936, 37.252366681835916], [-102.04211227753375, 37.25173832521673], [-102.04211227753375, 37.25003278163338], [-102.04215715829673, 37.22826440201208], [-102.04220203907835, 37.225661136269586], [-102.04215715829673, 37.225661158986945], [-102.04215715829673, 37.225616313531866], [-102.04197763535647, 37.22202561639246], [-102.04197763535647, 37.221890992598276], [-102.04197763535647, 37.21417104182412], [-102.04197763535647, 37.21381197862365], [-102.04197763535647, 37.213318273876936], [-102.04197763535647, 37.21080476437841], [-102.04197763535647, 37.207752729570544], [-102.04197763535647, 37.207393634497876], [-102.04197763535647, 37.19958394279372], [-102.04202251606361, 37.18544573163881], [-102.04202251606361, 37.185400861230285], [-102.04197763535647, 37.16313874807478], [-102.04197763535647, 37.15595740273642], [-102.04184299334679, 37.141639614212814], [-102.04184299334679, 37.14150500214204], [-102.04184299334679, 37.141460104527646], [-102.04184299334679, 37.13961992331498], [-102.04179811271413, 37.13737576946048], [-102.04184299334679, 37.13558037310727], [-102.04188787399806, 37.134323678547325], [-102.04193275466797, 37.13378508136825], [-102.04197763535647, 37.13221419482982], [-102.04197763535647, 37.12795026926437], [-102.04197763535647, 37.126738362619434], [-102.04197763535647, 37.126693536520676], [-102.04193275466797, 37.12615490740005], [-102.04193275466797, 37.125840718459905], [-102.04193275466795, 37.125077694043966], [-102.04193275466797, 37.12503286691683], [-102.04193275466797, 37.12431466162362], [-102.04193275466797, 37.12364143850324], [-102.04193275466797, 37.12359652986504], [-102.04193275466797, 37.11358758151845], [-102.04197763535647, 37.11201666416476], [-102.04197763535647, 37.11197182899594], [-102.04193275466797, 37.10883000217872], [-102.04193275466797, 37.10815671645191], [-102.04193275466797, 37.10734882987777], [-102.04193275466797, 37.106944883229794], [-102.04197763535647, 37.10685511623196], [-102.04197763535647, 37.10676535886554], [-102.04197763535647, 37.10672043981852], [-102.04197763535647, 37.1066306822861], [-102.04197763535647, 37.10654092464308], [-102.04202251606361, 37.105149536493926], [-102.04202251606361, 37.0909215642116], [-102.04202251606361, 37.09083178722607], [-102.04206739678936, 37.07530216807645], [-102.04206739678936, 37.075212371875566], [-102.04206739678936, 37.06821059053612], [-102.04206739678936, 37.06511366892102], [-102.04206739678936, 37.04733987902249], [-102.04193275466797, 37.03508671803944], [-102.04197763535647, 37.034907186156204], [-102.04188787399806, 37.034727659537545], [-102.04175323210009, 37.03441348563116], [-102.04193275466797, 37.032169301489525], [-102.04206739678936, 37.03158579950485], [-102.04206739678936, 37.03109206757973], [-102.04193275466797, 37.030822843054395], [-102.04206739678936, 37.02835420066339], [-102.04202251606361, 37.02552661726327], [-102.04206739678936, 37.02476359226821], [-102.04206739678936, 37.02467381471084], [-102.04206739678936, 37.02458403704342], [-102.04206739678936, 37.02440448137845], [-102.04206739678936, 37.02391078176618], [-102.04206739678936, 37.02341707882618], [-102.04206739678936, 37.023192630600256], [-102.04206739678936, 37.0207240584229], [-102.04206739678936, 37.020005956755746], [-102.04202251606361, 37.01856965174253], [-102.04206739678936, 37.01830037653098], [-102.04202251606361, 37.018031100627965], [-102.04206739678936, 37.010490647147265], [-102.04202251606361, 37.00829136270155], [-102.04206739678936, 37.006810252161905], [-102.04202251606361, 37.0054637306079], [-102.04202251606361, 37.00286050069266], [-102.04206739678936, 37.00084076524457], [-102.04197763535647, 36.99918012425213], [-102.04197763535647, 36.997250096787994], [-102.04206739678936, 36.995095731330906], [-102.04211227753375, 36.99352478254421], [-102.04206739678936, 36.99303111474958], [-102.04063113565495, 36.993031111294044], [-102.0362326228827, 36.993075965729155], [-102.03134030027337, 36.99307599783791], [-102.03008359740255, 36.99307596264498], [-102.02878194678519, 36.99312082170755], [-102.02819848337101, 36.993120879693215], [-102.02694172991637, 36.99312081421428], [-102.02631340224056, 36.99312085188518], [-102.02604407027914, 36.99312088346235], [-102.02595432215264, 36.99312086392942], [-102.02572986502888, 36.99307599452128], [-102.02483221546606, 36.99312088207508], [-102.02285736042008, 36.9931208584251], [-102.0203887770746, 36.99312084148187], [-102.01742649932565, 36.99312087558773], [-102.01661857198702, 36.993165726712284], [-102.01634926421892, 36.99316573230231], [-102.01029006079835, 36.99316570297209], [-102.00885378669602, 36.99316569366073], [-102.00768681719245, 36.993210593995336], [-102.00665445829044, 36.993210624373326], [-102.00333311754386, 36.9932106333737], [-102.00135830777982, 36.99321062664325], [-102.0007298678208, 36.993255524331104], [-102.00041573633025, 36.993255466169764], [-102.00032592242033, 36.99325551342686], [-101.99992197853545, 36.99321058825832], [-101.99906923244752, 36.99321061722559], [-101.99835108070027, 36.993210624613745], [-101.99660067122338, 36.993210634619665], [-101.99547852162922, 36.99321060278699], [-101.99449114071267, 36.993210612240865], [-101.99327929219768, 36.99321058887556], [-101.99220203722857, 36.99321062556927], [-101.99072088370359, 36.993255514739154], [-101.98950907766678, 36.99325552676988], [-101.98748931515028, 36.99325549923804], [-101.98560424931802, 36.99325550570276], [-101.98340496053382, 36.99330037832983], [-101.98223800569828, 36.99330034038438], [-101.97869218869212, 36.993300374383125], [-101.97689689728274, 36.993345284043926], [-101.97528104745814, 36.99334529574825], [-101.9740243018638, 36.99334527690947], [-101.97222900142337, 36.993390112647184], [-101.97142115215044, 36.99339012022817], [-101.96940138140103, 36.99339016888037], [-101.96706744048605, 36.993390113023985], [-101.96446419832564, 36.99339012956953], [-101.95934750905106, 36.99339012892586], [-101.9580009974773, 36.99343501659016], [-101.95714823588487, 36.99343504858845], [-101.95616077204332, 36.99343504910587], [-101.95405125236206, 36.99343506586583], [-101.95324336591693, 36.99343502579361], [-101.95257010284385, 36.993435017316735], [-101.95028110972135, 36.99343504458914], [-101.94803691999482, 36.993479910453885], [-101.94269577406874, 36.99347991504255], [-101.94157375287469, 36.9934798913378], [-101.94108000459178, 36.993479905928524], [-101.94004767667543, 36.99347987969863], [-101.9390153587265, 36.99347992364628], [-101.93807281247621, 36.993479884637416], [-101.93793821344043, 36.99347990791166], [-101.93529005976981, 36.99352476506239], [-101.93520030037666, 36.99352475413986], [-101.93466165854107, 36.99352477655417], [-101.93344987669239, 36.99352482114668], [-101.93313568102742, 36.99352482162694], [-101.9325072924697, 36.99352481963855], [-101.92577476506435, 36.993569659259684], [-101.92326131923751, 36.993569694981694], [-101.92038877029138, 36.993569670144076], [-101.92007461306484, 36.99356971059317], [-101.92002978327834, 36.99356965353541], [-101.9198502031769, 36.99356969397779], [-101.9171572343031, 36.993569706694174], [-101.9145989028754, 36.9936145770033], [-101.91293820948296, 36.993614593935185], [-101.91253424683345, 36.993614588782314], [-101.91087358561015, 36.99361457157905], [-101.90840496770419, 36.99361457464404], [-101.90831523092601, 36.9936145397157], [-101.90804593400667, 36.99361452406641], [-101.90782146240181, 36.99361457021824], [-101.90750734221032, 36.99361457139753], [-101.90651990197766, 36.99361453241743], [-101.90494898133369, 36.99361454341482], [-101.90490407087313, 36.99361456922422], [-101.90485916043149, 36.99361459501355], [-101.9048143370445, 36.99361453116812], [-101.9043205847505, 36.993614544462275], [-101.90400638784955, 36.99361454351186], [-101.90306388974392, 36.993614525947095], [-101.9022110445073, 36.99361454881754], [-101.90081973516476, 36.993614567107606], [-101.90068500906544, 36.99361455814115], [-101.89906926651685, 36.99361458189138], [-101.89866526943963, 36.99361452978033], [-101.89808181751388, 36.99365947296993], [-101.8978573669166, 36.99365941608452], [-101.89709437767445, 36.99365943105676], [-101.89691483623102, 36.99365943053969], [-101.89673529509058, 36.99365942970174], [-101.89574786774843, 36.99365945535081], [-101.89565814163917, 36.99365940912479], [-101.89507461917673, 36.99365942033086], [-101.89493998737925, 36.99365947566183], [-101.89453600598198, 36.99365940698783], [-101.89440137486626, 36.99365946159705], [-101.89395257670238, 36.99365940286666], [-101.89341396918977, 36.99365946430615], [-101.89233676234808, 36.99370434090745], [-101.89202260083104, 36.993704302544536], [-101.89193279083945, 36.9937043426068], [-101.8914840030936, 36.99370435369494], [-101.89130447112073, 36.993704343170535], [-101.89067606809097, 36.99370434861115], [-101.89009257296566, 36.99370433094251], [-101.88991304334245, 36.99370431793151], [-101.88825238694598, 36.99370428557064], [-101.88820748353322, 36.99370430392678], [-101.88515540126933, 36.9937043226443], [-101.88430261261145, 36.99370436407834], [-101.88371915247873, 36.99374923427439], [-101.88156477219407, 36.99374918053253], [-101.88102614044276, 36.99374918447817], [-101.88089152643985, 36.99374922101457], [-101.87891662723911, 36.993749229200155], [-101.87667246028163, 36.99374918850933], [-101.87492204125117, 36.9937492223437], [-101.87240857807491, 36.993749241342066], [-101.8715558047926, 36.99374918347225], [-101.86944630580827, 36.99374920855281], [-101.86881794511388, 36.99374916694975], [-101.86818958814257, 36.9937492022202], [-101.86603517507729, 36.99379410062216], [-101.86468862389086, 36.99379407628025], [-101.86338706970551, 36.99379409865894], [-101.86266887268512, 36.99379412274841], [-101.86154682464762, 36.993794102136135], [-101.86024522204961, 36.99379409260182], [-101.85921289491164, 36.993794123750675], [-101.8535127441452, 36.99383900337954], [-101.85221106629808, 36.99383898828002], [-101.85158272082084, 36.993839009427944], [-101.8504157288389, 36.99383896499258], [-101.84992205552268, 36.99383897123996], [-101.84920394981484, 36.993838979985], [-101.84902440240185, 36.99383898356236], [-101.84808187047139, 36.99388383612408], [-101.84794721131117, 36.993883837348044], [-101.84713925994915, 36.993883840902726], [-101.84610697362062, 36.99388382722338], [-101.84462584692582, 36.99388387369541], [-101.84283046421457, 36.99388389424576], [-101.84125961633258, 36.99388388725383], [-101.8400028852461, 36.993883887155434], [-101.83910514235029, 36.99392875806107], [-101.83847678774717, 36.993928706168994], [-101.83582867599063, 36.99392877631386], [-101.83515545993356, 36.99392877942664], [-101.83358455217379, 36.9939287509756], [-101.83344991147948, 36.99392873279069], [-101.83210334002409, 36.993973650431194], [-101.82994896577807, 36.99397364706244], [-101.8279292689741, 36.993973623263415], [-101.82662764521864, 36.994018476789584], [-101.82653789065084, 36.99401853930355], [-101.82528116077567, 36.99397360368919], [-101.82415907454067, 36.994018545100445], [-101.82258815646554, 36.99401852425067], [-101.82092742502078, 36.99401854510303], [-101.82079280047125, 36.99401850999259], [-101.81765100101993, 36.994018508897625], [-101.81751629368908, 36.99401847814368], [-101.81491305832115, 36.99406339963316], [-101.81329731938169, 36.99406338976361], [-101.8118161311699, 36.99406340996301], [-101.81150194767802, 36.994063388872284], [-101.81042479151503, 36.9940633515404], [-101.80871920808569, 36.99410826631721], [-101.7983511700884, 36.99415311981489], [-101.7966456083776, 36.99415315734147], [-101.79422190808225, 36.99415314939425], [-101.79188798862039, 36.99419806673576], [-101.78690593427933, 36.99419804128375], [-101.78636735030717, 36.99419806719574], [-101.78542476979645, 36.99419803131974], [-101.78098131472726, 36.994198040869904], [-101.77914111589534, 36.99424290620065], [-101.77846782747248, 36.99424289711403], [-101.77617876606962, 36.99424290460855], [-101.77388975459715, 36.99424294081574], [-101.77231880463633, 36.99424294122269], [-101.76729195764959, 36.99428782427635], [-101.75831525009025, 36.99433270445144], [-101.75607112820386, 36.99433265240218], [-101.75423084508895, 36.99433266385359], [-101.75046068630644, 36.99437759999268], [-101.75001180485003, 36.99437761576761], [-101.74453612759113, 36.9943775948172], [-101.74130449407278, 36.994422485138784], [-101.73991313310933, 36.994422437070874], [-101.73623264642984, 36.99442245369793], [-101.73336014247661, 36.99446730564454], [-101.73084666857407, 36.99446736286842], [-101.72815365349135, 36.99446733305188], [-101.7253709529244, 36.99446737382354], [-101.72281257781991, 36.99451222445562], [-101.72173537687499, 36.99451222302657], [-101.7182345072042, 36.99451224409298], [-101.7181446715733, 36.99451222733914], [-101.71482332714214, 36.99451218910925], [-101.71302799119597, 36.994557075600575], [-101.7128035872373, 36.994557125901025], [-101.71100828609228, 36.99455711478061], [-101.70876413801568, 36.994557082527464], [-101.70620573614958, 36.99455709808273], [-101.7036923087044, 36.994601966573214], [-101.70073001185418, 36.99460197441269], [-101.70010161721184, 36.994601954096204], [-101.69848582474904, 36.99460198158834], [-101.69646605431663, 36.99460200615636], [-101.69489513922467, 36.99464690672384], [-101.6941770517417, 36.99464688410332], [-101.69202264533081, 36.99464688360763], [-101.68739963429334, 36.994691737289244], [-101.68578386552868, 36.99464687555313], [-101.68461689362411, 36.99464687013752], [-101.68228298915145, 36.99469176446822], [-101.68201366245253, 36.99469177083524], [-101.68192385809103, 36.994691802620125], [-101.68048760682186, 36.99469175484812], [-101.67837812436903, 36.994736661772514], [-101.67590957453766, 36.99473667612196], [-101.67357560530625, 36.99473661079925], [-101.67290238978076, 36.994736603288366], [-101.67146608968378, 36.99478155268883], [-101.66949122038518, 36.99473661522446], [-101.66774078173479, 36.994781494216085], [-101.6670226215281, 36.99478154644864], [-101.664598976112, 36.99478154276541], [-101.66388083767497, 36.99478149173894], [-101.65836019526579, 36.99482640377656], [-101.65472461825175, 36.99482638985949], [-101.654679727879, 36.99482639360318], [-101.64974260033915, 36.99482637183288], [-101.6456133136875, 36.99487126232779], [-101.64390773025784, 36.99487130854126], [-101.64049664781116, 36.99487131427517], [-101.64045176361306, 36.99487131167887], [-101.64040687943445, 36.994871309062546], [-101.6387461785305, 36.9948712790352], [-101.63834222829209, 36.994871328769314], [-101.63618785369377, 36.99491616679226], [-101.63425784445758, 36.99491620580401], [-101.6325073940788, 36.99491615170296], [-101.6305325737383, 36.99491619398971], [-101.6299939297957, 36.9949161976945], [-101.62900649553998, 36.994916203321246], [-101.628647462446, 36.99491614104585], [-101.62846785956079, 36.994916198861034], [-101.62770491971057, 36.99491614176086], [-101.62680717702688, 36.99491615093052], [-101.62496701122977, 36.99496107022853], [-101.62267793905096, 36.99496107910264], [-101.62052354415877, 36.99496107046636], [-101.61823448380439, 36.99496106774264], [-101.61608009495886, 36.995005925143175], [-101.61432969260399, 36.995005904502825], [-101.61374617389654, 36.99500597742611], [-101.61352172447494, 36.99500591326261], [-101.61338710713297, 36.99500595023104], [-101.60957206750821, 36.99500593913975], [-101.60432067391216, 36.995050864502986], [-101.60423093701571, 36.995050827076625], [-101.60225605081266, 36.99505086049164], [-101.60158277914609, 36.99505083228974], [-101.60050562306868, 36.99505078712433], [-101.60041588949888, 36.995050827150614], [-101.59992209591637, 36.99505078856532], [-101.598440989733, 36.99509566778978], [-101.59655585800662, 36.99509572161166], [-101.59520939369084, 36.995095746333384], [-101.59453616814434, 36.99509567108927], [-101.59309982953515, 36.99509571943527], [-101.592695884611, 36.99509568424887], [-101.59170846072593, 36.99509568220481], [-101.59157387191432, 36.99509569004419], [-101.59018243698647, 36.99509572113854], [-101.58722017946384, 36.99514057606655], [-101.58493107879764, 36.99514062197549], [-101.58273183396966, 36.99518545817015], [-101.58232784303884, 36.99518547088527], [-101.58062235245377, 36.995140554722234], [-101.57757022322566, 36.995185515593306], [-101.57739070945362, 36.995185482442984], [-101.57541581840161, 36.99518544572234], [-101.5734409653618, 36.99518545113585], [-101.57335125542876, 36.99518546708004], [-101.57303701100166, 36.99518550744303], [-101.5660352147339, 36.99527524197508], [-101.56423994604023, 36.99527521014708], [-101.56361151400053, 36.99527523317568], [-101.56020040285937, 36.99527521311539], [-101.55993113456039, 36.995275242445594], [-101.55979650067634, 36.9952752164107], [-101.55943736218642, 36.99527526528799], [-101.55665460206725, 36.99532010379465], [-101.55557748366772, 36.99532010666112], [-101.5554427687628, 36.99532016420623], [-101.55526329373988, 36.99532009167812], [-101.54642126398147, 36.99536502365594], [-101.54628656113077, 36.99536498810972], [-101.544670834648, 36.995409924332044], [-101.54309988864985, 36.99540992948889], [-101.54139435711842, 36.99540985956376], [-101.54045174744675, 36.995409857925026], [-101.5371303926139, 36.99540986698443], [-101.53663673028778, 36.99540985910039], [-101.53187906483535, 36.99545478229959], [-101.52770490722416, 36.995454761170606], [-101.52442845358402, 36.995499643058565], [-101.52353074689059, 36.995499626900674], [-101.52326148845353, 36.99549964774224], [-101.5218701143936, 36.995499630422856], [-101.51913216766702, 36.99549968410148], [-101.51760618492521, 36.99549961678552], [-101.51468877553724, 36.99554455141177], [-101.51275879622615, 36.99554450853531], [-101.51150204886765, 36.99558940860697], [-101.50768698696564, 36.99558939613042], [-101.5055774925068, 36.995589407373906], [-101.50517354621108, 36.99558946009141], [-101.50418609977983, 36.99558941424131], [-101.5023009698467, 36.99558941320355], [-101.50099935495427, 36.99558941481141], [-101.50001194902073, 36.99558940893298], [-101.49839608842237, 36.995634340523544], [-101.49695988576511, 36.9956342713108], [-101.49502989575677, 36.995634327582934], [-101.49345893416606, 36.99563428301625], [-101.49202271454288, 36.995634313664155], [-101.48973366497006, 36.99567922867721], [-101.48838713321146, 36.99567918517345], [-101.48717533056511, 36.995679148974425], [-101.48520045003437, 36.995679214455265], [-101.48502092522486, 36.99567919566334], [-101.48376417375854, 36.995679225378076], [-101.48313580385684, 36.99572407903081], [-101.47873723673955, 36.995724081570046], [-101.47743566355656, 36.995724047303476], [-101.4759096127945, 36.99572406419483], [-101.47438358498165, 36.99572405798314], [-101.47415918125975, 36.99572403271809], [-101.47303708342079, 36.99576895523275], [-101.47070313193906, 36.995768932390064], [-101.4693566792353, 36.995768975367156], [-101.46486831490776, 36.99576893884109], [-101.45885392194843, 36.99581387641165], [-101.45643025667803, 36.995813803215036], [-101.4561609159729, 36.99581383212081], [-101.45589166264432, 36.995813851866686], [-101.44888985435044, 36.99585874043241], [-101.44772289007378, 36.99585868401475], [-101.4469150262764, 36.995858690443555], [-101.44045182832969, 36.9959484999844], [-101.43748950129311, 36.99594848000204], [-101.42936562066127, 36.99594846054944], [-101.42914123009804, 36.995948505400634], [-101.4287821195974, 36.99594845512737], [-101.42864748597778, 36.995948513672545], [-101.42770496903229, 36.9959485224529], [-101.42245358066754, 36.99599340791462], [-101.42092757929457, 36.995993397390535], [-101.4184589971763, 36.995993383944906], [-101.41738178356877, 36.99603824965055], [-101.41630458147019, 36.99603829313576], [-101.41504790354857, 36.99603827119947], [-101.41473371485989, 36.996038265370096], [-101.41388089717776, 36.99603827012537], [-101.41253442146285, 36.99603827804469], [-101.41118787711737, 36.996038276390436], [-101.41073909074872, 36.996038293204606], [-101.41002091544796, 36.996038230651365], [-101.40710348379837, 36.99608312014798], [-101.4044105583033, 36.99608311590193], [-101.4031089024152, 36.99608311404871], [-101.40194194774713, 36.99608314512809], [-101.40095446850833, 36.996083161115564], [-101.3982615342857, 36.99612798399899], [-101.39713941302125, 36.99612798899567], [-101.39704968543339, 36.99612802689104], [-101.39583785117927, 36.99612805522376], [-101.39444640769862, 36.996127995234744], [-101.39417714577496, 36.99612802899388], [-101.3933692777232, 36.99612805345647], [-101.3926061913377, 36.99612802244928], [-101.39148413316825, 36.996128045424406], [-101.39022741863644, 36.99612799073833], [-101.38870138595396, 36.99612802881345], [-101.38744461961207, 36.99612802873298], [-101.3811609370964, 36.99617293988595], [-101.3802184316126, 36.996172870935666], [-101.37905148283573, 36.996172905271784], [-101.3789616848016, 36.996172935465495], [-101.37891682911163, 36.99617290589805], [-101.37819870783092, 36.99617287644656], [-101.37797425809963, 36.99617290524938], [-101.37667268469377, 36.99617291125741], [-101.37541589568006, 36.996172939989975], [-101.37501194968021, 36.99617292677195], [-101.37438356360447, 36.99617293275092], [-101.37371032810039, 36.99617290293313], [-101.37240872340485, 36.99617294319495], [-101.37164570966326, 36.99617292388094], [-101.36895269507072, 36.99621777967992], [-101.36527227793223, 36.99621777227619], [-101.36410532982848, 36.996217812380614], [-101.36284861169915, 36.996262671135476], [-101.36168160523398, 36.99626269168911], [-101.36114299810899, 36.9962626897569], [-101.36042491749781, 36.99626270409999], [-101.35988631712786, 36.99626269545933], [-101.35948234710621, 36.996262709406004], [-101.35898859856107, 36.996262653276276], [-101.3588091250743, 36.99626266955267], [-101.35818075396257, 36.99626266400541], [-101.35800119534723, 36.99630758485267], [-101.32155599696992, 36.99648704845758], [-101.32025437826054, 36.99648704999542], [-101.29794732733932, 36.99662173954391], [-101.2972292684246, 36.996621751014004], [-101.28322560358991, 36.99671149421167], [-101.26590068208861, 36.99680130484379], [-101.264284864381, 36.99680128425369], [-101.26168167232183, 36.99684613843024], [-101.25880913264496, 36.99684614607824], [-101.25239084867096, 36.99689105693552], [-101.24938366711476, 36.99689107465123], [-101.24884506158904, 36.996891017918436], [-101.24857575992517, 36.99689102893285], [-101.24835134243165, 36.996891037562975], [-101.23888095577095, 36.99689106943784], [-101.2387463184085, 36.99689106175079], [-101.21491329465262, 36.99698082548252], [-101.2148684264028, 36.99702572409171], [-101.21468886715644, 36.99707059120411], [-101.21428488166019, 36.997115480230235], [-101.21410540992701, 36.99711542632262], [-101.21392585206995, 36.997115461255845], [-101.21347700208275, 36.997115421690715], [-101.21150215557122, 36.99711542772144], [-101.2023908313341, 36.99720522061945], [-101.19359375424922, 36.997250064434134], [-101.19036209017098, 36.997250103090586], [-101.1799492310543, 36.997205199883034], [-101.17537111652285, 36.99725006954504], [-101.16208563035822, 36.99738477862316], [-101.14413232853605, 36.997474512456705], [-101.13919514287673, 36.997519369717665], [-101.12622386496608, 36.9975194211222], [-101.12546084634444, 36.99751942520858], [-101.12088277343065, 36.997564257888556], [-101.11702286600554, 36.99760915160272], [-101.11204076067102, 36.99778866731246], [-101.11186121686697, 36.9977886994448], [-101.10786660385104, 36.997788690379366], [-101.10723827206101, 36.99778873096169], [-101.1062508770433, 36.99778873135802], [-101.10530831014427, 36.99778870291237], [-101.10414131873604, 36.9977887110326], [-101.10315386874008, 36.997788689331344], [-101.10297434130248, 36.997788705684144], [-101.10234595469966, 36.99778872401018], [-101.1010443774763, 36.9977886853348], [-101.09740880943336, 36.99783360550529], [-101.0962418263054, 36.99783361165819], [-101.09413231205515, 36.997833560898165], [-101.09386308913854, 36.997833597713395], [-101.09368349248184, 36.997833605726974], [-101.0935488815511, 36.99783358315513], [-101.09054172707395, 36.99787847189836], [-101.09027242774788, 36.997878507315754], [-101.08529030882328, 36.997878446433276], [-101.06675353295161, 36.99792333808013], [-101.06643932666444, 36.99792332842944], [-101.05360271189001, 36.99796822158518], [-101.05019158742708, 36.99801312855965], [-101.0488002614966, 36.998013136518665], [-101.03650221001371, 36.99810291737118], [-101.03573920496378, 36.99810287715347], [-101.03470688821255, 36.99810289691421], [-101.03376432524618, 36.99810291490661], [-101.03187922687037, 36.9981029245483], [-101.03062251503484, 36.99810288447855], [-101.02743576586185, 36.99810292740353], [-101.02644831947067, 36.998102878143676], [-101.0218253856745, 36.99814780160528], [-101.02173556771024, 36.99814779033701], [-101.01832444506073, 36.998192622924286], [-101.01774095291798, 36.99819266176868], [-101.01531729388972, 36.99819267751571], [-101.01374641710815, 36.99819261503257], [-101.0128037997844, 36.99823755541392], [-101.01262426699597, 36.998237508748296], [-101.00082000767581, 36.99828238364143], [-101.00046090078631, 36.99828241748403], [-100.99781279836098, 36.99801310664791], [-100.9970048996498, 36.99801310999071], [-100.99651115835321, 36.99805800860903], [-100.99583791805287, 36.99805797626363], [-100.99579306428588, 36.99805803603137], [-100.98677149878237, 36.9981478032873], [-100.98084696884943, 36.998237514688405], [-100.97635859964743, 36.99828243293957], [-100.97590972250768, 36.99828241709896], [-100.96352197216174, 36.998327321023915], [-100.96127782111216, 36.9983722057876], [-100.96029036298667, 36.99837222374166], [-100.95898879971071, 36.99837215620108], [-100.95862967654841, 36.998372219716714], [-100.95822571848717, 36.998372163183845], [-100.95620603991541, 36.99837217218719], [-100.95485952493712, 36.99837219081586], [-100.95167278203564, 36.998372188599454], [-100.95158302952125, 36.998372196105734], [-100.94655607448422, 36.99841711056748], [-100.94547893492664, 36.998417076128206], [-100.94467095888778, 36.99841703455528], [-100.94449146705637, 36.998417037092736], [-100.94296545522776, 36.99841707785908], [-100.94152912451506, 36.99841710511287], [-100.93986850443278, 36.998417060480044], [-100.93825265382196, 36.998461981856046], [-100.93748965146983, 36.998417064023165], [-100.93529041806802, 36.99846195662595], [-100.93273203668247, 36.99846193154038], [-100.93080202503126, 36.99846198527812], [-100.92792949158549, 36.9985068811167], [-100.92321682728875, 36.99850685147976], [-100.92231914171934, 36.998506872949996], [-100.92222933053053, 36.99850686246171], [-100.92128683528476, 36.99850682102664], [-100.91827961790437, 36.998551734601875], [-100.91724726892184, 36.998551730567556], [-100.91576616323849, 36.998551692757694], [-100.91136762591198, 36.99859662698207], [-100.90988643905924, 36.99859660027679], [-100.90880928153406, 36.99859662106023], [-100.90737294678097, 36.998596617262194], [-100.90566741890234, 36.99859658287808], [-100.90459022282305, 36.99859656677172], [-100.90450042830705, 36.99859662155626], [-100.90436582286654, 36.99864147545069], [-100.90427602856175, 36.998686390848604], [-100.90423113144107, 36.998731278900785], [-100.90171770196113, 36.998731245241586], [-100.89417729400071, 36.998641499211196], [-100.89166387107363, 36.99859662036399], [-100.8916189798921, 36.99859656105914], [-100.8910354826202, 36.998641452233905], [-100.88282183680467, 36.9986414594822], [-100.88134066269134, 36.99864146024859], [-100.87694207676644, 36.99864148737835], [-100.87546099418208, 36.998641483162565], [-100.8750570430758, 36.998641450976635], [-100.87389008285123, 36.998596629102046], [-100.87362078637149, 36.9986863582657], [-100.87348613841762, 36.99868639927116], [-100.87339637322096, 36.99877615409302], [-100.8733514906544, 36.99882103144611], [-100.87326172558485, 36.998820977609235], [-100.87317187445326, 36.9988658763729], [-100.87303722713506, 36.998865916834454], [-100.87249863976898, 36.99886591492825], [-100.86931197414071, 36.99882105637672], [-100.86872844135308, 36.9988210541182], [-100.86823475852846, 36.99882101793836], [-100.86679851875238, 36.99877610881873], [-100.86248967127212, 36.99868638913683], [-100.86105343221243, 36.99868635148217], [-100.8599762241047, 36.99868639483586], [-100.85669971227532, 36.99868638935507], [-100.85571230196939, 36.99868637493206], [-100.85185233597696, 36.998686390788876], [-100.85001215487947, 36.99868633713494], [-100.83744482612612, 36.99873122784253], [-100.82299240983863, 36.998821029117856], [-100.82276794425728, 36.99882100115887], [-100.81428505125778, 36.999090358079314], [-100.81262432652319, 36.999090307437186], [-100.80773211649485, 36.999090339242436], [-100.80611627158918, 36.99909028629326], [-100.79794750997635, 36.99909034835461], [-100.77348617528283, 36.99918006194056], [-100.76531740257732, 36.99918010556314], [-100.76527248523848, 36.999224953275444], [-100.76518273667362, 36.99926984772188], [-100.76518273667362, 36.99931472172085], [-100.76509298819444, 36.99935961605898], [-100.7649583226122, 36.99940448385735], [-100.76482365722285, 36.99940447752417], [-100.76450949609645, 36.999404510809434], [-100.76432991446156, 36.99940447715159], [-100.76397083826829, 36.99940448201958], [-100.76370159655879, 36.99940453968974], [-100.76271412541682, 36.999404525614445], [-100.76181649595978, 36.99940447666688], [-100.7615022588392, 36.999404508496546], [-100.76118810881412, 36.999404531492566], [-100.76087395983924, 36.99940447251481], [-100.75984160366396, 36.99940448318954], [-100.75952745919072, 36.99944937550625], [-100.75912348694597, 36.999404540870806], [-100.75907857256726, 36.99940451181597], [-100.7577320976485, 36.99944939114352], [-100.7572833056446, 36.999449386158226], [-100.75714865125332, 36.99944936964641], [-100.75683442974406, 36.99944938704319], [-100.75674468923764, 36.99944940003951], [-100.75669977599625, 36.99940449519623], [-100.75661003561848, 36.999359633289416], [-100.75656512244149, 36.99935960311687], [-100.75212166343994, 36.99931470427397], [-100.75019171302031, 36.99926985690466], [-100.73874643952024, 36.9991352445696], [-100.7345274769646, 36.99904544852487], [-100.73425814766543, 36.99904544351152], [-100.73327072821678, 36.9990902857896], [-100.73035326088025, 36.999135220545234], [-100.72936588258685, 36.99913522878188], [-100.6935489626217, 36.99958406946717], [-100.67555083296624, 36.999673829640976], [-100.67532637586699, 36.99967383118718], [-100.67528150170521, 36.99971864750352], [-100.67523662756506, 36.99980842718234], [-100.67514687934961, 36.99985333926602], [-100.67505704525504, 36.999898259048514], [-100.6749224232239, 36.99994310469995], [-100.67415939679357, 36.999943125149855], [-100.67043410201465, 36.99994311585484], [-100.66922222705628, 36.99994307940857], [-100.66899787117325, 36.99994314032061], [-100.66868368788586, 36.99994307051529], [-100.66832454889091, 36.999943100381365], [-100.6681001951718, 36.99994307829294], [-100.66590086969055, 36.999943124673194], [-100.66527252508848, 36.9999880101823], [-100.66208582602849, 36.999987988157386], [-100.65943771868004, 36.99998800785633], [-100.65723842611494, 36.99998796331585], [-100.65714860930879, 36.999987984927486], [-100.65710374391276, 37.00003287580811], [-100.65589195666568, 37.000032850246455], [-100.65351312131749, 37.0000328469958], [-100.65230129494232, 37.0000328673569], [-100.64889013153928, 37.00007771813855], [-100.64287580220017, 37.00007776999121], [-100.64278599928019, 37.000077778913074], [-100.64063161460456, 37.00007772956603], [-100.63919532865039, 37.00012267012306], [-100.63910552929178, 37.00012267579783], [-100.63906067261122, 37.00012267472615], [-100.63793857519518, 37.00012262253213], [-100.63448256949702, 37.000122636185516], [-100.63331558763117, 37.00012261855616], [-100.63237305920994, 37.00007778715039], [-100.63066752730361, 37.00007772006494], [-100.63057773620153, 37.00007771818829], [-100.63035330178893, 37.0001226767984], [-100.63017380620451, 37.00012266467592], [-100.62976987796758, 37.00003286890933], [-100.62541613995889, 37.000032882501955], [-100.62209480270678, 37.00007773749028], [-100.62187038883947, 37.00007779084822], [-100.61639458407893, 37.00021237951601], [-100.61634973838942, 37.000212368419724], [-100.61374649194289, 37.000257266281174], [-100.60598168906937, 37.000257266886095], [-100.59947358080274, 37.00025730907221], [-100.59862081335092, 37.000257273290664], [-100.59161902098778, 37.000391932768814], [-100.57783987590116, 37.00039193912547], [-100.56325276542343, 37.00048172387378], [-100.55571242804774, 37.00066121913772], [-100.55333359327722, 37.00070610437646], [-100.5527052402004, 37.000751022453755], [-100.55221150656216, 37.00070609034958], [-100.55158316115252, 37.00061632060464], [-100.55140364694567, 37.000616346942785], [-100.55090992029622, 37.000616382983544], [-100.55050599531864, 37.000616319489616], [-100.54951855431185, 37.00061638044738], [-100.54933895828728, 37.00061632978591], [-100.545613707641, 37.000661221762805], [-100.54381835455187, 37.00061633979198], [-100.54354906319857, 37.000616362441974], [-100.54009307019292, 37.000616320208756], [-100.53497636199474, 37.000661220165455], [-100.52761549445287, 37.00070611058119], [-100.52276811080323, 37.00079585365796], [-100.52249879538536, 37.000795909331295], [-100.5203892711407, 37.00079588087111], [-100.52029950157649, 37.00079587039329], [-100.51603554856473, 37.00084078611957], [-100.51599066590416, 37.00084073845119], [-100.50647543778315, 37.00093056982407], [-100.5062061702637, 37.00093050136034], [-100.50153830604926, 37.00097537635887], [-100.50144855496428, 37.00097543030904], [-100.50041616640718, 37.00097541962085], [-100.49897991982705, 37.00084077440457], [-100.49889017125248, 37.00084074502625], [-100.49404276367329, 37.00088566011667], [-100.4920230363274, 37.000885616745315], [-100.49193329458221, 37.0008856622781], [-100.4900032678242, 37.00088562192378], [-100.4899135280626, 37.00088566567361], [-100.48533545869674, 37.00088565231494], [-100.48524563773186, 37.00088561852902], [-100.47541622367902, 37.00093051574768], [-100.46617025115403, 37.000975440346394], [-100.46491354444115, 37.00097540706885], [-100.46051495012851, 37.000975393735295], [-100.45409665128886, 37.00102027933235], [-100.45167294736922, 37.00106514661936], [-100.44911458702752, 37.00106516142459], [-100.44292072523382, 37.00111010690409], [-100.44238213730611, 37.00111007613011], [-100.43740002869333, 37.001110110253194], [-100.43677170029119, 37.00111005473664], [-100.43614337623356, 37.00111007639266], [-100.4342582586481, 37.001110052192544], [-100.4339889470802, 37.00111005854634], [-100.43380940647846, 37.00111006238601], [-100.43367479413017, 37.001110061263525], [-100.42909663547485, 37.00106522208961], [-100.42882733921182, 37.00106521475047], [-100.42335156459062, 37.00111008232179], [-100.41675372511881, 37.00115494420798], [-100.41374656643896, 37.00119981077196], [-100.41253473026073, 37.00119985170379], [-100.40463526187025, 37.00119984394236], [-100.3961523165012, 37.001244737482374], [-100.39610740719169, 37.00124472557007], [-100.38924031616564, 37.00128959658477], [-100.37541627256142, 37.001334521523866], [-100.37092793871413, 37.00142428006235], [-100.35912359733287, 37.00151401352679], [-100.3425616573428, 37.0015588890388], [-100.32550606445795, 37.001648703859836], [-100.32523673432844, 37.00164869602801], [-100.31320796410945, 37.001783296329904], [-100.30845036935156, 37.00178330788793], [-100.30836063814793, 37.00178328784737], [-100.30732830765669, 37.00182820774017], [-100.30503927683668, 37.001828175219444], [-100.29736419391779, 37.00182822763012], [-100.29682561779218, 37.001828232212546], [-100.29453659837152, 37.00182822925047], [-100.29381843465038, 37.00182816820798], [-100.2818346227553, 37.001828222605106], [-100.27959040985547, 37.00182822650863], [-100.27047915369504, 37.00187307008079], [-100.26998541455728, 37.001873096023644], [-100.26428523165603, 37.001917981875195], [-100.25476993354651, 37.00196283630439], [-100.25041632111692, 37.00196282038689], [-100.24992260738397, 37.00187307642168], [-100.22106265058926, 37.00200775426446], [-100.2209279288613, 37.00200775267162], [-100.2195365861198, 37.00200774016684], [-100.21715777065391, 37.00200770860312], [-100.2160805630932, 37.002007767299936], [-100.20755274603539, 37.00205263976288], [-100.20741813031705, 37.002052612920615], [-100.20180764163655, 37.002097542724734], [-100.20171793211684, 37.00214236174221], [-100.20158323972896, 37.002142415707155], [-100.20104464325895, 37.002097527243905], [-100.20059584387077, 37.0020974994183], [-100.19987766695122, 37.00214241776974], [-100.19772334210775, 37.00214235085555], [-100.19727447400805, 37.0021423969324], [-100.1965563239794, 37.00214236627389], [-100.19601775803103, 37.00214237680987], [-100.1948058683377, 37.00218728676059], [-100.19404284467771, 37.002142381307436], [-100.19399795107731, 37.0021423689034], [-100.19242711693529, 37.002052600277615], [-100.19238222415306, 37.00205258715361], [-100.19233733139357, 37.00205265510441], [-100.1920679753141, 37.00205265692105], [-100.1919782756458, 37.00209746827814], [-100.18910571101077, 37.00209750490603], [-100.18753479256021, 37.00209752825079], [-100.17438401811268, 37.00214239154802], [-100.1739800661954, 37.00214236347118], [-100.16967127501563, 37.00214235021361], [-100.14390823057748, 37.00223216605159], [-100.1436838045531, 37.00223216305766], [-100.14099082225897, 37.00223216235853], [-100.12878254524263, 37.00227699864518], [-100.1256856036732, 37.00227701186171], [-100.1254163652784, 37.00227700730965], [-100.1244737383246, 37.002232119504285], [-100.11863893804257, 37.00218723652247], [-100.1167986937431, 37.00218723797446], [-100.11549715787336, 37.00218724794984], [-100.11549715787338, 37.002232181291724], [-100.11531757238258, 37.00223217015738], [-100.11388132882587, 37.00223211418275], [-100.11204109862182, 37.00223211839522], [-100.11002133225222, 37.002277002760636], [-100.1079118271454, 37.00232191646997], [-100.10598185329435, 37.00227703489376], [-100.10288494550042, 37.00227707058049], [-100.1001021526474, 37.00227705706982], [-100.0976784603442, 37.00227706024801], [-100.09404287649556, 37.00227705277343], [-100.0918884863628, 37.002277005744034], [-100.09000344905695, 37.00227699733091], [-100.08973414911752, 37.002276994329236], [-100.08946485000465, 37.00227699061666], [-100.08708603437148, 37.00227706578645], [-100.08421346902612, 37.00223218267794], [-100.08327094236878, 37.00223211913505], [-100.08161027194603, 37.0021872433466], [-100.07923141317109, 37.00218723795373], [-100.07873771519098, 37.00218723741476], [-100.07685261896, 37.002142402437386], [-100.07501239629109, 37.002187227839144], [-100.07276821213263, 37.002142409822525], [-100.07074849555026, 37.00214238552847], [-100.06899806095605, 37.00214237976936], [-100.06666411721129, 37.00209747594262], [-100.06468919838345, 37.00209749565028], [-100.06365688577007, 37.002097465615265], [-100.06302853866983, 37.00209752591258], [-100.06253484664086, 37.00214239238809], [-100.0611883503718, 37.00209751110173], [-100.0582709559627, 37.00209748371095], [-100.05656533835791, 37.0020975207234], [-100.05427629249853, 37.00209752814111], [-100.05284002387356, 37.002052653164306], [-100.05050608433119, 37.0020525969429], [-100.04911469739788, 37.00205260294678], [-100.04678077197654, 37.00200777245979], [-100.04561387533, 37.002007762750466], [-100.0450303901685, 37.00200771596723], [-100.04368382202658, 37.002007733020704], [-100.04117035200186, 37.002007760180064], [-100.04013806101277, 37.00200775722989], [-100.03861205459346, 37.00200773305909], [-100.03861205459346, 37.00196287371578], [-100.03645766268878, 37.00196282605012], [-100.0345725387097, 37.00196287507318], [-100.03398904198163, 37.00196285349773], [-100.0320590749717, 37.00196286165885], [-100.0310716168762, 37.00196285782877], [-100.03021885607015, 37.00191797267446], [-100.02864795780536, 37.001917979914445], [-100.02721168395495, 37.001962822969524], [-100.02582032689176, 37.00191800417556], [-100.0251470177333, 37.001917943160905], [-100.02465336909512, 37.001917945898796], [-100.02398006894992, 37.00191795830914], [-100.02276824420903, 37.00191796075693], [-100.02213984985934, 37.00187309950503], [-100.02128709106742, 37.001873088083045], [-100.0205241213993, 37.00187307029914], [-100.0205241213993, 37.00191793132979], [-100.01958151317676, 37.00191799335421], [-100.01881847310212, 37.001873108953916], [-100.01648458997407, 37.00187307663085], [-100.01536247426353, 37.00187309090691], [-100.01486879571999, 37.001873053530204], [-100.01441992189346, 37.001873105188196], [-100.01428526019667, 37.00187309596352], [-100.01424045834752, 37.00191794720338], [-100.01415068404488, 37.00182821768592], [-100.01406090983478, 37.00182821131101], [-100.01392624869317, 37.001828201600624], [-100.01334271948596, 37.001828238593944], [-100.01186164126912, 37.00178331636613], [-100.0114127829449, 37.00178335472173], [-100.01091904146126, 37.001783305396444], [-100.01096392693498, 37.00182817192645], [-100.01064972910505, 37.00182822058549], [-100.0076425497274, 37.00178331593851], [-100.00638581317293, 37.001783301524895], [-100.00598186599225, 37.00173846015667], [-100.00566768614826, 37.00173841230197], [-100.005622803406, 37.001738405386654], [-100.00257074592913, 37.001693520086896], [-100.00126911681849, 37.00169352254412], [-100.00041639179625, 37.001693513216395], [-99.99758873901318, 37.00164870080135], [-99.99520986528763, 37.00164863412405], [-99.99305552291645, 37.00160378479224], [-99.97855820804838, 37.001603813334], [-99.9736210797062, 37.00160379493454], [-99.9375797814331, 37.00164865320286], [-99.93713096630061, 37.001648637208156], [-99.90490473877892, 37.00164870286713], [-99.88749000413429, 37.00164870630781], [-99.8754164069807, 37.0016486486502], [-99.87366599166596, 37.001648626670814], [-99.83757978271366, 37.0012895922618], [-99.83636793083966, 37.00128963309664], [-99.83183475213092, 37.001244747096116], [-99.82887245918884, 37.00124474514402], [-99.82864799434027, 37.001244689341945], [-99.827391308627, 37.001199836845466], [-99.826044807162, 37.00119985952689], [-99.80683471499412, 37.00111008541462], [-99.79633206468603, 37.00102026228629], [-99.7860089305812, 37.00093057170532], [-99.7748329826244, 37.00084075709907], [-99.77420460839893, 37.000975411169385], [-99.77200533517514, 37.0009754336707], [-99.77164622693414, 37.00097545344469], [-99.76958163926837, 37.000930515862215], [-99.76792095136162, 37.00093052641384], [-99.75871985125968, 37.000840791372426], [-99.7586750122066, 37.0008407642654], [-99.75782222386957, 37.00084080282269], [-99.75656547638482, 37.00084078019052], [-99.75634103180124, 37.000840741999326], [-99.75611658781104, 37.00084078448257], [-99.7527503394831, 37.000795880869134], [-99.75064086582756, 37.00079586267912], [-99.75001250038883, 37.0007958938242], [-99.7478132580043, 37.00079585069849], [-99.74552415319512, 37.000750991817384], [-99.74404300565914, 37.00075101030074], [-99.74247213792263, 37.00070614066002], [-99.73995860593155, 37.00070615029573], [-99.73834281544917, 37.00066127661817], [-99.73829798716585, 37.000661240567446], [-99.73789402330677, 37.00066120083411], [-99.73600888409443, 37.00066123784097], [-99.73412378682606, 37.00061635287243], [-99.73354036954527, 37.00061632055935], [-99.73075756099173, 37.000571441927406], [-99.72900713561118, 37.00057146066988], [-99.7256408580297, 37.00052656405824], [-99.72344156774666, 37.000481732145225], [-99.7225887936254, 37.00048166695202], [-99.72097299436518, 37.00048167679146], [-99.72043440146939, 37.0004817014614], [-99.72016514882984, 37.0004817092329], [-99.7199407155884, 37.00048167924946], [-99.71729255036114, 37.00048171822157], [-99.71531772740157, 37.00048173082752], [-99.71527282627032, 37.00048169167489], [-99.71486888724122, 37.00048173028817], [-99.71262472218174, 37.000436808826855], [-99.71150266199295, 37.00043681476178], [-99.71024592124466, 37.00043684672227], [-99.70827100779923, 37.00039193573024], [-99.70719381719883, 37.000391943568076], [-99.7051740793262, 37.000391900771845], [-99.70414173837902, 37.00039192707846], [-99.70203228526985, 37.000391896510855], [-99.70171811229265, 37.0003918989], [-99.69713999217319, 37.00039190727332], [-99.69696042643407, 37.000391962152314], [-99.69552416933483, 37.00039196302025], [-99.69467142184533, 37.0003919296456], [-99.6937288185712, 37.00039196130476], [-99.69202328348183, 37.00034705460555], [-99.69103582154638, 37.000347093189504], [-99.68847748599363, 37.00034704269077], [-99.68753495193023, 37.000347017253475], [-99.68564983039916, 37.000302136820274], [-99.6839891731396, 37.000302134402006], [-99.68385451979489, 37.00025732728896], [-99.68371986666527, 37.000257249498354], [-99.68228358000054, 37.000257328742116], [-99.68192451215867, 37.000257304816024], [-99.68156544584659, 37.00025727963093], [-99.68134103017843, 37.00025725310351], [-99.68125126407848, 37.00025730729821], [-99.68102684924696, 37.000257280082295], [-99.68053313872124, 37.00025725094788], [-99.67999454871945, 37.00021243491681], [-99.67959060847726, 37.000212429289455], [-99.67483298080207, 37.000212372261736], [-99.67164624901952, 37.000167556503094], [-99.67079348808255, 37.00016750719194], [-99.67074861064067, 37.000167529669625], [-99.67065885582869, 37.00016749338506], [-99.67061397845858, 37.00016751580377], [-99.67034462974559, 37.00016749450212], [-99.67012024397182, 37.00016752452962], [-99.66383658032484, 37.00007773810434], [-99.66311843350616, 37.00007773567987], [-99.66235541985193, 37.000077747013115], [-99.66172703086782, 37.00007777841011], [-99.65755296106056, 37.00007771201645], [-99.65571270026773, 37.00007777852904], [-99.65566783087014, 37.00007771320908], [-99.65445594129527, 37.00007776291716], [-99.65378274295315, 37.00007776089312], [-99.65373787458579, 37.00007777591131], [-99.65270556883989, 37.000077737772905], [-99.65252601283773, 37.00007772160313], [-99.6523913248437, 37.0000777718938], [-99.64767857067143, 37.000032885662044], [-99.64740929541234, 37.00003288517022], [-99.6472746156208, 37.00003284753758], [-99.64705020642893, 37.00003283391822], [-99.64700534165672, 37.000032845983924], [-99.64696047690849, 37.00003285802999], [-99.6469156121842, 37.000032870056394], [-99.64687066251291, 37.00003288900505], [-99.64673606855591, 37.00003284372246], [-99.64579349204674, 37.00003288123751], [-99.64485092611645, 37.00003291008013], [-99.64471633539632, 37.00003286214379], [-99.64458165992325, 37.00003290215584], [-99.64449184807165, 37.00003284986026], [-99.64417771976824, 37.00003285181956], [-99.64350443384969, 37.00003287725949], [-99.64278629081186, 37.000032908492706], [-99.64238235929406, 37.000032851077215], [-99.64175403468106, 37.0000328480339], [-99.6412154380563, 37.00003290332111], [-99.6409460985573, 37.000032892778556], [-99.64022797740398, 37.00003290607852], [-99.64013817020971, 37.000032849965834], [-99.64009330913068, 37.00003285900475], [-99.63506638629194, 36.99998801026849], [-99.63309153636094, 36.999987975684235], [-99.63300173680454, 36.99998799449461], [-99.63295687954087, 36.999988000405025], [-99.63098199432046, 36.99998801327656], [-99.63080248477588, 36.99998795900471], [-99.62896230047915, 36.99998799224426], [-99.62730157328295, 36.99998797889267], [-99.62582046242863, 36.9999879950143], [-99.62541652764668, 36.99998795879163], [-99.62537158949159, 36.999987968305746], [-99.62326207179397, 36.99994312585796], [-99.62236444067548, 36.99994312224824], [-99.6220951617096, 36.99994306210757], [-99.620703759265, 36.999987987475734], [-99.61693358252882, 36.999943131323775], [-99.61446498806174, 36.9999431180456], [-99.6106499071422, 36.99998801450564], [-99.60705921674753, 36.99998797946443], [-99.60661035943319, 36.999987958680286], [-99.60503950519036, 36.9999880224752], [-99.60261576282369, 36.99994310239021], [-99.60091020844891, 36.99994310123722], [-99.60023693041514, 36.9999431135139], [-99.59974327023613, 36.99994313537408], [-99.59803768953226, 36.99994309332142], [-99.59731951153424, 36.99994308393908], [-99.59691562934984, 36.999943104639364], [-99.59494074490492, 36.99994314142385], [-99.59489582311066, 36.999943137572544], [-99.5938635625974, 36.9999431300599], [-99.59323517728195, 36.9998982075952], [-99.59292098639638, 36.99989823546256], [-99.59211309666313, 36.99989825433213], [-99.59139496957921, 36.99989820337487], [-99.59135004969126, 36.99989819796563], [-99.59081143749046, 36.99989825942594], [-99.58520109318046, 36.99989817709978], [-99.58237343504439, 36.999898192280604], [-99.5823285200092, 36.999898182917846], [-99.58219385995406, 36.9998982290175], [-99.57945596079364, 36.99989819632052], [-99.57864811643408, 36.999853295916736], [-99.57748114961146, 36.99985334755933], [-99.5751920912081, 36.99985334919235], [-99.57451885069112, 36.99985336860271], [-99.57433929250527, 36.99985331036918], [-99.57227469828761, 36.99985332476304], [-99.57003052138617, 36.99985331987367], [-99.56908795963352, 36.99985337019201], [-99.56877377475094, 36.99985333090751], [-99.56733750395563, 36.999853337235365], [-99.56513819594831, 36.99985333613829], [-99.56473429969792, 36.999853324941924], [-99.56442013122759, 36.99985335351309], [-99.56415078427655, 36.99985332414814], [-99.56401615357098, 36.999853346362165], [-99.56352245292086, 36.999853295553535], [-99.5627145082715, 36.999853353783735], [-99.56249015604641, 36.99985333114238], [-99.56226571954042, 36.99985331488294], [-99.56217591115332, 36.99985335970971], [-99.56213109188106, 36.99985333462166], [-99.56208618774797, 36.999853316386755], [-99.56204128363909, 36.99985329813218], [-99.56199637955443, 36.999853361056275], [-99.56181684834243, 36.999853362088466], [-99.5611436309646, 36.99985330054243], [-99.55885459677, 36.99989819950885], [-99.55822622048281, 36.99985332358534], [-99.55818131845496, 36.99985330364011], [-99.55809151447191, 36.99980844185616], [-99.55804669739749, 36.99971869002051], [-99.55800179546645, 36.99962894490922], [-99.55800179546645, 36.999539138524106], [-99.55414184776652, 36.99953916577014], [-99.55243626556542, 36.99958407385392], [-99.54924952196757, 36.99953914609498], [-99.5415744921838, 36.99958406017248], [-99.54112564771243, 36.99962892806248], [-99.53964453755403, 36.99962895873744], [-99.53874687187574, 36.999628947678914], [-99.53861219740186, 36.99962894333837], [-99.53564992333747, 36.99967382947009], [-99.52559605292457, 36.999763542310234], [-99.51572172844766, 36.99967378945677], [-99.5085403686915, 36.99967378462269], [-99.5085403686915, 36.999718691990225], [-99.50845061835601, 36.99971868976177], [-99.5084057432247, 36.99971864801469], [-99.5082711179766, 36.999763592432316], [-99.50800178330685, 36.99976359165637], [-99.5071041205015, 36.99971866739567], [-99.50521907722937, 36.99971868623196], [-99.50409699551406, 36.99971867748946], [-99.50257091073442, 36.99971867816779], [-99.50041649096299, 36.999718687844585], [-99.5003267494285, 36.99971867850868], [-99.5000125700022, 36.99971869264101], [-99.49745422349031, 36.99967382302778], [-99.49705031698073, 36.99967381612648], [-99.49045246686104, 36.99971865621674], [-99.48915078710435, 36.99971871871296], [-99.48439323196406, 36.999718650232715], [-99.48228363755021, 36.99962895906957], [-99.48084742092543, 36.99958401578202], [-99.47505743818736, 36.99953916048884], [-99.47151168856485, 36.999494291714115], [-99.4658114706995, 36.999449401122874], [-99.4631185285454, 36.99944938288552], [-99.45656552156784, 36.99944936065144], [-99.45620649212584, 36.99944935206447], [-99.45575768632763, 36.99949429387845], [-99.4426517527349, 36.99949423929193], [-99.43407905550475, 36.99953918605372], [-99.41783124363477, 36.999584024425026], [-99.40701442739129, 36.999584006725314], [-99.3966912304726, 36.999853328001855], [-99.39224778445652, 36.999943099290405], [-99.3891508231136, 37.00003291241699], [-99.38910601290732, 37.000032899783356], [-99.38614368063581, 37.0001226542553], [-99.38573972683523, 37.00012266316698], [-99.38075768086331, 37.00016754228819], [-99.37936626200835, 37.00016754828482], [-99.37725681856477, 37.00016750967607], [-99.37617958862813, 37.000167556300475], [-99.37537169665532, 37.00016750094751], [-99.36213107875002, 37.000032838057265], [-99.35710415377463, 36.9999431258964], [-99.34678107028346, 36.999898217381016], [-99.3404973316102, 36.99985333213225], [-99.33852247699073, 36.99985330861121], [-99.33843274279172, 36.999853333746294], [-99.33838787572927, 36.99985330566808], [-99.3337199737569, 36.99985335005823], [-99.32721192119907, 36.999808473606905], [-99.31989594540529, 36.99976359093935], [-99.31082952372523, 36.9997186511678], [-99.30194265426786, 36.99971864646138], [-99.29314551020954, 36.999673766703296], [-99.28861226905423, 36.99962895888004], [-99.28466258847995, 36.999628946756225], [-99.27793006417397, 36.999584023693096], [-99.27770564222605, 36.99953916888506], [-99.27752613895164, 36.999494280330225], [-99.2774363874635, 36.99949425881081], [-99.27384564814318, 36.99949428719931], [-99.26828014325446, 36.99949425540354], [-99.26760687487385, 36.9994942512562], [-99.26657456908804, 36.99949428828622], [-99.26545253824932, 36.99953912974336], [-99.26455482327978, 36.999539157205405], [-99.2600664823279, 36.99953917032768], [-99.25472543655516, 36.999539169172394], [-99.25086543862692, 36.99953916950384], [-99.25001261915631, 36.99953914293256], [-99.24830709176365, 36.99953914320161], [-99.24821728810564, 36.999539184052225], [-99.24812756910815, 36.99953913696005], [-99.22689774855579, 36.999539128515586], [-99.2242047345916, 36.99953916409787], [-99.22294803678416, 36.999539177361925], [-99.22196059679779, 36.99958406015696], [-99.21985109490251, 36.99958403968475], [-99.2154525531402, 36.999539137097784], [-99.20872004394052, 36.9995391211451], [-99.20557817915407, 36.999539158798996], [-99.18156565304366, 36.99953911215526], [-99.17151177838844, 36.99949431027607], [-99.16249020759813, 36.999449372872874], [-99.15557825670136, 36.99944940903989], [-99.13906116884152, 36.99944935730659], [-99.12945616670059, 36.99940449947334], [-99.12537176438065, 36.99949430587305], [-99.1248780094594, 36.999404512452664], [-99.11962673307171, 36.99944936963015], [-99.11177216119128, 36.99944934682695], [-99.10885475270017, 36.99944941425761], [-99.1057129176192, 36.99944938569692], [-99.09166438553072, 36.99940451322572], [-99.07541668929655, 36.999314728989226], [-99.0721850476372, 36.9993147403533], [-99.05445613603706, 36.999224944583936], [-99.05037178266392, 36.99922495146517], [-99.04969857076263, 36.999224959285264], [-99.04709527420418, 36.99926987119653], [-99.0446716357742, 36.99931471497059], [-99.03587448626551, 36.999494242139484], [-99.02972547883675, 36.999584004687705], [-99.02963575154219, 36.99958403055095], [-99.02945621292815, 36.99953914106337], [-99.02891759952861, 36.99953915038384], [-99.02725691902691, 36.99953917333905], [-99.02487807366414, 36.99953913378575], [-99.0231725336105, 36.999539189474675], [-99.0227685420406, 36.99953913628739], [-99.0196267368579, 36.99953917994974], [-99.01796608267048, 36.99953914735735], [-99.01742746314889, 36.99953918434801], [-99.01540767261119, 36.999539196394664], [-99.01365722920629, 36.99953912063334], [-99.01172724185508, 36.99953912989546], [-99.00907916106299, 36.99949425836397], [-99.00234667889093, 36.99949427980235], [-99.00207733758545, 36.999494304884536], [-99.00198764165505, 36.99949430667014], [-99.00180808149894, 36.99949424156105], [-99.00140411479032, 36.99949427360053], [-99.00028200525263, 36.99944940373722], [-99.00001275528717, 36.99944941698627], [-98.99969857528902, 36.99944935454893], [-98.999429243015, 36.99944937269087], [-98.99687092726643, 36.99944940621142], [-98.99633228292916, 36.999449427017595], [-98.9943574537243, 36.999449385120236], [-98.99413306742994, 36.999494254510495], [-98.98928565318825, 36.99953915641815], [-98.98758003840013, 36.99953917513229], [-98.98623359300194, 36.99953918203167], [-98.98605406868565, 36.999539170784985], [-98.9847075650581, 36.99953916416187], [-98.984303601597, 36.99953913564109], [-98.98367519937537, 36.99953917083863], [-98.97743645517772, 36.999584016978005], [-98.95939334902211, 36.99958406525737], [-98.95889961570677, 36.99958400238382], [-98.94529999829881, 36.99958403463879], [-98.94117074661006, 36.99958403187747], [-98.94009354959682, 36.9995840279481], [-98.93385480749825, 36.99958406832164], [-98.92303793510608, 36.99953912250249], [-98.9074185000092, 36.99949430690844], [-98.9050397371929, 36.99949429115366], [-98.8808476056537, 36.99931472215582], [-98.88066806975019, 36.99931470910713], [-98.88053339705083, 36.999359619609315], [-98.88021927388225, 36.999404509808215], [-98.88003973942334, 36.99944937394239], [-98.87968067174386, 36.99944934480824], [-98.8768081055872, 36.99944939829087], [-98.87600019698841, 36.99944939014841], [-98.87555134378783, 36.999449420430324], [-98.87496791423385, 36.99944938615254], [-98.87339700218385, 36.99940450465295], [-98.87146700769803, 36.99940450777982], [-98.87061421311459, 36.9994044955], [-98.86971657125262, 36.99940450720193], [-98.86953706095134, 36.99940447482213], [-98.86935746690484, 36.999449408843866], [-98.8516734348082, 36.99944937535308], [-98.8514939660561, 36.99940451239939], [-98.85019234618089, 36.9994494048779], [-98.8462426057463, 36.99944937571784], [-98.84417800065367, 36.99944939446388], [-98.83538082255411, 36.99940454513045], [-98.83475243668296, 36.99940449372314], [-98.81679915086103, 36.99931470910173], [-98.81181713838845, 36.99931474348603], [-98.79731982236436, 36.99922496015629], [-98.79731982236436, 36.999269845083866], [-98.79731982236436, 36.9993147299839], [-98.79727492345886, 36.9993596206828], [-98.79723002457938, 36.99940451134174], [-98.79714031097865, 36.99944940148173], [-98.79709541217716, 36.99944940723723], [-98.79700561465225, 36.99944941868964], [-98.79503076805662, 36.99944935693739], [-98.79467167223038, 36.99944938884817], [-98.79390867269345, 36.999404480643655], [-98.79377406606189, 36.99944937247386], [-98.79372916921118, 36.99944937676633], [-98.77725697707316, 36.99935962488489], [-98.77155683828839, 36.99940453279701], [-98.7705693971352, 36.999359604639466], [-98.76172736849036, 36.99931469971036], [-98.75661065930218, 36.99926986279909], [-98.75652090876974, 36.99926983904699], [-98.75647603354265, 36.99926982714172], [-98.7561169486294, 36.999269818738064], [-98.75158369779595, 36.999224987370425], [-98.7502821579652, 36.99922499718115], [-98.75001284473045, 36.999224996718254], [-98.74996797328754, 36.99922498198352], [-98.74884585958605, 36.999224957424616], [-98.74687098247632, 36.9992249624307], [-98.7443126158376, 36.999180081216025], [-98.74350474148339, 36.99918011231677], [-98.74310076546978, 36.99918012860452], [-98.74274174280653, 36.99918007367704], [-98.74022829490438, 36.99918008570605], [-98.73798411522749, 36.99913518569201], [-98.7350217737812, 36.999135226724306], [-98.72510262403651, 36.99904545181658], [-98.72505768309425, 36.99904543245098], [-98.72335213072924, 36.999045415581286], [-98.72124267077342, 36.999045470197274], [-98.71917803813847, 36.9990903259597], [-98.71890866562319, 36.99904544690727], [-98.71832523839517, 36.999090319463576], [-98.71810080571916, 36.999090351804355], [-98.71787637369796, 36.999180084830776], [-98.71783152096984, 36.99918005614406], [-98.7141510825864, 36.999090323434785], [-98.7140612975116, 36.99909035030776], [-98.71388181166611, 36.99909031630739], [-98.71379202690575, 36.99909034294655], [-98.71361245769954, 36.99909031466561], [-98.71343297290173, 36.999090279886005], [-98.71011161388688, 36.99904545074862], [-98.70705947649559, 36.9990454445408], [-98.70185301583166, 36.99900053607934], [-98.69826235332135, 36.99904543992719], [-98.6956591671144, 36.99900056898668], [-98.69516542735893, 36.99900058986894], [-98.69435756512883, 36.999000517790535], [-98.69152990437321, 36.99900051588897], [-98.6913503872023, 36.99900053025171], [-98.68883693902278, 36.99900055445443], [-98.68775971218062, 36.998955645212504], [-98.68457295570619, 36.99895565549338], [-98.68421395434437, 36.998955659728274], [-98.68008463601487, 36.99895568662537], [-98.67128749936462, 36.998910752421345], [-98.67101821091435, 36.99891080859501], [-98.66828038683066, 36.998910805889906], [-98.66769684071019, 36.998910782399086], [-98.66729292732917, 36.99891077104364], [-98.6667992023541, 36.998910750085535], [-98.66415108783318, 36.99891082722585], [-98.66168251218738, 36.998910792705054], [-98.66159270457148, 36.99891078015918], [-98.65930373706584, 36.99891080136446], [-98.65849583316074, 36.99886590911751], [-98.65710438849975, 36.99886591072395], [-98.65566815275785, 36.99886591928393], [-98.65266098252927, 36.99886589296262], [-98.6518530648688, 36.998865932287465], [-98.65073095718333, 36.998865923238654], [-98.64947425976693, 36.99886590197169], [-98.64884587684712, 36.99886588868139], [-98.64534496888172, 36.99886589669749], [-98.64260714052297, 36.99891074849996], [-98.64108105799053, 36.9989107941102], [-98.63951019903122, 36.998865938374074], [-98.63699669053153, 36.99891078649057], [-98.63569507872656, 36.99891080271139], [-98.63547063620871, 36.99891075548029], [-98.63470762048658, 36.99891081287192], [-98.6321044132293, 36.9988658793887], [-98.63008463324938, 36.99886592977305], [-98.62891770905212, 36.998865885914014], [-98.62887282448186, 36.99886590609827], [-98.62855863322942, 36.99886588416771], [-98.6264042137848, 36.998865928862735], [-98.62501285023221, 36.99886594236379], [-98.6231726148224, 36.998910776035174], [-98.622274996049, 36.99891080090662], [-98.61899852554782, 36.99891081141736], [-98.61832526345044, 36.99886591060384], [-98.6178763973946, 36.99886590906718], [-98.6172929006391, 36.998865869790414], [-98.615138547852, 36.998865942317074], [-98.61406135235845, 36.99886588347793], [-98.61379201392471, 36.99886589040474], [-98.61302904731122, 36.99886588147275], [-98.60571305857323, 36.99882097993091], [-98.60441139367865, 36.998821051964114], [-98.60414217324043, 36.99882102766078], [-98.6040523494369, 36.99882105261693], [-98.60378304639977, 36.998865933787066], [-98.60342400512181, 36.9988210319519], [-98.59920495669223, 36.99882101373378], [-98.59776872041402, 36.99882103016827], [-98.59682611598905, 36.998821034056114], [-98.59592847224127, 36.99882101739006], [-98.59377405306674, 36.99882101923499], [-98.59287644533934, 36.99882105744635], [-98.59161969492357, 36.99882105758628], [-98.58744557438152, 36.99882100541821], [-98.5869967227007, 36.99882104481911], [-98.5854706635841, 36.99882100032204], [-98.58282260450073, 36.9988209871977], [-98.58205952918188, 36.99882102442312], [-98.58138634229924, 36.998821044728956], [-98.58125168886983, 36.99882104948106], [-98.58116189210155, 36.998821054578784], [-98.57954607147721, 36.998821015198246], [-98.57784049238687, 36.99882103416219], [-98.57065916960786, 36.998820994409165], [-98.56913318727419, 36.99882105272577], [-98.56881899112865, 36.99882103040923], [-98.56796619155347, 36.99882104550879], [-98.56765200024054, 36.99882101965113], [-98.56729296197409, 36.998820986330784], [-98.56657480671105, 36.998821003370786], [-98.56451015867938, 36.998821034027124], [-98.5631188372296, 36.99882102679829], [-98.56302906191195, 36.99882101617205], [-98.5624904122379, 36.99882103212707], [-98.56199669530915, 36.998821048037286], [-98.56136836343877, 36.998821040491215], [-98.5583611433148, 36.99877616645745], [-98.55679023109543, 36.9988210419337], [-98.55216728452838, 36.99877610449044], [-98.54826242740322, 36.998776154433784], [-98.54588359044492, 36.998776177078966], [-98.54467178255892, 36.99877615975608], [-98.5408567256856, 36.99877614394101], [-98.53879202419945, 36.998776122974945], [-98.53784948185404, 36.99877612657006], [-98.53717626845172, 36.99882103924747], [-98.53587468925065, 36.998820979427926], [-98.53336117050105, 36.998821021927526], [-98.5288728741357, 36.99891081034417], [-98.52685307269704, 36.99886593099456], [-98.5254616890485, 36.998865879206065], [-98.52335225049191, 36.99886587574493], [-98.5224994601907, 36.998865878250214], [-98.51980643524175, 36.99886594331691], [-98.51733785054873, 36.99882099157325], [-98.51455512426726, 36.998821044399165], [-98.51168253483348, 36.99877615937877], [-98.51087469110473, 36.998776096655035], [-98.50903445805524, 36.99873124776171], [-98.50876515737868, 36.99873124977651], [-98.50809186801048, 36.99873125476245], [-98.50593751642202, 36.99873123168362], [-98.50405242548865, 36.99868635406157], [-98.50378305883685, 36.99864152237529], [-98.50373824824649, 36.998686396453586], [-98.50369335392472, 36.99868636842515], [-98.50364845962967, 36.99868634037725], [-98.50346888271669, 36.99868639070167], [-98.50171844900159, 36.99864147924998], [-98.49996805591591, 36.998641446358874], [-98.49857666520325, 36.998641475908705], [-98.49265200520014, 36.998596579782394], [-98.49126066579556, 36.998551689245225], [-98.49027324410676, 36.99855175652963], [-98.48946529474424, 36.9985517133484], [-98.48668259186292, 36.99855173942115], [-98.48556049580621, 36.998551742824], [-98.48547072884398, 36.99855175233433], [-98.48515654531893, 36.99855174432921], [-98.48439353364449, 36.9985516976776], [-98.48291233167356, 36.998551711943314], [-98.48237375044913, 36.99855175407704], [-98.47775075184717, 36.99850682968249], [-98.47640431462229, 36.99850686861139], [-98.47582081852887, 36.99850684276715], [-98.47483334814916, 36.998506862234834], [-98.47375613774055, 36.99850687165287], [-98.47348687941094, 36.99850686926068], [-98.47312778608007, 36.998506870977586], [-98.47276877818724, 36.998461954873434], [-98.47236481263288, 36.998461993818566], [-98.4696718202023, 36.998461938024924], [-98.46899854530389, 36.998461956820066], [-98.46599140250213, 36.99846192212774], [-98.46415117750901, 36.998417081939245], [-98.46060538472962, 36.99841710932501], [-98.45786752806184, 36.99841705530795], [-98.45607220052084, 36.998417042693916], [-98.45459105412736, 36.99841709466976], [-98.45355866340321, 36.9984170486537], [-98.45086567531546, 36.99837220920523], [-98.45005781446709, 36.99837220802844], [-98.44350485435785, 36.998372155653236], [-98.43865745837732, 36.998372176568104], [-98.4379393553871, 36.998372199348], [-98.43780470661183, 36.99837219835316], [-98.4374006780527, 36.99837220028564], [-98.43632350236132, 36.99837218183499], [-98.43255334197941, 36.998372203792904], [-98.43174542732754, 36.99837215919987], [-98.42864848791515, 36.998327342387604], [-98.42779568268284, 36.9983272937182], [-98.42474358637381, 36.99837217984848], [-98.42052455694261, 36.99837218895695], [-98.42043486770683, 36.99837222351576], [-98.42030016672437, 36.99841703900041], [-98.42021039409241, 36.998461993924636], [-98.42016554964928, 36.99850684429379], [-98.41926782978906, 36.998461921527195], [-98.41841504772627, 36.9984170498623], [-98.41832527735528, 36.99841708855455], [-98.40916909794203, 36.99837222465629], [-98.40858562274225, 36.99837218157684], [-98.40845102674386, 36.99837222384422], [-98.40831634733601, 36.99837219051114], [-98.4065210354439, 36.99850680113683], [-98.3753720251655, 36.99832726615922], [-98.36774181015272, 36.998058000009806], [-98.36379210396812, 36.99801312476848], [-98.36091960034265, 36.998013115006124], [-98.35126968604743, 36.99796823663273], [-98.35122479942844, 36.99796822986685], [-98.35104525322326, 36.99805804275973], [-98.35073104840701, 36.99814775306915], [-98.35028227027277, 36.99814775782204], [-98.34974363978255, 36.99814775176408], [-98.3487562442663, 36.99814774106482], [-98.34817274005044, 36.99814780039176], [-98.34808297057744, 36.998147784188674], [-98.34803808588157, 36.99814777605802], [-98.34714039765332, 36.998147772122834], [-98.34709551352637, 36.998147763584534], [-98.3469159772895, 36.99810289029833], [-98.34651202234146, 36.99814781357486], [-98.34637737117978, 36.998102866729795], [-98.34624272026194, 36.998058001039766], [-98.34615295311886, 36.99801314410279], [-98.34615295311886, 36.99796822364662], [-98.33569515431279, 36.99787849701668], [-98.3279752514699, 36.997833589181894], [-98.30997701886129, 36.99774386374871], [-98.30984243395406, 36.99774378978771], [-98.30952823637274, 36.99769894904763], [-98.30046177492794, 36.997698936776814], [-98.29678134255998, 36.997698957691085], [-98.29179932666051, 36.99769896704673], [-98.27442945964845, 36.99769891402902], [-98.27371135306436, 36.99769896961838], [-98.25346896531093, 36.99774379755363], [-98.25032719108057, 36.997698919519266], [-98.23901659405932, 36.99792337126934], [-98.23775984770384, 36.997968256681304], [-98.23753542500755, 36.99796824490087], [-98.2372212844574, 36.99796820783133], [-98.23690706178887, 36.99796825701105], [-98.23668264169196, 36.997968243388755], [-98.2361889031952, 36.99796824543172], [-98.23340613611279, 36.99796825324613], [-98.2304438866725, 36.99796821830252], [-98.22959110206733, 36.997968245788705], [-98.22793037435076, 36.99801310628057], [-98.22496809503068, 36.99796824756365], [-98.22169161044437, 36.9979682484396], [-98.21949237730075, 36.997923325758244], [-98.21926792688396, 36.997923361701886], [-98.21899867072685, 36.99792333328616], [-98.21886400129904, 36.99792332171285], [-98.2123110548177, 36.997968218564004], [-98.2099771155346, 36.99796827156583], [-98.2097526941822, 36.99796820558294], [-98.20822664717247, 36.99801313058459], [-98.20117997837231, 36.99787844564647], [-98.2008657428988, 36.99787847879053], [-98.19673651183093, 36.997878470909015], [-98.19507585938337, 36.997878493008365], [-98.19184424691507, 36.9979233780352], [-98.19045285573436, 36.997878493072115], [-98.19040798334954, 36.997878504037345], [-98.18713145601744, 36.99792335256707], [-98.18618893419566, 36.99792332183744], [-98.18475269803218, 36.99792338896506], [-98.18412428580048, 36.99792336081625], [-98.18363056689844, 36.99792338049001], [-98.18318180265422, 36.997923384224784], [-98.18259827147097, 36.997878487741026], [-98.18138643958146, 36.99787847009417], [-98.18066832335067, 36.99792336789923], [-98.17815484689523, 36.997923377972874], [-98.1777508974107, 36.997923358346654], [-98.16419611542946, 36.99792339184113], [-98.16069523905762, 36.99796822643195], [-98.15634159661627, 36.99805802523768], [-98.15306509332532, 36.99810288406271], [-98.14745470503696, 36.99814773673002], [-98.14723022511414, 36.99814779732484], [-98.14633256238966, 36.998147773442376], [-98.14153010005674, 36.99810288627267], [-98.1414851743197, 36.998102881881394], [-98.13434875121865, 36.99805802522653], [-98.13134158436318, 36.99810289596722], [-98.12950132574336, 36.998057974342984], [-98.12936673750735, 36.99805801548057], [-98.129142313218, 36.998058037013436], [-98.12819970541175, 36.99805802676473], [-98.1263146096917, 36.99810291160243], [-98.11971678362532, 36.9981028944191], [-98.11967195464963, 36.99810287489476], [-98.11289451422579, 36.998102898071814], [-98.11199685750546, 36.99810285066556], [-98.11078503015793, 36.99810290520768], [-98.10984249320887, 36.998102902958045], [-98.10952831693794, 36.99810284603804], [-98.1093487763472, 36.99810284879112], [-98.10863061841295, 36.99810285670551], [-98.10737385907932, 36.998102858628876], [-98.10696996781415, 36.998102912802906], [-98.09624284333775, 36.99819262481363], [-98.09354985634768, 36.99823750186011], [-98.09350496019388, 36.998237558177365], [-98.09170963654265, 36.99823756273471], [-98.08412435486152, 36.99828238484008], [-98.07537209827409, 36.998282382213795], [-98.07353192268266, 36.99828239449115], [-98.07236495343962, 36.99828240689191], [-98.07232007038206, 36.99828245407717], [-98.06958217311586, 36.99828245196967], [-98.06868446841155, 36.99828239670717], [-98.06859470687894, 36.998282406470665], [-98.06383708834193, 36.99828243445872], [-98.06172761294816, 36.99832729992674], [-98.05701481914194, 36.99832733352417], [-98.05378324496729, 36.998372185628874], [-98.04664676971595, 36.99837221926525], [-98.04534521801655, 36.998372146970546], [-98.04054268148491, 36.99837214986315], [-98.04031828179868, 36.99837215987395], [-98.03991434747087, 36.99837214523767], [-98.03870247478889, 36.9984170404257], [-98.0372662321939, 36.99841706361702], [-98.03627879034033, 36.998417065805434], [-98.03609926447277, 36.99841703507719], [-98.03596459955729, 36.99841705394903], [-98.03591965582179, 36.99841709110544], [-98.03493223235581, 36.998417080525165], [-98.03479765284159, 36.998417092241276], [-98.03457318775276, 36.99841709553488], [-98.03394482237432, 36.998417060582014], [-98.0302195185165, 36.998417073528245], [-98.02864862670235, 36.99841708184475], [-98.0257312160184, 36.99841705491928], [-98.02119800812552, 36.99846191610655], [-98.02007590086454, 36.99846194411189], [-98.01935779465241, 36.9984619632076], [-98.01621593513308, 36.998461993848935], [-98.01096455309107, 36.99846191615783], [-98.01082993502784, 36.998461983967125], [-98.0102912988875, 36.998461939031884], [-98.00441165727048, 36.9985068227722], [-98.00306511109277, 36.998506872229775], [-98.0029753477878, 36.998506831107846], [-98.00140446644689, 36.99850687527975], [-97.99664685897616, 36.99850682132327], [-97.99660193971411, 36.99850684152666], [-97.9960633266694, 36.99850681010605], [-97.99413333658707, 36.99850681667223], [-97.98901664263208, 36.9984619628498], [-97.98493228209723, 36.99846193461063], [-97.9836306784299, 36.99846198434348], [-97.98111719450233, 36.99846193782152], [-97.9807581681785, 36.99846194708874], [-97.97716750450253, 36.998461923904635], [-97.9716468012669, 36.998506859108645], [-97.96854984473347, 36.99850680473992], [-97.96823569952394, 36.99850684979933], [-97.96648522573769, 36.99850685680432], [-97.96621598982296, 36.998506807124805], [-97.96527342262213, 36.998506848112754], [-97.96082998680956, 36.99855169355524], [-97.95872044460322, 36.99855169490734], [-97.95674556419374, 36.99855173159899], [-97.95602742421356, 36.99855168486058], [-97.95037217742353, 36.99859658113514], [-97.95032728705799, 36.99859658140444], [-97.94920520330378, 36.99859657069589], [-97.94723033528805, 36.99859660684072], [-97.94561453683365, 36.99859662592384], [-97.9413057249527, 36.998596594512954], [-97.9412159555964, 36.99859658722352], [-97.94036315231685, 36.99859659554889], [-97.9310274485318, 36.99859658832313], [-97.92932184525459, 36.99859661086934], [-97.92716752266794, 36.9986414600711], [-97.92694306065839, 36.9986414982785], [-97.92393586944964, 36.998641488321404], [-97.91783179354636, 36.99864144731825], [-97.91289460210157, 36.998596608467686], [-97.9114583771036, 36.99864148352396], [-97.90741880623311, 36.998641505350484], [-97.90602747071962, 36.998641459055335], [-97.90593766250869, 36.99864150838373], [-97.90207776074877, 36.998641485518334], [-97.89489643266279, 36.99864148630915], [-97.89467198885697, 36.99868633216364], [-97.89458219491905, 36.99868637172105], [-97.89211361190901, 36.99868636425878], [-97.88582994617138, 36.99864146458444], [-97.88017467992809, 36.99868635157252], [-97.87644937408346, 36.99864150025105], [-97.87591074973008, 36.99864147941288], [-97.87456428969297, 36.99864149106901], [-97.87402567958259, 36.998641460497495], [-97.86801131044899, 36.998686330479096], [-97.86783178980231, 36.998686363626234], [-97.8647796759035, 36.99868641327546], [-97.86302924073581, 36.99868639780556], [-97.8629844051853, 36.99868636050235], [-97.86217645679719, 36.99868639788995], [-97.85948350009105, 36.99868633241359], [-97.85867559143092, 36.99868634269118], [-97.85396282148201, 36.99868639664635], [-97.84880126610553, 36.998686348294385], [-97.84341530486898, 36.99868634889621], [-97.84085694191045, 36.998686385505295], [-97.84081203732886, 36.99868634416843], [-97.83820878214216, 36.99868636143675], [-97.83695209242727, 36.9986863480146], [-97.83547091862599, 36.9986863458086], [-97.83026448010484, 36.99868640217336], [-97.82914237342241, 36.99873124345238], [-97.82909747624572, 36.99873127852275], [-97.82887307377706, 36.9987312852108], [-97.82860377515321, 36.99873124482942], [-97.82802028447466, 36.998731278034114], [-97.82501311380823, 36.99868634099262], [-97.82483361870277, 36.99868638711513], [-97.82276891823892, 36.998731278163504], [-97.82258942880986, 36.99873123899372], [-97.82236504691669, 36.998731231690094], [-97.82110830568038, 36.99873121240815], [-97.820210635144, 36.99873125996463], [-97.81684434733945, 36.9987312352297], [-97.81679945794339, 36.99873126501119], [-97.81347813634115, 36.99873127030464], [-97.81280483034836, 36.998731286054635], [-97.80925910654774, 36.998731226636885], [-97.80566842889671, 36.998731251081395], [-97.80454637944631, 36.99873121812203], [-97.80230216794509, 36.99873128984845], [-97.79907061834957, 36.99873124062532], [-97.797005921609, 36.998731283571665], [-97.7969161679777, 36.99873124460941], [-97.7946720323824, 36.99873124469487], [-97.79076715390543, 36.99873127839671], [-97.78668276067782, 36.998776128988446], [-97.78641345646395, 36.99877615361883], [-97.7832717050272, 36.99873123517926], [-97.7832717050272, 36.99895563161795], [-97.76962713810417, 36.998731251675345], [-97.76863973912013, 36.99873124425834], [-97.76863973912013, 36.998776124622204], [-97.76684441315638, 36.99877613029943], [-97.7650041933778, 36.99877611807656], [-97.76460023698118, 36.99877611979549], [-97.76244584190631, 36.99877612972809], [-97.75849606731406, 36.99877614203411], [-97.75517474664545, 36.99873122063772], [-97.75091078221413, 36.99873125619501], [-97.75050682360674, 36.99873129026356], [-97.74996824336259, 36.998731249996005], [-97.74678152744971, 36.9987761689452], [-97.74565950085868, 36.99877613339065], [-97.74229319671896, 36.99873125680087], [-97.73901673336609, 36.998731242490024], [-97.73484259229933, 36.99873125382973], [-97.73277794969084, 36.99873128699299], [-97.73268819480435, 36.99873127972066], [-97.73197007695694, 36.998731224174364], [-97.73084795479242, 36.99873129548608], [-97.72981568449909, 36.998686394608825], [-97.72945659787666, 36.998686360259384], [-97.72927709668856, 36.998731223047486], [-97.72914242966199, 36.998731291759604], [-97.72873843012843, 36.99873125248179], [-97.71715859375928, 36.99886587381771], [-97.71554280200479, 36.998910819013894], [-97.71531834569144, 36.99886588785], [-97.71460023944404, 36.99873123452678], [-97.71442069331493, 36.99873127553388], [-97.71042605557592, 36.998821032549046], [-97.69709578057862, 36.99882104301584], [-97.69215862448908, 36.99886589993878], [-97.6786936053656, 36.998910826578445], [-97.6786038367613, 36.99891077826517], [-97.67837941575374, 36.99891082007219], [-97.67330760990183, 36.998910810877256], [-97.67025552817144, 36.99891077604363], [-97.65212265256461, 36.99895569043196], [-97.65176363236749, 36.99891076690605], [-97.6508659657732, 36.99873124982182], [-97.65064155092603, 36.998821014417196], [-97.65028245555781, 36.99882106088432], [-97.64866671478768, 36.99882099963999], [-97.64835249442443, 36.99882099503474], [-97.64767927625851, 36.99882102167185], [-97.6461981032421, 36.99882103990933], [-97.64359482779857, 36.99882099652006], [-97.64251765587731, 36.998821059640356], [-97.64233812883887, 36.998865876655884], [-97.6419790761465, 36.998865894638925], [-97.64027347691668, 36.99886588976144], [-97.6399592943067, 36.99886594143046], [-97.63964511311039, 36.99882102146006], [-97.63928607426446, 36.9987761408944], [-97.63874743669213, 36.99873126760823], [-97.63838840246231, 36.99868638379519], [-97.6380742283347, 36.99877612705406], [-97.63789471272, 36.99877612885638], [-97.63762539878155, 36.998821023042275], [-97.63744588432097, 36.99877613468118], [-97.63726628755863, 36.998776140738926], [-97.6371317144349, 36.998776096344685], [-97.63699705880754, 36.99882102801613], [-97.63690726094596, 36.998865920119066], [-97.63686240343993, 36.998955656789015], [-97.63686240343993, 36.99909032471164], [-97.62532736731696, 36.998865913161666], [-97.61904367486274, 36.998821003860144], [-97.61527348306544, 36.9987761480984], [-97.61477979144271, 36.99877609742297], [-97.60881034629182, 36.99868640405857], [-97.60755361217105, 36.99868634547924], [-97.60652125568994, 36.99868637405371], [-97.60629681800627, 36.9986414669686], [-97.60611730147082, 36.99864150099659], [-97.60508496628735, 36.99864151532917], [-97.59503119135447, 36.99855169016988], [-97.58901679359009, 36.99864146837977], [-97.58237407641013, 36.99864150827476], [-97.58030946458507, 36.99864150807122], [-97.5794566289433, 36.99864146396475], [-97.57819992900815, 36.99859659838827], [-97.57707787403717, 36.99859664096768], [-97.57407068412796, 36.99859657639405], [-97.5716469674887, 36.998641451032086], [-97.57016583979446, 36.9986414711004], [-97.56518375106762, 36.998551714247874], [-97.56477978902701, 36.998551752011785], [-97.56451050986581, 36.99855174740328], [-97.56437582933884, 36.99859660126606], [-97.56437582933884, 36.99868639023843], [-97.56437582933884, 36.998731284683245], [-97.56033636185239, 36.99873123618222], [-97.56029147101621, 36.99873124802815], [-97.5593938257374, 36.998731225922505], [-97.55934893551144, 36.99873123736427], [-97.54835253273565, 36.99864149842234], [-97.54821788359902, 36.99864151847021], [-97.54646746864174, 36.99864151889411], [-97.54601856876457, 36.998686396465416], [-97.5458839241652, 36.998686332040485], [-97.54310116242054, 36.99873122624078], [-97.54301140310693, 36.99873123513537], [-97.54027355199908, 36.998731240789695], [-97.53897194120832, 36.99873125611736], [-97.53192528726143, 36.99873128205885], [-97.53188033219925, 36.99873128697757], [-97.52909763767795, 36.998731270789456], [-97.5290078138932, 36.99873127293072], [-97.527840859007, 36.99877614341305], [-97.52761642779448, 36.99868634422887], [-97.52743694945508, 36.99864151989411], [-97.52721251955357, 36.99864151363977], [-97.52698809038057, 36.998641506904455], [-97.52232019486073, 36.99864149802524], [-97.51989655336848, 36.99864145062446], [-97.51751769471494, 36.99864152709832], [-97.51648535569487, 36.998641485392255], [-97.51644049329252, 36.99864147843855], [-97.5160365677445, 36.99864150695264], [-97.51451052876622, 36.99864146331943], [-97.51136866849443, 36.998641464558986], [-97.51020176363662, 36.99859660346829], [-97.50818201153474, 36.99864144778559], [-97.50661104230336, 36.99864145722365], [-97.5047259594676, 36.99864145165476], [-97.50091093077121, 36.99868639733431], [-97.49853206546493, 36.99868641059451], [-97.49696115074987, 36.99868636736378], [-97.49359494284337, 36.99864148762781], [-97.49193419986233, 36.99864151401944], [-97.48986964191515, 36.99864144693601], [-97.48565061385617, 36.99868640228259], [-97.48367567853651, 36.99868635066858], [-97.48075826218574, 36.99868634532505], [-97.48026462004931, 36.99868637006582], [-97.47577625584555, 36.99868635803033], [-97.47492347000357, 36.99868635625608], [-97.47285884393467, 36.99868639804877], [-97.47191626220169, 36.998686412425805], [-97.46931308300272, 36.99864145593105], [-97.46868469860829, 36.99864144688767], [-97.46765234758705, 36.99864145988941], [-97.46715863432522, 36.99859661369648], [-97.46688932266515, 36.99859662875333], [-97.4667098371842, 36.998551706661274], [-97.46644052728142, 36.99859662167984], [-97.46603656440449, 36.99859664123747], [-97.46554286274109, 36.998641508132145], [-97.4652286457689, 36.99868639653679], [-97.46500425312936, 36.99873125011587], [-97.46469003861813, 36.998731235788526], [-97.46428616858046, 36.998731243481096], [-97.46347827050913, 36.99873126459309], [-97.46235617808374, 36.99868635682828], [-97.4619073297303, 36.99868633559916], [-97.45872056592289, 36.99868635118053], [-97.45746383136708, 36.99873127741331], [-97.45459135795441, 36.99873129033084], [-97.45423228658478, 36.99873121640282], [-97.4506415935678, 36.998731229571064], [-97.44862185448729, 36.99873127816762], [-97.44467210326074, 36.99873125768459], [-97.44220357255585, 36.998731264225604], [-97.43874753114821, 36.998731256456885], [-97.43690730159192, 36.99873124519785], [-97.42667392155164, 36.998776110229535], [-97.42662903515593, 36.99877615152054], [-97.42447468775089, 36.99877614467812], [-97.42434003297306, 36.998776102679024], [-97.42115328046854, 36.99877614482594], [-97.41890909500994, 36.998731294257205], [-97.41819099759219, 36.99873124741682], [-97.41518379893955, 36.99873121707999], [-97.41190730642607, 36.99873123953368], [-97.41024663990298, 36.99873123208407], [-97.40898988587823, 36.998731221537845], [-97.40176368885137, 36.99877611927474], [-97.40091091515887, 36.99877614294354], [-97.40032744888984, 36.9987761377142], [-97.39875655215388, 36.99877614828342], [-97.39624307698016, 36.99877610715825], [-97.39072241609571, 36.99882098585995], [-97.39063269048337, 36.99882103766289], [-97.38951055300198, 36.998820981213875], [-97.38488761024911, 36.998821031732994], [-97.38309228416155, 36.99882103702639], [-97.38161108497079, 36.99882101575936], [-97.38107247505023, 36.99882105470416], [-97.38044415715088, 36.998821052472074], [-97.38026465059261, 36.99886588726129], [-97.37963625767331, 36.99886588536485], [-97.37936695997224, 36.998865940881146], [-97.37918737379208, 36.99886587226222], [-97.3790976633336, 36.998865914205666], [-97.37878343029529, 36.99886591279868], [-97.3776614050537, 36.998865897805274], [-97.37667395894591, 36.99891079956836], [-97.37595581030493, 36.99886591363065], [-97.37451953569612, 36.99886594084521], [-97.37429511021337, 36.99886588283646], [-97.37249981537326, 36.99886588536197], [-97.3724100312598, 36.998865926714195], [-97.37039029094574, 36.998821009883585], [-97.3648696593255, 36.998821054658926], [-97.36428617121105, 36.9988210325308], [-97.36199711263691, 36.998821060944266], [-97.35939390479305, 36.99882098504019], [-97.3567008681128, 36.99882104569289], [-97.35463625951591, 36.99886592781504], [-97.3543669781068, 36.99886592428659], [-97.35212276050112, 36.998821001941465], [-97.34983378088721, 36.99882102997703], [-97.34705095941004, 36.99882105349013], [-97.34664704148219, 36.99882098051659], [-97.34476190307734, 36.998865895272864], [-97.34301147594353, 36.9988210128574], [-97.34274215810073, 36.99882098458682], [-97.34256266840455, 36.99882101628984], [-97.33888224511146, 36.99882100772528], [-97.33677269031783, 36.99886591019095], [-97.33488757829794, 36.998865916964384], [-97.33439391616666, 36.99886589264344], [-97.33232924260483, 36.99886588109914], [-97.31872960709879, 36.9988659099477], [-97.31796659550561, 36.99886589609543], [-97.3155429248863, 36.998865899506285], [-97.31136874002466, 36.99886589614611], [-97.31029156473187, 36.99886588723416], [-97.30921440653887, 36.99886586727008], [-97.30768835874578, 36.998865873962274], [-97.30750879689714, 36.99886593741347], [-97.30643160051935, 36.99886589397462], [-97.30459139529563, 36.99886590159635], [-97.30167395446385, 36.998865876369315], [-97.30077631194989, 36.99886588952799], [-97.29857701860152, 36.998865904836435], [-97.29552494197179, 36.99886594329356], [-97.29539029469787, 36.99886591417852], [-97.29215875803897, 36.99886590228021], [-97.29121619721657, 36.998865914230464], [-97.28789477539287, 36.99886593131361], [-97.28425922601481, 36.99891082851917], [-97.2826883720484, 36.998910813927715], [-97.28057883460336, 36.998910762681355], [-97.27721257025833, 36.99891078245394], [-97.27384630873037, 36.99886587226905], [-97.27357701833759, 36.99886592635754], [-97.27030058684556, 36.998910773022516], [-97.26666499487018, 36.99891077963913], [-97.26563273444376, 36.99891078275176], [-97.26540825693064, 36.99891076188275], [-97.26276018647303, 36.998910778399456], [-97.25966321986427, 36.99891074890334], [-97.2596183611916, 36.99891080541256], [-97.2571048415482, 36.998910769442325], [-97.25575840455213, 36.998910757130886], [-97.25293071910245, 36.99891078037901], [-97.25077635197933, 36.9989108103126], [-97.24709589040764, 36.998910746959176], [-97.24633286289672, 36.99891075233445], [-97.24512102308807, 36.998955702774616], [-97.24283195114606, 36.998910748752806], [-97.23964530261028, 36.998910772227624], [-97.23924128391903, 36.99891082075198], [-97.23767040654704, 36.99891076906912], [-97.235560875618, 36.99891079609596], [-97.23529157329618, 36.998910762129945], [-97.23390023624331, 36.99891079051405], [-97.22945678929402, 36.998865901230545], [-97.22842443965209, 36.99891082161411], [-97.22837960174505, 36.99891078327247], [-97.22568658481586, 36.99891081920485], [-97.22519281365132, 36.9989108262256], [-97.22505822420491, 36.99891079353758], [-97.22492355276029, 36.998910765689686], [-97.21989664218212, 36.99891075976043], [-97.21599174348948, 36.998910821563776], [-97.21150341753784, 36.99895569111204], [-97.2103813622667, 36.99895569120846], [-97.20665606243315, 36.998955686905774], [-97.20279609505722, 36.998955672418184], [-97.20185354794543, 36.99895569186409], [-97.20171892293362, 36.99895563429554], [-97.20144959148038, 36.998955686678414], [-97.19929522541132, 36.99895565831383], [-97.19709594686647, 36.99900054422676], [-97.19444776366201, 36.99900055897207], [-97.19229337538565, 36.99904540263557], [-97.19157528872385, 36.99904542048106], [-97.1891515459745, 36.99904539893411], [-97.18385533488927, 36.99904540435124], [-97.18116237407595, 36.99904546480247], [-97.18107259687433, 36.999045439284785], [-97.17927724248868, 36.999000553815], [-97.1747440179507, 36.99900058106522], [-97.17425029206804, 36.99900053188331], [-97.17420540807713, 36.99900055694258], [-97.17151242359724, 36.99904547822719], [-97.1696721975417, 36.9990005484788], [-97.16576734057719, 36.99904547085244], [-97.16531855881134, 36.999045439832265], [-97.15629703907723, 36.99904543067432], [-97.15625208492646, 36.999045453034675], [-97.15490561115406, 36.99900057553788], [-97.14772432725086, 36.99904547236212], [-97.14615337004388, 36.99904541093684], [-97.13825394883617, 36.99900059280125], [-97.13286793978996, 36.999000580383786], [-97.12972610309184, 36.99900051888608], [-97.12932217041917, 36.99900058760793], [-97.12797566366768, 36.999000565828084], [-97.12393614198587, 36.9990454117751], [-97.1225896616757, 36.99904540761591], [-97.12232031958719, 36.999045440288334], [-97.12151246412174, 36.99904544277331], [-97.12124312637884, 36.99904547268828], [-97.12106365062706, 36.99904540578575], [-97.12048013188358, 36.99904546477509], [-97.1203005760442, 36.99904540150244], [-97.11971714610897, 36.99904545132895], [-97.11787686589238, 36.999000516477835], [-97.11733830296697, 36.99900055204274], [-97.11729345714235, 36.99900055282825], [-97.11724852921274, 36.999045400703054], [-97.11720368344845, 36.99904540145315], [-97.11688943540346, 36.99904542588402], [-97.1163957256377, 36.99904545604268], [-97.11590201952453, 36.99904540235349], [-97.11554301509386, 36.99904541801149], [-97.11473507738985, 36.999045459849754], [-97.11240117221868, 36.99904545941305], [-97.11159327256135, 36.99904539559666], [-97.11145858250575, 36.999045400408505], [-97.11141374063294, 36.999045398691074], [-97.10988765662522, 36.99904541755022], [-97.10530961412272, 36.99900057993725], [-97.10378358768678, 36.99900051510044], [-97.10328981068902, 36.99900057511395], [-97.10275120130133, 36.999000545866444], [-97.10270636528386, 36.99900054043598], [-97.10243702134481, 36.99900052712258], [-97.1018984188482, 36.999000575043524], [-97.1014047379313, 36.99900053976227], [-97.10113539925229, 36.99900052311758], [-97.10023780311674, 36.99900053271954], [-97.10014797026545, 36.99900052952965], [-97.09996846915386, 36.99900059462162], [-97.09866689527453, 36.999000560086486], [-97.0947619977604, 36.99904546776321], [-97.09350527328623, 36.999045464736255], [-97.09265252706312, 36.999045423964866], [-97.09013901723581, 36.99900051844365], [-97.08928623201868, 36.99900053678739], [-97.08654839486418, 36.99900051594271], [-97.0783796399409, 36.9990454199452], [-97.07564175900282, 36.999045471153046], [-97.07559685915449, 36.999045459076335], [-97.0754173421479, 36.999045405681244], [-97.0753724424511, 36.999045475044866], [-97.07416057250714, 36.999045440816], [-97.07052501312519, 36.999000577246775], [-97.06931314946326, 36.999000573571536], [-97.06931314946326, 36.99904541879724], [-97.06693438239584, 36.99904546708011], [-97.05988771400825, 36.999000520349675], [-97.05755376173876, 36.99900056283367], [-97.05517492339894, 36.99900053767876], [-97.04808339084616, 36.999000514158475], [-97.04588408251591, 36.99900055683704], [-97.04570456375652, 36.99900053919274], [-97.04552504548299, 36.9990005212424], [-97.04498641153158, 36.99900055196811], [-97.04278712384226, 36.99900053484304], [-97.0420690032081, 36.999000527724064], [-97.04157535618707, 36.99900056250697], [-97.04022881868896, 36.99895565745874], [-97.0397351033289, 36.998955688454394], [-97.03969022775479, 36.998955661063775], [-97.03951064372292, 36.99895563771929], [-97.03946576830074, 36.99900053891304], [-97.03928626691582, 36.998955663177234], [-97.03883743354152, 36.99895563598721], [-97.03758069985297, 36.998955681117415], [-97.03722162574161, 36.9989557036014], [-97.03188053574448, 36.99895568494585], [-97.02995056798896, 36.999000532405375], [-97.02995056798896, 36.99904546165859], [-97.02954658449042, 36.999045431331176], [-97.02833473080331, 36.99900055991957], [-97.0279307571599, 36.99900052336932], [-97.02788588957935, 36.999000572493564], [-97.02483381712015, 36.999045440945594], [-97.02362196765213, 36.99904544952841], [-97.02218573945275, 36.999045438087975], [-97.02169199450802, 36.99904547583485], [-97.01558790529309, 36.999090283308625], [-97.0125358258279, 36.99909030794732], [-97.0124011724768, 36.99909035891841], [-97.01199721406827, 36.99904541735557], [-97.01186256181369, 36.99904546762984], [-97.01177284846615, 36.99904547063757], [-97.01024675614197, 36.999045405150774], [-97.00535447772032, 36.99909029850145], [-97.00396308743385, 36.99909034960336], [-97.00373866709876, 36.9990903090889], [-97.00144965600555, 36.99909032324991], [-96.99902593411275, 36.99909033123997], [-96.99350535211421, 36.999045403646484], [-96.992293502823, 36.999045411966975], [-96.99094698415182, 36.999045434733105], [-96.98686258922041, 36.99904544112431], [-96.98551609935474, 36.99904539932687], [-96.98385544449889, 36.99904540963506], [-96.98340657729779, 36.9990454152064], [-96.97878357038462, 36.999045450516945], [-96.97707800601692, 36.99909032925996], [-96.97703317294817, 36.999090356745924], [-96.97685359509349, 36.99909031786664], [-96.97680876217728, 36.999090345257166], [-96.97653943747588, 36.9990902838397], [-96.97582129829014, 36.9990903581239], [-96.97555197762196, 36.99909029418307], [-96.97523782620577, 36.999090337823816], [-96.97434013018716, 36.999090360077794], [-96.97402598454521, 36.99909031855903], [-96.97267942887409, 36.999090295226026], [-96.96864000885687, 36.99909028029615], [-96.96733838966556, 36.99909032791184], [-96.96693437911594, 36.999090326366215], [-96.9653635145811, 36.99909034449644], [-96.95943891679767, 36.99909035459857], [-96.95746403275176, 36.999090319167706], [-96.95737422945845, 36.9990902855014], [-96.95580334713841, 36.9990903386931], [-96.95095598747945, 36.99909035433933], [-96.94934011641934, 36.99909034681158], [-96.94732039484883, 36.99904546650713], [-96.94655735226567, 36.99904546179932], [-96.9413060833034, 36.999045403217636], [-96.9392862808082, 36.99909033893787], [-96.93910680588267, 36.99913517066638], [-96.93838866534024, 36.99913517712756], [-96.93556098643906, 36.999090290662906], [-96.93475311223057, 36.999090301551604], [-96.93466333994176, 36.999090330095434], [-96.9330026566298, 36.999090350272255], [-96.92815525773517, 36.999090315434515], [-96.9265394557074, 36.99913516758202], [-96.92649457516026, 36.99913517837051], [-96.92591104894112, 36.99913524011145], [-96.92586616882353, 36.99913516907953], [-96.92528273008652, 36.99913522256253], [-96.92425042312628, 36.9991352136866], [-96.92420554414387, 36.999135223501014], [-96.92366691685288, 36.999135181457646], [-96.92330788904404, 36.999135175898566], [-96.92227553124488, 36.999135234024514], [-96.92191642915327, 36.999135228507214], [-96.92187155176657, 36.999135237328474], [-96.92092905184265, 36.999135178280824], [-96.91837071881857, 36.99913516122625], [-96.917966763377, 36.99913523112761], [-96.91697928171934, 36.999135235029144], [-96.91585719501164, 36.999135166975506], [-96.9133437675071, 36.99913519438141], [-96.91244609722736, 36.999135226991946], [-96.9113240061862, 36.99913519703864], [-96.90993263668527, 36.9991351826558], [-96.90589314077448, 36.9991800514534], [-96.90454667016283, 36.99918005040975], [-96.90436712646373, 36.99918006079906], [-96.90391822843256, 36.99918008781766], [-96.9037387683255, 36.999180092373], [-96.90346941534628, 36.99918010816188], [-96.90261666257686, 36.99918006095242], [-96.90234731420986, 36.99918007387619], [-96.90212291266202, 36.99918008094524], [-96.90203318500537, 36.99918008173398], [-96.90109064269356, 36.99918010921963], [-96.90077643764715, 36.99918011809747], [-96.89830787648262, 36.99918006557306], [-96.89561486536843, 36.999180121141755], [-96.89099189062489, 36.99918009274939], [-96.88856814358117, 36.99922494150914], [-96.88609963339364, 36.99922495349372], [-96.88259874680662, 36.999224946766084], [-96.87990572722119, 36.999224965785125], [-96.8787387728627, 36.9992249398802], [-96.87761668637813, 36.99922499264048], [-96.87627014254443, 36.9992249950626], [-96.87456462017745, 36.99922498629861], [-96.86935814623753, 36.999224959187075], [-96.86814629409413, 36.999224979963], [-96.8676077185396, 36.99922500180173], [-96.8675179563788, 36.99926983567504], [-96.86747303443217, 36.99926982611045], [-96.86253589982847, 36.999269888714856], [-96.86249098130801, 36.99926987702967], [-96.85436712828755, 36.999224939848695], [-96.847499985822, 36.99918007084947], [-96.84570466459486, 36.999180091365396], [-96.8425179030178, 36.99918008382657], [-96.84220373405994, 36.99918009565584], [-96.84121633239404, 36.999180104790746], [-96.84090216970873, 36.99913517180715], [-96.83892725718533, 36.999180106863406], [-96.83313732808818, 36.99922497729736], [-96.8312073025035, 36.9992698884777], [-96.83084829134086, 36.99926984154243], [-96.82950181266258, 36.9992249287562], [-96.82442993101677, 36.99922493269644], [-96.82290393809377, 36.999224933398395], [-96.82272437338719, 36.99922498222292], [-96.82245510902474, 36.99922496862086], [-96.82205117368578, 36.999180088777806], [-96.82173693989168, 36.999180049116625], [-96.8215125698779, 36.99918006212186], [-96.82061485225968, 36.99913518129341], [-96.82056996261554, 36.99913523333197], [-96.81796674329254, 36.99913518222721], [-96.81706907459412, 36.999135213383774], [-96.81653051202501, 36.999090300388104], [-96.81495957329471, 36.99909033196547], [-96.81446591359257, 36.99909030121719], [-96.81419660164804, 36.99909035276936], [-96.81060588228733, 36.999045460697], [-96.80786801026399, 36.99900054717127], [-96.79902601910631, 36.99891080786574], [-96.79525583164647, 36.99886593643434], [-96.79521095951105, 36.9988658961136], [-96.7951212153332, 36.99895570320132], [-96.79485190181003, 36.99918010285892], [-96.79476207639473, 36.99922497031001], [-96.79426840663069, 36.999224936186536], [-96.79278725639719, 36.999224992466345], [-96.79229351991816, 36.99922495379209], [-96.78780519358179, 36.999224947840496], [-96.77743716830108, 36.999180077263546], [-96.77429534038284, 36.99918012265324], [-96.77384652025336, 36.99918005159364], [-96.76998653398942, 36.99918011082741], [-96.76976209760487, 36.99918010950015], [-96.76576747245616, 36.99913517898494], [-96.75382853012252, 36.999090323719976], [-96.75032764763021, 36.99909033659069], [-96.74983390783615, 36.99900055121807], [-96.74126124202805, 36.99922498027931], [-96.73973516290654, 36.9991800912549], [-96.73897217768979, 36.999180109654326], [-96.73883751495995, 36.99918008942851], [-96.73843361011673, 36.99918010465804], [-96.73735640677447, 36.999180091069704], [-96.7370870883294, 36.99918004632945], [-96.73681777100686, 36.99913521676853], [-96.73677293933595, 36.999180098939725], [-96.73672802603562, 36.99926985136459], [-96.73659336798232, 36.999269828295986], [-96.73197041447668, 36.99926984901194], [-96.72842458333123, 36.999269878473186], [-96.72609065967536, 36.99926988001893], [-96.72079443159434, 36.999269849134656], [-96.71271547995016, 36.99926982833678], [-96.71056105152127, 36.99922493944269], [-96.71047126142435, 36.99922495932273], [-96.71033665814058, 36.999224984383936], [-96.71015707869682, 36.999224942109834], [-96.7098428975004, 36.99922500554026], [-96.70970829552856, 36.99922494822468], [-96.70952871783511, 36.99922498646028], [-96.7093043280476, 36.99922494763385], [-96.70925943385866, 36.999224957049826], [-96.70746410005681, 36.999224968682746], [-96.70557903297846, 36.99922496555976], [-96.70530968388194, 36.99922501228031], [-96.69803866320925, 36.99918011219952], [-96.68695244295994, 36.999180120059826], [-96.68457367493615, 36.999180103693135], [-96.67757186206819, 36.99913523962693], [-96.67523790350445, 36.99913520332605], [-96.65625226774657, 36.999090306621724], [-96.65189857646281, 36.999090321911716], [-96.64857725358304, 36.99909034846198], [-96.64844261669958, 36.999090303910556], [-96.64812841070518, 36.999090283920246], [-96.64794884181438, 36.99909030834798], [-96.64776935497412, 36.999090327902984], [-96.64179984855461, 36.99909031710435], [-96.64166522590179, 36.9990903455144], [-96.62739234480117, 36.99904539810313], [-96.62730258934303, 36.99904543355359], [-96.62721275248916, 36.99904547348025], [-96.62528283948626, 36.99904545192778], [-96.62447490847596, 36.9990005623828], [-96.62411582224284, 36.999000535188884], [-96.60737437020356, 36.998955703944866], [-96.60409789502876, 36.9989107638592], [-96.60405299287963, 36.99891081477441], [-96.60068680692082, 36.99891074901911], [-96.6005521077601, 36.99891081577942], [-96.59848748956277, 36.998910825333844], [-96.59835287652483, 36.99891080317688], [-96.59826308033404, 36.99891081852706], [-96.59314637278156, 36.99891075183704], [-96.5930116895252, 36.99891080900602], [-96.57802068597442, 36.998865924579334], [-96.57797580216668, 36.99886588284641], [-96.57788603464596, 36.99886588091502], [-96.56765263290174, 36.99882106096813], [-96.5545018306731, 36.99877615495737], [-96.55391839619323, 36.99877614307361], [-96.55382858114412, 36.998776125243516], [-96.55373884764958, 36.99877610284108], [-96.52864905455472, 36.99873129479326], [-96.52618053496288, 36.9987312690771], [-96.52609075910392, 36.998731227733956], [-96.52573165693772, 36.99873122479539], [-96.52559703484499, 36.998731282340344], [-96.52550725981123, 36.99873124050288], [-96.52537263819441, 36.99873121616547], [-96.51980709004903, 36.998686348685034], [-96.5181913062958, 36.99868639317718], [-96.51810154173836, 36.99868634506119], [-96.51662040418834, 36.9986863991859], [-96.51486993951036, 36.998686366347435], [-96.50934925299333, 36.99868635387784], [-96.50930441764166, 36.99868636465356], [-96.50912483244024, 36.99868633935428], [-96.5090799972473, 36.99868635003508], [-96.50881066127471, 36.998686349970306], [-96.50876582630399, 36.99868636051822], [-96.50854140781638, 36.99868634475945], [-96.50028282318844, 36.998641465052444], [-96.50014817375356, 36.998641494722676], [-96.50010334491158, 36.99864150160455], [-96.48255394952056, 36.9988210315719], [-96.4819704443263, 36.99882099025331], [-96.46671012517852, 36.99895570329056], [-96.45248214410526, 36.99909033732765], [-96.4523026388912, 36.999090301949025], [-96.45180892088906, 36.99909028911471], [-96.45144983350619, 36.999090301798134], [-96.45127033122932, 36.999090346277306], [-96.45113562356083, 36.99909032265184], [-96.45077662130595, 36.999090328638275], [-96.45041753979902, 36.99909033782723], [-96.44310156716126, 36.999090318562516], [-96.43578554939307, 36.99909033293284], [-96.41563299847556, 36.999224983232104], [-96.41522902365242, 36.99922494381354], [-96.4136132315547, 36.9992249295889], [-96.41311949172993, 36.99926988396404], [-96.4130297138831, 36.999269837433424], [-96.4127604623582, 36.99926985621415], [-96.41258090781788, 36.99926984407809], [-96.41141397829264, 36.99922498660351], [-96.41020206167065, 36.9992249831611], [-96.40894532303925, 36.99922493868183], [-96.40782330553004, 36.999180068624746], [-96.40288613029412, 36.99918008763755], [-96.40252707813528, 36.99918011122198], [-96.40068684618025, 36.99918010738536], [-96.39951989378673, 36.9991800985875], [-96.39866707211024, 36.999180121940284], [-96.3954354874692, 36.99918010231143], [-96.39485197612409, 36.999180115831756], [-96.39453780494522, 36.99918006393755], [-96.39449296988965, 36.999180112241476], [-96.39444805364325, 36.999180083290824], [-96.39350546966448, 36.999224974705704], [-96.39175508692789, 36.99922496954528], [-96.39171017264026, 36.99922493943866], [-96.38457375749631, 36.99922497092057], [-96.38156653977896, 36.999269874169705], [-96.38057908054164, 36.99926982098074], [-96.38030980570414, 36.99926984780933], [-96.37995072024994, 36.999269885427765], [-96.37990589561575, 36.99926984596571], [-96.37986098980964, 36.99926989246068], [-96.37873892352523, 36.99926987555207], [-96.37528287766288, 36.9992698515369], [-96.37505844670638, 36.99926982484923], [-96.3749687232673, 36.99926982774773], [-96.37492382099717, 36.9992698721549], [-96.37483409775082, 36.999269874939635], [-96.37312848732364, 36.99931476676685], [-96.37303876664714, 36.999314768039646], [-96.37065987585234, 36.99931472361509], [-96.36644087343065, 36.99931473407134], [-96.36150370647833, 36.99926983033349], [-96.35315545042143, 36.999269865673604], [-96.3517640609207, 36.99926988229379], [-96.3453008610107, 36.99931474245866], [-96.34175503684163, 36.999314770632424], [-96.3393762798175, 36.999314734897084], [-96.33852346488389, 36.999314726980195], [-96.33847858875188, 36.99931475598697], [-96.33829908454608, 36.999314708591896], [-96.33771561828874, 36.99926987183043], [-96.33771561828874, 36.999314760835695], [-96.33767066158758, 36.9992698232089], [-96.33704232609698, 36.99931470779258], [-96.33609979413383, 36.99931473716143], [-96.33013032247946, 36.99931469764273], [-96.32959172108801, 36.99931476573282], [-96.32784125807895, 36.999314705074426], [-96.32568687822726, 36.99931475572376], [-96.32380176556886, 36.999314707855156], [-96.31985201648124, 36.9993147726481], [-96.31976229108096, 36.999314733254096], [-96.31971734730331, 36.99931475865604], [-96.31886463855055, 36.99931476482576], [-96.31195253830411, 36.99909029287113], [-96.30885561300232, 36.99913524045478], [-96.30580353193258, 36.99913520064733], [-96.30329013222547, 36.99922499629791], [-96.30320034954893, 36.999224947215914], [-96.30315541770699, 36.999224965609315], [-96.30311056700175, 36.999224979678054], [-96.30302078458394, 36.999224930444335], [-96.30207827976473, 36.999269819730024], [-96.30104592852851, 36.99931473576839], [-96.2991159828681, 36.999404492357854], [-96.29875687699867, 36.9994045264112], [-96.29866710085477, 36.999404473519746], [-96.2985773248403, 36.99940450217272], [-96.2984875489552, 36.99940453074988], [-96.29835292591922, 36.99940448970208], [-96.29830807867124, 36.99940450175434], [-96.29826315035754, 36.99940451808968], [-96.29799390554656, 36.9994045168754], [-96.29444809242906, 36.99935960533782], [-96.29408901347415, 36.99935962359991], [-96.29404416929664, 36.999359633850574], [-96.29399924405898, 36.999359648381095], [-96.2938197056169, 36.99935961609519], [-96.28551633462803, 36.99926983873664], [-96.28542657757582, 36.99926985626834], [-96.28529190169972, 36.99926988456991], [-96.28484303827175, 36.99926989319314], [-96.28416983028117, 36.99926985747187], [-96.27927751432455, 36.9993147616199], [-96.27864919961834, 36.99935957927333], [-96.27806572389167, 36.99931476833514], [-96.2773475949637, 36.99931470151171], [-96.27689870779278, 36.99931476252622], [-96.27636016096271, 36.999314745619564], [-96.27604593648608, 36.99926989354797], [-96.27555222786151, 36.99922497731808], [-96.2748341279642, 36.999224975058105], [-96.2740710444456, 36.999224978333714], [-96.27146781088663, 36.999224973588014], [-96.27003155163624, 36.99922499922876], [-96.26338885891103, 36.99922493892133], [-96.25908009270437, 36.99922499095783], [-96.25840683953562, 36.999224972432216], [-96.25809262480388, 36.99922496403677], [-96.25706027405745, 36.99922500848863], [-96.25553430988361, 36.999224930538254], [-96.25427751866168, 36.999224939059694], [-96.2530657295603, 36.99926982505613], [-96.25086644911296, 36.99926988132244], [-96.24911592978648, 36.99922497462171], [-96.24732064938196, 36.99922500520768], [-96.2418897462393, 36.999180120379044], [-96.241440953307, 36.99918012181912], [-96.2412165175474, 36.999135188618105], [-96.24031886365677, 36.999090293526024], [-96.24022909088039, 36.99904546414518], [-96.24013931823401, 36.999045447694456], [-96.24004954571767, 36.99904543116795], [-96.23654868103016, 36.99918005648477], [-96.23627937947334, 36.99918007925832], [-96.23574077987071, 36.999180122759995], [-96.23533683324092, 36.999180112783016], [-96.2339005188707, 36.99918010541742], [-96.23259888013881, 36.999180112998765], [-96.23044455678883, 36.99918011872551], [-96.2296815329186, 36.99918007392285], [-96.22842477962212, 36.9991800473183], [-96.22730268265765, 36.999180046911384], [-96.22680895671427, 36.999180063083095], [-96.22662945043982, 36.99918008911307], [-96.22644994468577, 36.9991352194881], [-96.22550738600897, 36.999090278932066], [-96.22546251033495, 36.99909034613496], [-96.21850555427962, 36.99913522925363], [-96.21837094258397, 36.99918007287085], [-96.21814650941525, 36.9991800713993], [-96.2176079055288, 36.99918011321684], [-96.21262583939753, 36.99909028298838], [-96.21258097306436, 36.999090344759296], [-96.20813750465811, 36.99909034160777], [-96.20647686370158, 36.99909029697951], [-96.20611780768579, 36.99909028856369], [-96.20593828046, 36.99909028390144], [-96.20387363337925, 36.99909033730654], [-96.20010340319051, 36.99904546544529], [-96.20001368873301, 36.99904541514452], [-96.1999687505835, 36.999090291075206], [-96.19992389343622, 36.99909034751069], [-96.19965458929813, 36.99918007974367], [-96.19934042961033, 36.999224970637755], [-96.1990711280156, 36.99922498935399], [-96.1948969414993, 36.99918005878793], [-96.19256298536037, 36.9992249820388], [-96.19153067429096, 36.999224935551624], [-96.19090235820101, 36.999224960670205], [-96.19049838048214, 36.99926985797993], [-96.18978029434957, 36.99931471966599], [-96.18933139356399, 36.99931477166793], [-96.18897235624114, 36.99931470972912], [-96.18816442870778, 36.99931477529059], [-96.18668330966538, 36.999314727088326], [-96.18565101597112, 36.99931470953687], [-96.18470843163622, 36.999359642784334], [-96.17667430232312, 36.99918009834075], [-96.17662946210207, 36.999180063333654], [-96.17393643764144, 36.999135209757995], [-96.17389159941149, 36.99913517359499], [-96.1685055836143, 36.999135236128325], [-96.16109987248394, 36.999090300675746], [-96.16092031436564, 36.99909031013787], [-96.16069592814253, 36.99909035920853], [-96.15921474064416, 36.99909029279836], [-96.15674612004986, 36.99909030239156], [-96.15414296495496, 36.99913519240813], [-96.15400825085183, 36.99918005243976], [-96.15293111499687, 36.99926982762348], [-96.15248223978958, 36.99913520182169], [-96.15239251368531, 36.999045398231054], [-96.14969949693439, 36.999045455445966], [-96.14960969398427, 36.999090352361485], [-96.14889159871245, 36.99904541118597], [-96.14736555273919, 36.999045476458704], [-96.1471411350272, 36.9990005196755], [-96.14507651431407, 36.999000513056934], [-96.14319138788439, 36.999135191414304], [-96.14305677865524, 36.99913521567248], [-96.14283237666508, 36.99918004965255], [-96.1422039907343, 36.99909034319372], [-96.14130631924354, 36.99900051790589], [-96.14121652854756, 36.99895568952099], [-96.14117163324875, 36.99895564375397], [-96.13897236999384, 36.99900053485254], [-96.13888258270666, 36.999000523049126], [-96.13883768911224, 36.999000557937485], [-96.1387928764399, 36.9990005886255], [-96.13820934401011, 36.99900054620405], [-96.13556127324742, 36.99900056695714], [-96.13358641638504, 36.99900053637103], [-96.12541759263746, 36.99904540704887], [-96.12528294146723, 36.99904541300304], [-96.12416085986547, 36.999045401576225], [-96.12241045351523, 36.99904544505241], [-96.11913394344162, 36.99913520986135], [-96.11294003994192, 36.99922495525209], [-96.11289516531026, 36.99922497922183], [-96.10966355045342, 36.999180076601284], [-96.10916987683093, 36.99918008326257], [-96.10863125482143, 36.999180113966524], [-96.0954356046809, 36.99913519964239], [-96.09476235753098, 36.999135218237136], [-96.09381979162181, 36.99913517346983], [-96.09364026844997, 36.999135241158555], [-96.09359540794668, 36.99913517535536], [-96.09162052758236, 36.99913517265947], [-96.09126141383295, 36.999135222828954], [-96.08192568061779, 36.99909035792344], [-96.08188082869891, 36.99909028718597], [-96.08057924841692, 36.99909031416325], [-96.06774263811049, 36.99904544425886], [-96.06419678566655, 36.99904546353872], [-96.05921477766955, 36.99904541878537], [-96.05764386681913, 36.99904545963493], [-96.05589342243827, 36.99904540804424], [-96.0512255738024, 36.99900059103944], [-96.04916095202906, 36.99900052478246], [-96.04911604338447, 36.99900052601448], [-96.04907113477294, 36.99900052722757], [-96.0488018453389, 36.999000525881684], [-96.04875693695864, 36.99900052696243], [-96.04866720106756, 36.99900052495369], [-96.04830809728335, 36.99900052438995], [-96.03578569543048, 36.998955657776996], [-96.02434048029491, 36.99895565340657], [-96.02425069960407, 36.99895563494576], [-96.02420580930828, 36.998955707335334], [-96.02191677104628, 36.998910776887584], [-96.02173721694456, 36.998910817448895], [-96.02101908656701, 36.99891080928163], [-96.02083953511287, 36.99891076668313], [-96.02007652807346, 36.99891082312167], [-96.01944819076301, 36.998910826357246], [-96.01801191175736, 36.998910778456484], [-96.01657566664568, 36.99891079286523], [-96.00127047254837, 36.99886591148132], [-96.00082157920616, 36.99886589276095], [-96.00023815194777, 36.999045441567354], [-95.99534586389657, 36.99904541271131], [-95.99503170112536, 36.99904542978628], [-95.98484315290796, 36.99904541012866], [-95.97914297918965, 36.99904539910081], [-95.97312864621412, 36.99909030456561], [-95.96697963956292, 36.999090307049045], [-95.96428664077408, 36.99909034251158], [-95.96163852505438, 36.999135177852075], [-95.96118968284777, 36.999135168070566], [-95.9582722492437, 36.99913522382145], [-95.95782343198097, 36.99913519988602], [-95.95670136305196, 36.999135215468755], [-95.95566899412707, 36.999135213795256], [-95.95405325636233, 36.9991352140867], [-95.95400833729106, 36.99913517936352], [-95.95391857989303, 36.99913518747312], [-95.95378390372329, 36.999135242344636], [-95.9510460102164, 36.99909035361904], [-95.95073183495818, 36.99909033413124], [-95.95041766133072, 36.999090313718874], [-95.94902631754452, 36.999090353342545], [-95.94431353340417, 36.99913521806445], [-95.94166540430182, 36.99918009353156], [-95.93699761629152, 36.99926985632942], [-95.93650388948042, 36.9992698723367], [-95.93641407742733, 36.99922495867162], [-95.93201554627927, 36.99931470339146], [-95.93192574089497, 36.99931477871778], [-95.9307587667253, 36.99926983567712], [-95.92896344725233, 36.99931471205796], [-95.92788624893035, 36.99931474350738], [-95.92546260278017, 36.99931473471925], [-95.9215577440757, 36.99935961786308], [-95.92061519923163, 36.99935964743657], [-95.91998684417653, 36.99935960809244], [-95.91859539468821, 36.99931470654743], [-95.91855058255241, 36.99931473456282], [-95.91805684528728, 36.99931475501266], [-95.91626150040065, 36.999314771558886], [-95.91513939666851, 36.99931471754576], [-95.91338894683551, 36.999314740881736], [-95.9132094721835, 36.99931477447063], [-95.91316458345636, 36.99931472257964], [-95.91298502888179, 36.99931475980315], [-95.91172832299705, 36.999314758919006], [-95.91056133618216, 36.99931477162721], [-95.91011247011562, 36.99935964313773], [-95.9094392578633, 36.99931474340261], [-95.89507658172067, 36.999180101137654], [-95.88906222932964, 36.999180110089625], [-95.88605507696282, 36.99918012008757], [-95.87671928119472, 36.999224962977415], [-95.87671928119472, 36.999269877242185], [-95.87645003186265, 36.99926988591757], [-95.87613584204773, 36.99926983044952], [-95.875238142893, 36.99926988967241], [-95.87389169981743, 36.99926983789195], [-95.87330820755867, 36.999269861306686], [-95.87312869120326, 36.99926983554274], [-95.8724554089731, 36.99926988412842], [-95.87066005338795, 36.999269855522584], [-95.86980729235577, 36.99926985721345], [-95.86971749907045, 36.99926988424993], [-95.86926869571815, 36.99922493236014], [-95.86913404731261, 36.999224970211394], [-95.86697963330774, 36.99922498509701], [-95.86666549296913, 36.99922498343512], [-95.86374803628699, 36.99922497279544], [-95.86123461154882, 36.99918004806119], [-95.86020226491647, 36.99918010221703], [-95.85912508756792, 36.99918007180792], [-95.85890068476112, 36.999180114815466], [-95.85872113091231, 36.999180068806616], [-95.85634229436873, 36.99918009452165], [-95.85531003181059, 36.999180101429786], [-95.8541879364024, 36.99918011632009], [-95.85378393244089, 36.99918009862884], [-95.85320047436286, 36.99918010182624], [-95.8526618655494, 36.999180097499895], [-95.85198865158108, 36.999180106708955], [-95.85032794985725, 36.999180074615595], [-95.84772468224033, 36.99922495041238], [-95.84592942158343, 36.999224946423226], [-95.84431356386517, 36.99918007471191], [-95.84085756311464, 36.99922493345159], [-95.84022923536743, 36.9992249548648], [-95.83762600342313, 36.99918009919688], [-95.83749134546655, 36.999180101149825], [-95.83542668165505, 36.99922494201675], [-95.83408016508699, 36.99922500795412], [-95.83264394090911, 36.99922497116951], [-95.83232973876126, 36.99922496215652], [-95.83098321127366, 36.999224993045715], [-95.82981626134941, 36.999224934533004], [-95.82730280887348, 36.99922493344485], [-95.82662955758377, 36.99922496216647], [-95.82573187414117, 36.99922496796157], [-95.82519327053184, 36.99926983578804], [-95.82402635289232, 36.99931471676685], [-95.82384682292916, 36.99931469784353], [-95.82371219592747, 36.999404516417314], [-95.82357748875823, 36.99944942177081], [-95.82344286236189, 36.999224984396115], [-95.82339796014038, 36.99918006334193], [-95.82317353000734, 36.99918012094042], [-95.82290427933309, 36.99918008828059], [-95.82285937751531, 36.999180084086085], [-95.82057031457286, 36.99918004680365], [-95.81935850734166, 36.99918012183062], [-95.81931360818233, 36.99918011614738], [-95.81644109754204, 36.99918007428085], [-95.81495991755254, 36.99918006167768], [-95.81424174873818, 36.99918009440007], [-95.81320948667742, 36.99918005710124], [-95.8124913388664, 36.99918007807013], [-95.81217716196576, 36.999180095444295], [-95.81199758707476, 36.999180060539445], [-95.81069600704194, 36.99922494547859], [-95.80777861720887, 36.99913517231843], [-95.79943029279424, 36.999224974668934], [-95.7966026535817, 36.99922495141199], [-95.79426874949516, 36.99922495502408], [-95.78677323646949, 36.999314730245736], [-95.78601021031695, 36.99931473324562], [-95.78376606279774, 36.99926989278528], [-95.78300299465624, 36.99926987821507], [-95.77882884920507, 36.9992698696258], [-95.76873013520397, 36.99922496105572], [-95.76868527406991, 36.999224934134524], [-95.76644105449984, 36.999225011062656], [-95.7623117986648, 36.99922493057442], [-95.76226694236026, 36.99926982119728], [-95.76172834779149, 36.999269888378436], [-95.76123461358382, 36.99926981956369], [-95.75997786867391, 36.99926982645853], [-95.7596637267797, 36.99926986476476], [-95.7595739378067, 36.99926988887775], [-95.75522025938288, 36.99922498165459], [-95.75477142973129, 36.999224997239736], [-95.75288636605195, 36.999224977585435], [-95.75059725092107, 36.99922496493123], [-95.75001383439965, 36.99922494251322], [-95.74646804835245, 36.99922497723443], [-95.74606404837209, 36.999224996431565], [-95.74332621108111, 36.99926982003936], [-95.74242849339305, 36.99922500338897], [-95.74224896755271, 36.99918010132689], [-95.74220412635754, 36.999180063306056], [-95.74193483881557, 36.99922493109826], [-95.74162063137706, 36.999225005887375], [-95.7415757102957, 36.99922497148907], [-95.74036389857373, 36.999224965239186], [-95.73892759614169, 36.99926984882028], [-95.73268883397942, 36.99931473573638], [-95.72824537160128, 36.99931473102797], [-95.72555237968919, 36.99926982980408], [-95.72505870452181, 36.999269850832924], [-95.71832617201233, 36.99922496966385], [-95.71715925481656, 36.999224931542386], [-95.71478042773727, 36.99926986527545], [-95.71469062617092, 36.99926985562451], [-95.71244651468251, 36.99922495131482], [-95.71123465425383, 36.99926981426424], [-95.71083065273055, 36.99926987551959], [-95.71069603971252, 36.99922497013978], [-95.71056134668206, 36.9992249913302], [-95.71024722476771, 36.999224977943705], [-95.71002281856809, 36.99922498114038], [-95.70522029560905, 36.99931470597726], [-95.70477144177026, 36.99931477641692], [-95.69615384978326, 36.999269840054616], [-95.69373017695742, 36.999269858892546], [-95.69229387799764, 36.99926982151345], [-95.69139620882457, 36.9992698598424], [-95.69063320071903, 36.99926989467603], [-95.69022925922901, 36.9992249581574], [-95.68969067485932, 36.9992698629374], [-95.68892760842776, 36.99926988946828], [-95.68856855952556, 36.999269845412115], [-95.68740158533524, 36.999269840702205], [-95.68686302667115, 36.99926988901543], [-95.68668350820454, 36.999269822838066], [-95.68659366888997, 36.999269875159165], [-95.68654878942638, 36.99926981769009], [-95.68165656981245, 36.9992698387884], [-95.67636034557657, 36.99926984353994], [-95.67447520126562, 36.99926987424459], [-95.67402641974526, 36.99926982354696], [-95.66913411128614, 36.999314741652576], [-95.66890970022652, 36.99931474812152], [-95.66518440840223, 36.999314763370556], [-95.66424180616009, 36.99931477586833], [-95.6641520811616, 36.9993147238749], [-95.66154883141549, 36.99931471484896], [-95.6606511469275, 36.99931476370321], [-95.66047162771578, 36.999314739134185], [-95.66042676806049, 36.99931475240986], [-95.66015745034485, 36.999359601356076], [-95.65836213726377, 36.99935958664664], [-95.65589355046123, 36.99931473016046], [-95.65517537420666, 36.99931476920967], [-95.65284148202862, 36.9993596604132], [-95.6508217278838, 36.99935958872576], [-95.65019339719287, 36.999359653763676], [-95.64893659539698, 36.99931477276058], [-95.64862247936097, 36.999314757450115], [-95.64727593139078, 36.99935964769177], [-95.64696174395722, 36.9993596313437], [-95.64691689455952, 36.9993596389681], [-95.64480740672553, 36.99935964395614], [-95.64242851670194, 36.999359661243254], [-95.64238367074817, 36.999359585286946], [-95.63928673493679, 36.99940449717209], [-95.63883789970454, 36.999404477836634], [-95.6387929762589, 36.999404485871594], [-95.63798508205966, 36.999404511341424], [-95.63663861631068, 36.999359586464635], [-95.63188094907339, 36.999404489726444], [-95.63089355982247, 36.99940447832602], [-95.630310037392, 36.99940451903882], [-95.63026520064966, 36.99940451970027], [-95.62923284208202, 36.999359655991654], [-95.62873916756152, 36.99935959836721], [-95.62824541696875, 36.99935962395411], [-95.62820058179645, 36.99935962374994], [-95.62806591607252, 36.999359630622614], [-95.6269886815597, 36.999359594031695], [-95.6269438473432, 36.99935959330202], [-95.62618078864432, 36.99935961980099], [-95.6244303786142, 36.999314728172294], [-95.6210192134409, 36.99935965489198], [-95.62066017601396, 36.9993596475294], [-95.62057035685237, 36.999359648345866], [-95.62030106057966, 36.999359642757724], [-95.62025623145068, 36.99935963923193], [-95.61617179137191, 36.99931471824105], [-95.61599232725139, 36.999314704691365], [-95.61572297171791, 36.99926984539041], [-95.61522924999248, 36.99926981478896], [-95.61406228053299, 36.999269815453644], [-95.61361347695583, 36.999269861431316], [-95.61276070345373, 36.9992249448915], [-95.60903534668259, 36.99931475134939], [-95.6063873042935, 36.99931473406981], [-95.60589358067985, 36.99931474598792], [-95.60445725176015, 36.999314778256085], [-95.60396354434008, 36.99931469960202], [-95.60346984106265, 36.99931470036307], [-95.60207846673397, 36.99931470753906], [-95.60149498921162, 36.999314766149766], [-95.59817365486145, 36.99931476807299], [-95.5963334133528, 36.99931477704442], [-95.59081279392122, 36.99926986031141], [-95.5892418555902, 36.99926983094914], [-95.58910719881688, 36.999269874364614], [-95.58897254235212, 36.9992698359219], [-95.5888378861959, 36.999269878999336], [-95.58870323034824, 36.99926984021859], [-95.58592049206257, 36.999269814033525], [-95.58547166272231, 36.99926983527966], [-95.58434960437314, 36.99926988018015], [-95.58313772528348, 36.999269886581516], [-95.576898959373, 36.99926981651087], [-95.57676433089271, 36.99926984443667], [-95.57577690453489, 36.99926986097377], [-95.57259011970915, 36.99931469893812], [-95.57178225249434, 36.99931475738715], [-95.57070508679837, 36.999359620867466], [-95.57061526378725, 36.999359583627474], [-95.57048064971936, 36.99935960368316], [-95.57043577843203, 36.99935958310062], [-95.57030108464882, 36.999359606687065], [-95.56989716540738, 36.999359587229954], [-95.56985229456626, 36.999359648094206], [-95.56913412539835, 36.99931472035899], [-95.56751833700397, 36.999359635023815], [-95.56711435679738, 36.999359608845815], [-95.56249137721605, 36.99935961141104], [-95.56168348883176, 36.99931475271214], [-95.56105514779652, 36.99931474933398], [-95.56020233562792, 36.999359637767505], [-95.55957401046554, 36.999359625748774], [-95.55939447878282, 36.99935961050434], [-95.55925981035357, 36.999359620233776], [-95.55921494764989, 36.999359594959564], [-95.55885588703337, 36.999359644660814], [-95.55863141518147, 36.99935960644418], [-95.55728492255768, 36.99935959737551], [-95.5553998207623, 36.99935959197229], [-95.55243754890012, 36.99935964923935], [-95.55239269141828, 36.999359621113356], [-95.55005870789856, 36.99935958883486], [-95.54871225204866, 36.9993147120866], [-95.54736574705309, 36.99935960250373], [-95.54588463532124, 36.99931477021553], [-95.54189001738253, 36.99931469830553], [-95.54130649728442, 36.99931470474826], [-95.54072298300275, 36.999314708019114], [-95.54013955462351, 36.99931470438467], [-95.53883793365455, 36.99931476086717], [-95.53776073265415, 36.99931472051765], [-95.53466378011659, 36.99935965473637], [-95.53448424469929, 36.99931475154779], [-95.5295022365435, 36.99931473423695], [-95.52241067159399, 36.99926983184372], [-95.52218625939545, 36.99926988452698], [-95.52142320031714, 36.9992698833882], [-95.52119879191002, 36.99926985231248], [-95.520929470935, 36.999269864907426], [-95.5198971921058, 36.99926986112473], [-95.5160372361157, 36.999269843670305], [-95.51504979248652, 36.99926984032341], [-95.51473559118412, 36.99926987904653], [-95.51276076462312, 36.999359623241446], [-95.51190793556417, 36.99931470685169], [-95.51181820272576, 36.99931470212537], [-95.5096188707483, 36.999314728129306], [-95.50863145558792, 36.999314751224674], [-95.5076888803005, 36.99931473036455], [-95.50737471860009, 36.99931474756859], [-95.50670149778065, 36.999269884298634], [-95.50432267565462, 36.99926987632375], [-95.5036045098911, 36.999269885909186], [-95.50261711642607, 36.9992698573695], [-95.50257221711223, 36.999269893833734], [-95.50230290198873, 36.99926986342866], [-95.50028319822802, 36.99931474598269], [-95.49808390070307, 36.99931471770778], [-95.49575000379555, 36.99935959723247], [-95.49229398484957, 36.99935964520786], [-95.49126165215218, 36.99935963733368], [-95.49013955820979, 36.999359600404986], [-95.4878953551033, 36.99935965847684], [-95.48610002282369, 36.999359623638135], [-95.48515749151537, 36.99935958330958], [-95.48385589524302, 36.99935960101864], [-95.48309285714781, 36.99935959496338], [-95.48013056866328, 36.999359625822066], [-95.47927781656858, 36.9993596467979], [-95.4765398779161, 36.99935961925579], [-95.47582181433059, 36.99935961767113], [-95.47478945344683, 36.99935962967462], [-95.47393669956269, 36.99940446491697], [-95.473846945143, 36.9994045138732], [-95.47312875477881, 36.99940450169492], [-95.47025624190172, 36.99935962616373], [-95.46935860069958, 36.999359598732184], [-95.46814670305422, 36.99935964445908], [-95.46774276944284, 36.99935960097083], [-95.46751840752928, 36.999359628576954], [-95.46693491063155, 36.99935959113906], [-95.46621672556722, 36.999314764731544], [-95.46563324172247, 36.9993596553026], [-95.46504976372914, 36.99935960762838], [-95.46401751391178, 36.999359601525654], [-95.46249140778505, 36.999359654815294], [-95.46150399102649, 36.99931475491263], [-95.46074100591929, 36.999269829172064], [-95.45984335156051, 36.99926989292514], [-95.45890076541623, 36.999269889374425], [-95.4579133296457, 36.99922495982704], [-95.45710544739406, 36.99922496503507], [-95.45616290563107, 36.99922493742571], [-95.4538290089563, 36.99926988432043], [-95.4529313013736, 36.999269815981954], [-95.45284157935754, 36.99926984738511], [-95.45279663843542, 36.999314720787424], [-95.45266197580925, 36.999314771370706], [-95.45189902676226, 36.99931472190328], [-95.45118086744131, 36.99931473740653], [-95.45001388746807, 36.99931474169403], [-95.44952020298095, 36.99931474771073], [-95.44947526462724, 36.99931476566655], [-95.44929575144353, 36.999269890370854], [-95.44916109692942, 36.99926985485992], [-95.44772485483534, 36.99931469871901], [-95.44660280041103, 36.99926987975292], [-95.44382002625913, 36.999269836529486], [-95.44278767366124, 36.99926989353769], [-95.44090259016053, 36.99926984613645], [-95.44054353738183, 36.99926986041952], [-95.43578587798447, 36.99926989437719], [-95.43309291388633, 36.99926981969965], [-95.43156690041131, 36.999269875275324], [-95.43147713146044, 36.99926989250305], [-95.43143220706875, 36.999269821212], [-95.43075898485328, 36.9992698642199], [-95.4305794495904, 36.999269815547876], [-95.42788640738554, 36.999269870176065], [-95.42645013202944, 36.99926984619852], [-95.42573204765321, 36.999269866042354], [-95.42564228773132, 36.99926987839861], [-95.42438550355828, 36.99926988740608], [-95.42357760809448, 36.999269826037256], [-95.4219618509354, 36.999314704057085], [-95.41626166335837, 36.99931469938554], [-95.41572303405287, 36.99931473227872], [-95.41388286158443, 36.99931473774982], [-95.41352381620304, 36.999314750821895], [-95.41347890571986, 36.99931475373652], [-95.41338916476968, 36.999314755869825], [-95.41334425439089, 36.999314758728204], [-95.41316469313523, 36.999314766334685], [-95.41123470448825, 36.99931473564055], [-95.40768894147064, 36.99931474534639], [-95.40759920949027, 36.999314742648316], [-95.4058936091687, 36.99931470986705], [-95.40531017211335, 36.999314772044606], [-95.39974464437813, 36.99931470505563], [-95.3971862902922, 36.99931471854715], [-95.3955704703075, 36.999314707752696], [-95.39516648241901, 36.99931474392778], [-95.39000492068467, 36.99931475227611], [-95.38964586362714, 36.99931477460399], [-95.38960097166682, 36.9993147675501], [-95.38542681068529, 36.99931473606687], [-95.38488822864387, 36.99935964617758], [-95.38255432462711, 36.99935963080814], [-95.38102828462394, 36.99935960314574], [-95.3772580436149, 36.999359623961965], [-95.37528325365939, 36.99935964050284], [-95.37501388949215, 36.999359647275455], [-95.37335325081169, 36.99935964186877], [-95.37254534879325, 36.99935963844981], [-95.37142323260765, 36.9994044701705], [-95.37115396629743, 36.99940446368451], [-95.37101933361319, 36.99940450104307], [-95.3700318771507, 36.999449362696936], [-95.36998700042655, 36.999449347466516], [-95.36850584854992, 36.99940447737526], [-95.36702465482692, 36.99944938832661], [-95.36522938720029, 36.999449382431735], [-95.36325452956213, 36.99944936346101], [-95.36123470991036, 36.999404519873565], [-95.35885593560086, 36.9994045052349], [-95.35827241437173, 36.99940450109121], [-95.3567015109935, 36.99944940438363], [-95.3553999217841, 36.99944938745303], [-95.35423295516027, 36.99940447983981], [-95.35418809072249, 36.9994045397293], [-95.35400855349081, 36.999404537566214], [-95.34830835744745, 36.99940450511999], [-95.34763514442214, 36.999404480011684], [-95.34435867128143, 36.999404517391426], [-95.34413422823572, 36.999404476411065], [-95.34377513714429, 36.99940452354657], [-95.34278774795096, 36.999404540369575], [-95.3413963648432, 36.9993596228247], [-95.34063328533203, 36.999359592000204], [-95.34004986874095, 36.99935965605851], [-95.33798521207349, 36.99935965113077], [-95.33618989085993, 36.99935961235195], [-95.3351126930792, 36.999359592488396], [-95.3347087291566, 36.9994045245716], [-95.33452917281134, 36.999359633792196], [-95.33349685439596, 36.99940448753779], [-95.33291343030665, 36.99940451653115], [-95.33102825520889, 36.99935964819692], [-95.3283353006353, 36.99940448338643], [-95.3281557641719, 36.99940452340224], [-95.32806599615026, 36.99935960156494], [-95.32662972685063, 36.999359582798846], [-95.32662972685063, 36.99940452460038], [-95.32649511833775, 36.99940450986337], [-95.32452023142577, 36.999404494832184], [-95.32276977120057, 36.99940452956065], [-95.3226350919335, 36.99940451357069], [-95.32232097451308, 36.999404524126724], [-95.32196185989928, 36.99940450566232], [-95.32052558343445, 36.99940449439828], [-95.31962794880546, 36.99940446652277], [-95.31940352239221, 36.99940454099021], [-95.31756330671229, 36.999404510820014], [-95.31751839105966, 36.999404477290014], [-95.31294028997313, 36.99944935757041], [-95.31249149023756, 36.99944939647185], [-95.30881108173425, 36.999449416875336], [-95.3043675926111, 36.99949424380036], [-95.294717739925, 36.99953917604291], [-95.29090266943768, 36.99953915914988], [-95.28610016096404, 36.99953913331643], [-95.28188111420754, 36.99953913674183], [-95.28161178826787, 36.9995391729223], [-95.28156690073428, 36.99953912440953], [-95.27999601865628, 36.99953912363563], [-95.27712344807196, 36.99953912142286], [-95.27694391220841, 36.999539164928336], [-95.2746099971702, 36.999539131260505], [-95.27200673696939, 36.999494285402406], [-95.27016652595358, 36.9994942485954], [-95.26958310730662, 36.99949428990804], [-95.26787752467045, 36.99953915908373], [-95.2637033380472, 36.999539137073725], [-95.26356871764385, 36.99953913253328], [-95.26271588999928, 36.99953913769665], [-95.26011269228249, 36.99953913343456], [-95.2555346288798, 36.99953912252541], [-95.25477157423538, 36.99953918704186], [-95.25270695480015, 36.999539153772155], [-95.25171953713546, 36.99953914241008], [-95.25001392902709, 36.999583999597036], [-95.24992420352802, 36.99958403967355], [-95.24983439848478, 36.99958400147567], [-95.24978953585851, 36.999584021448534], [-95.24548073630184, 36.999584067303594], [-95.2448523918539, 36.9995840070429], [-95.24076800263234, 36.99958403043738], [-95.2385238361818, 36.99958406356379], [-95.23641431405787, 36.99958400686386], [-95.23228504188221, 36.999584078202815], [-95.2316566832351, 36.99958402976634], [-95.23098348364064, 36.9995391253188], [-95.22873930335527, 36.99958400023812], [-95.22739274194701, 36.999584053649684], [-95.2242958110932, 36.999584045549845], [-95.22250046308123, 36.999584069778415], [-95.22092960977918, 36.99958401406937], [-95.21962799191209, 36.9995840477667], [-95.2179223862433, 36.99958406611981], [-95.21612707953211, 36.99958407294713], [-95.21352385379774, 36.99958401917532], [-95.2093945656555, 36.999584022859075], [-95.20934973479821, 36.99958402601079], [-95.20602836802632, 36.99958405497846], [-95.2037841344251, 36.99958400007665], [-95.20315577122832, 36.999584044704065], [-95.20198887489056, 36.99958403415771], [-95.19857773512658, 36.99958402164798], [-95.19615403530484, 36.99958406855802], [-95.19566029594118, 36.999584072983374], [-95.18632455601518, 36.99949426003645], [-95.18264414229687, 36.99949425385683], [-95.17730303125488, 36.999539169180416], [-95.17698883578917, 36.99958407049482], [-95.17591168695813, 36.999584060996575], [-95.17339815380502, 36.999628902950604], [-95.1733532717157, 36.999628894611895], [-95.1703012136547, 36.999628944507116], [-95.16850589643468, 36.9996289604184], [-95.16801215833874, 36.99962893046689], [-95.16706965168073, 36.999628953024896], [-95.16518452614825, 36.99962889863324], [-95.16460106653692, 36.99962891127199], [-95.1643766116268, 36.99962893627984], [-95.163523834275, 36.99962895545107], [-95.16303013948735, 36.99962890270533], [-95.16181831799125, 36.99962889185114], [-95.15984346479416, 36.99958402041701], [-95.15899067596803, 36.999584007181156], [-95.15701576202713, 36.999584040318815], [-95.15652204427889, 36.99958404295655], [-95.15602833082563, 36.99958404333574], [-95.15540001785321, 36.99958407581879], [-95.15526533480542, 36.999584031736106], [-95.15522046704477, 36.999584015854666], [-95.15477163228522, 36.999584026366485], [-95.15436766812662, 36.999584051266396], [-95.15405351996435, 36.99958402226791], [-95.15297624919894, 36.999584053196756], [-95.15100138546612, 36.99958406490662], [-95.14956518580732, 36.999584005209435], [-95.1468272401163, 36.99958406049454], [-95.14664771643942, 36.99958406799732], [-95.14597448782783, 36.999584033038595], [-95.14144129984757, 36.99958401288834], [-95.14045382162158, 36.99958405065702], [-95.13933179491661, 36.99958401199266], [-95.13816477709842, 36.999584027298354], [-95.13731199605294, 36.999584020017586], [-95.13726714249513, 36.999583996674296], [-95.13690807672971, 36.99962893358296], [-95.13654901323956, 36.99958404990385], [-95.13300319459042, 36.999628900227194], [-95.13232996899404, 36.99962895053886], [-95.13192600566886, 36.99962889835514], [-95.13138741888996, 36.99958406516697], [-95.130983462287, 36.999584009437925], [-95.13053466033755, 36.999539138632855], [-95.13022048518549, 36.9995839980327], [-95.12855978317482, 36.99953918272524], [-95.1281109209179, 36.99953917440758], [-95.12689912986664, 36.99958399863272], [-95.12501398759063, 36.99958403667152], [-95.12312890808828, 36.99958404179816], [-95.1221414310398, 36.99958400753165], [-95.1211091304583, 36.99953914632347], [-95.11917918277112, 36.999584010586766], [-95.11702479492952, 36.99958407107744], [-95.11464599258781, 36.999584020488065], [-95.11303018437575, 36.99958404890744], [-95.11208763765447, 36.999584041268825], [-95.11199781155395, 36.99958406217603], [-95.11024742345685, 36.99958403589735], [-95.10674649188056, 36.99958407535209], [-95.10459210072862, 36.99958407178801], [-95.10396372230568, 36.999584077554985], [-95.1030211677714, 36.99958399761957], [-95.1024377122175, 36.99958402866229], [-95.10109120149835, 36.99958402331018], [-95.10046286200412, 36.999584008709995], [-95.10010379129467, 36.99958404640359], [-95.09983445002273, 36.99958407559495], [-95.0992061245052, 36.99958405368397], [-95.09812894318557, 36.99958406891937], [-95.09669265390733, 36.999584021442445], [-95.09660285227176, 36.99958402954786], [-95.09575006173189, 36.99958404833612], [-95.0948524641282, 36.99958401943638], [-95.09332638227862, 36.9995840189124], [-95.092383846288, 36.99958401643294], [-95.09162083356604, 36.999584001428644], [-95.0908129349592, 36.99958402353794], [-95.0889278037109, 36.99958405503124], [-95.08883809388325, 36.99958405328116], [-95.08870341022016, 36.99958401475143], [-95.08578597874317, 36.999584037820625], [-95.08408041949043, 36.99958407495712], [-95.08304809890188, 36.99958407718103], [-95.08022049688977, 36.999539173594535], [-95.07959207186045, 36.99953913290222], [-95.0773030273497, 36.99953915130455], [-95.07645029006463, 36.99953919137308], [-95.07568725445046, 36.99953915572552], [-95.07546283417601, 36.99953917306255], [-95.07398168276639, 36.999539128676645], [-95.07348797427645, 36.99953919110318], [-95.07254545189225, 36.99953919256219], [-95.06662083033375, 36.999584037700934], [-95.06482554363704, 36.99953915080765], [-95.05863163615663, 36.99953915814316], [-95.05490631159641, 36.999584064278935], [-95.05333541191406, 36.99958406099132], [-95.05140539829513, 36.99958400940263], [-95.04947545086213, 36.999584005087954], [-95.0467824490811, 36.999628946773676], [-95.04341621933962, 36.99962890438436], [-95.04247364442209, 36.999628912523214], [-95.04085783846054, 36.99962893070829], [-95.0397357253768, 36.99962892683023], [-95.0387932121502, 36.999628902879365], [-95.03861363468694, 36.99962891130506], [-95.03816485231435, 36.99962888346833], [-95.03811991870255, 36.999628907457804], [-95.03794042277764, 36.99958403806355], [-95.03740177966763, 36.99958405480858], [-95.03583089243568, 36.999539189101675], [-95.0353372008911, 36.99949429899165], [-95.03524741760782, 36.99949425949099], [-95.03502299971888, 36.99949428133761], [-95.03493321693749, 36.999494241576016], [-95.0348883652923, 36.99949426085496], [-95.0347088003031, 36.99949426277044], [-95.034663948837, 36.99949428195629], [-95.03457416662918, 36.99949424189649], [-95.033721361881, 36.99949430212196], [-95.03116302528407, 36.99949427896496], [-95.03031027230259, 36.99953918602194], [-95.02654007335174, 36.99953915754641], [-95.01522948726446, 36.99953916447377], [-95.0114143571005, 36.999539157078], [-95.01065140980852, 36.99953918648601], [-95.00836231281006, 36.999539174047676], [-95.0076442368808, 36.99949429920634], [-95.00759932768617, 36.999494228771965], [-95.00728512301956, 36.99949430070041], [-95.00629769077305, 36.99949427321536], [-95.00611813786641, 36.99949423100637], [-95.00602840130001, 36.99949424898953], [-95.00598349339937, 36.99949425962336], [-95.00589375704844, 36.999494277494804], [-95.00580402084111, 36.99949429529182], [-95.00562446951521, 36.999494252263275], [-95.00463698717037, 36.99949429469619], [-95.00432279910233, 36.99949427627999], [-95.00023843510988, 36.99949428411644], [-94.99615405141532, 36.999539189820574], [-94.99516665657794, 36.99949427386718], [-94.99341616975511, 36.999539187520504], [-94.9930122495345, 36.99949427164122], [-94.98610020770475, 36.99949429405699], [-94.98412539334882, 36.99949428201504], [-94.98358679086586, 36.99949429597677], [-94.98201582385978, 36.999494242688904], [-94.98147724167652, 36.999494246149204], [-94.97941257926438, 36.99949424066685], [-94.97703379940921, 36.999494268256946], [-94.97671960755135, 36.99949425807198], [-94.97591169373378, 36.99949430943455], [-94.97523844113226, 36.99949427951071], [-94.9749242593579, 36.999494264112684], [-94.96989735310959, 36.99949423059956], [-94.96935872900845, 36.999494262117274], [-94.96828157566196, 36.99949423205511], [-94.96805710855662, 36.999449415228675], [-94.96778784436599, 36.99944938420366], [-94.96724924058782, 36.99944940519816], [-94.96702485691489, 36.999449377715415], [-94.96644130500734, 36.999449392448355], [-94.96621692457748, 36.99944936329041], [-94.9642420192169, 36.999449348417585], [-94.96159393676731, 36.99944935277733], [-94.95876626164178, 36.999449348287946], [-94.95858678187861, 36.999449394012764], [-94.95836235371048, 36.99944935187689], [-94.95809305695384, 36.999404504762346], [-94.95737491219187, 36.999404527806995], [-94.95710562019562, 36.99940447349971], [-94.95306615825284, 36.99935961030673], [-94.94996918167072, 36.999314698321726], [-94.94920612050353, 36.99931474282213], [-94.94839828732738, 36.999314765383616], [-94.94458319317876, 36.99926983754752], [-94.94063347636676, 36.999224983914374], [-94.94049883095822, 36.99922493764517], [-94.9403641858747, 36.99922497295335], [-94.93619003252157, 36.99922493492774], [-94.93426000926263, 36.99918012782565], [-94.93237490159147, 36.99918010262741], [-94.93152214704801, 36.99918007413783], [-94.93066932631412, 36.999180123963264], [-94.92855987327503, 36.999135223855696], [-94.9281110216357, 36.999135187852836], [-94.92685425627866, 36.999090312996856], [-94.92272500474525, 36.99913518620583], [-94.92245572152999, 36.99913521571343], [-94.9210194871462, 36.99909034996165], [-94.9182367250337, 36.99913517098304], [-94.9161271882157, 36.99913517528027], [-94.90845209562806, 36.9990903236175], [-94.9043677677834, 36.99904547470944], [-94.90414332021139, 36.9990454116971], [-94.90387404767858, 36.999000518593945], [-94.89512181640428, 36.99895563781633], [-94.89310207757535, 36.998955702131816], [-94.88991532018643, 36.9989107753162], [-94.88627975625285, 36.99886589157079], [-94.88623486543746, 36.998865937553745], [-94.88610027238127, 36.99886590863892], [-94.88484350566806, 36.998865872551654], [-94.8780661329214, 36.99886587108037], [-94.87676450657587, 36.99886587211798], [-94.87187222241167, 36.998865940445704], [-94.8707052967538, 36.998865915292654], [-94.8701666813409, 36.998865901190946], [-94.86819185566962, 36.99886590617369], [-94.86792251993936, 36.99886589483156], [-94.86778789213781, 36.998865928165216], [-94.86689022352263, 36.99886588009012], [-94.86294048013566, 36.99886591435969], [-94.8586765420337, 36.99882101800781], [-94.85858680509656, 36.998821005338584], [-94.85840725252544, 36.998820983010035], [-94.85836238425672, 36.99882101744915], [-94.85737497501047, 36.99882104757254], [-94.85441261545665, 36.99886589384418], [-94.85347014086553, 36.99886593738686], [-94.85338033323437, 36.99886592364058], [-94.85324566162333, 36.99886594214326], [-94.85320079753419, 36.99886589269583], [-94.85288659167773, 36.998865879510284], [-94.85221340114599, 36.99886587907481], [-94.8519440639252, 36.99886591301345], [-94.85162986519722, 36.99886589618524], [-94.85154013967258, 36.99886587768654], [-94.85145033517043, 36.998865944093666], [-94.85118108078254, 36.99886589115652], [-94.84978965066871, 36.99882102336499], [-94.84934080204529, 36.998821013924776], [-94.84911641865754, 36.99882100689473], [-94.8484431948307, 36.998820986243565], [-94.84821873596171, 36.99882106233369], [-94.84812901596335, 36.998821041007766], [-94.84785969860505, 36.99882098303468], [-94.84776990007084, 36.99882104638935], [-94.84678252138693, 36.998820986485555], [-94.84669272459965, 36.99882104894804], [-94.84557063306167, 36.998820991420125], [-94.84467300785077, 36.99882101749961], [-94.84435877126397, 36.998820982807814], [-94.84310208008732, 36.998820988773645], [-94.84189019322181, 36.9988210375426], [-94.84090276118887, 36.998776129741834], [-94.84067833289159, 36.998776108458856], [-94.84027441171409, 36.99877611609902], [-94.83681841938187, 36.998776106646595], [-94.83538210510744, 36.99877614107284], [-94.83470889012177, 36.998776123303834], [-94.83268913613351, 36.99877613310047], [-94.83201587482934, 36.99877610182564], [-94.83152216562797, 36.998776130308215], [-94.8310733069544, 36.99877613341471], [-94.8303552197475, 36.99877611495725], [-94.82730311702993, 36.998776099300045], [-94.82707874390634, 36.998776131626045], [-94.82645039328312, 36.998731242860806], [-94.82622594453377, 36.99873127662224], [-94.82541807893627, 36.99873127408484], [-94.8230392344277, 36.99873121697426], [-94.82227625439255, 36.99873125296433], [-94.8220069047111, 36.99873121893456], [-94.82115410451382, 36.998731292178825], [-94.82088483938132, 36.99873125215654], [-94.82079508462874, 36.99873129317049], [-94.82052574216716, 36.99873125546208], [-94.82043598799791, 36.99873121442391], [-94.82030131747825, 36.998731276962346], [-94.81998714026079, 36.998731256588584], [-94.81989738696647, 36.99873121510465], [-94.81648623724507, 36.998731244396886], [-94.81370349670279, 36.9986863657168], [-94.81347909973032, 36.99873125687503], [-94.80899079834535, 36.99873124770053], [-94.80136056695181, 36.99873122880689], [-94.8000141046032, 36.99877617676845], [-94.7952115973098, 36.99877614193944], [-94.79507690927693, 36.998776176362156], [-94.79458321405401, 36.99877613126159], [-94.79247371665407, 36.9987761262846], [-94.78726722598134, 36.998731218244885], [-94.78668374335372, 36.998731238508554], [-94.78654915518624, 36.998731259159726], [-94.78443957011194, 36.998731277317646], [-94.78417032604236, 36.99873123430725], [-94.78376634386618, 36.99873121418577], [-94.78367657045155, 36.998731227678476], [-94.78349702406113, 36.99873125444111], [-94.78345213755496, 36.998731261085354], [-94.78318289831107, 36.99873121562484], [-94.78246472269625, 36.9987312358677], [-94.78219540925457, 36.998731272892606], [-94.7820158676916, 36.99873121544658], [-94.78192617615288, 36.998731224313914], [-94.78116313228138, 36.998731241936966], [-94.7808938252034, 36.99873127573163], [-94.78017567943301, 36.99873128082525], [-94.77797641626238, 36.99868638666395], [-94.7773031899932, 36.998686368340316], [-94.77725830853457, 36.9986863724208], [-94.7770787830659, 36.99868638855713], [-94.77698894153482, 36.99873128503693], [-94.77654013115624, 36.99868635659916], [-94.77636060802914, 36.99868637154744], [-94.77586692244778, 36.9986863293655], [-94.77443061335639, 36.99868635631297], [-94.77393694508143, 36.99868638711007], [-94.77384710867716, 36.99868639563967], [-94.77344320222241, 36.998686337074034], [-94.77330856739609, 36.99868634447099], [-94.77214158801003, 36.99868640792208], [-94.7685957659029, 36.99868636630733], [-94.76742880744382, 36.99868638225421], [-94.76724931403248, 36.998686382132455], [-94.76401774278906, 36.99868636082693], [-94.76177354540734, 36.99864149166175], [-94.75903566804253, 36.998641516281815], [-94.75881125661493, 36.99864150188633], [-94.75858684610327, 36.9986414870269], [-94.75468196548778, 36.99864149261852], [-94.75266221862117, 36.99859663366847], [-94.75257249593982, 36.99859662142978], [-94.75158500325466, 36.998596585757355], [-94.74983460293811, 36.998596596343354], [-94.74969994691924, 36.99859657760611], [-94.74803924281335, 36.99859657701214], [-94.74759043169301, 36.99864147384995], [-94.74597464725507, 36.99864144993116], [-94.74498719418312, 36.99864152096468], [-94.74494233909083, 36.998641511685264], [-94.7431918345506, 36.99864150961539], [-94.74242885409248, 36.998641519150006], [-94.74067842967318, 36.99868636348174], [-94.7387484238228, 36.99864144970722], [-94.73740191340687, 36.998641453879635], [-94.7361002838541, 36.99868634142294], [-94.73583103949511, 36.99868635150313], [-94.73282380400626, 36.99868635369855], [-94.73179150625472, 36.99868638167083], [-94.73161197132829, 36.99868641069105], [-94.73152220408538, 36.998686384208895], [-94.73143243698934, 36.99868635765253], [-94.73093876006159, 36.99868637221985], [-94.72896385993342, 36.99868633570193], [-94.72829060221726, 36.99868636571557], [-94.72779687461808, 36.998686369138895], [-94.72752759205864, 36.998686361771384], [-94.72636063730204, 36.99868637977517], [-94.72591176658092, 36.9986863915806], [-94.72550781765014, 36.998686333954815], [-94.72443066136226, 36.9986863626745], [-94.72402672334191, 36.99868638130237], [-94.72398180643887, 36.99868636650341], [-94.72384713489038, 36.998686400622375], [-94.7233085309432, 36.998686368768595], [-94.72268017951497, 36.998686382215965], [-94.72254551116356, 36.99868633295841], [-94.722455758759, 36.99868638074516], [-94.72241092208071, 36.99868636216236], [-94.72200692000298, 36.998731264098616], [-94.71989744285972, 36.99873126740993], [-94.71819186001643, 36.99873123743993], [-94.71787771272646, 36.9987312707128], [-94.71747374405902, 36.9987312681188], [-94.71702486716649, 36.99873124634834], [-94.71698003493043, 36.99873122552552], [-94.71666581565741, 36.998776146307755], [-94.71630676650085, 36.99877615721126], [-94.71531937371891, 36.99877614097696], [-94.71496025445772, 36.998776150558534], [-94.71455630729716, 36.99877613713152], [-94.7132547463468, 36.99877612802959], [-94.71280590401585, 36.99877617060694], [-94.71276099630784, 36.998776151171846], [-94.71271608863664, 36.99877613171817], [-94.71262635232839, 36.99877617139135], [-94.71258144476757, 36.99877615188202], [-94.71249170867986, 36.99877610968068], [-94.7124018938158, 36.9987761522954], [-94.71217751514592, 36.998776129608906], [-94.7120877797199, 36.998776168837196], [-94.71195305847239, 36.9987761095855], [-94.71154913348424, 36.99877616673908], [-94.71141449248341, 36.99877610369313], [-94.71127985181354, 36.99877612224366], [-94.71123494535657, 36.998776102177644], [-94.7111900389364, 36.99877616385645], [-94.7111452114746, 36.99877614062732], [-94.71110030512801, 36.99877612050564], [-94.71105539881822, 36.9987761003654], [-94.7102923917864, 36.99877614833116], [-94.7018094294534, 36.99864147643702], [-94.70010393634358, 36.99868639677549], [-94.69130674346694, 36.998821025147706], [-94.68672869806524, 36.99877615554753], [-94.68578617208642, 36.99873127903562], [-94.68116315502174, 36.99868641074189], [-94.67438579822085, 36.998686385428734], [-94.66864068558627, 36.99868634316105], [-94.66814702274814, 36.99868633953053], [-94.6680123308512, 36.99868639243543], [-94.66760841487188, 36.99868638042621], [-94.6674737243039, 36.99868635089692], [-94.66545403651159, 36.99868635378795], [-94.66482563960467, 36.99868638773469], [-94.66136962538114, 36.99868638531609], [-94.65943965469774, 36.99868636705521], [-94.65741987003437, 36.99868639966322], [-94.65050789514235, 36.9986863479354], [-94.64000521916877, 36.998686350142435], [-94.63102849395726, 36.99868636431609], [-94.63084897454954, 36.99868640283317], [-94.62609137441319, 36.998955664679634], [-94.62514879263853, 36.9990005771773], [-94.6246102155835, 36.99900058417703], [-94.61796752085203, 36.99891080303023], [-94.61792261232488, 37.000077764346784], [-94.61792261232488, 37.000167546679556], [-94.61796752085203, 37.00187311834209], [-94.61792261232488, 37.002501439727226], [-94.61792261232488, 37.00272588789682], [-94.61792261232488, 37.00380306596997], [-94.61792261232488, 37.00438653759955], [-94.61792261232488, 37.004745645060666], [-94.61792261232488, 37.004835421649744], [-94.61792261232488, 37.005598436433296], [-94.61792261232488, 37.00586768095804], [-94.61792261232488, 37.00636144323598], [-94.61787770383482, 37.00775280020053], [-94.61792261232488, 37.00909927356744], [-94.61801235062927, 37.009099305032336], [-94.61796752085203, 37.01215132487037], [-94.61792261232488, 37.01470968134858], [-94.61801235062927, 37.03091258733053], [-94.61801235062927, 37.03095745952269], [-94.61796752085203, 37.032528402077354], [-94.61796752085203, 37.03261814444632], [-94.61796752085203, 37.03275275779237], [-94.61796752085203, 37.032887452621786], [-94.61796752085203, 37.03297719454821], [-94.61796752085203, 37.03683713693099], [-94.61796752085203, 37.03997901226667], [-94.61796752085203, 37.04042784052849], [-94.61796752085203, 37.04047270685769], [-94.61796752085203, 37.04051757315922], [-94.61801235062927, 37.04271686197885], [-94.61805725923054, 37.043479860557795], [-94.61805725923054, 37.04356967113775], [-94.61805725923054, 37.04365939988672], [-94.61805725923054, 37.04374921024506], [-94.61805725923054, 37.0438389387726], [-94.61801235062927, 37.04406336946343], [-94.61792261232488, 37.04469176251173], [-94.61787770383482, 37.04509572639335], [-94.61792261232488, 37.045903563059035], [-94.61792261232488, 37.04729495551594], [-94.61792261232488, 37.048641460092064], [-94.61787770383482, 37.049090344936], [-94.61787770383482, 37.05137936415713], [-94.61792261232488, 37.051962834965074], [-94.61792261232488, 37.05330933482736], [-94.61783287416858, 37.05636141197689], [-94.61783287416858, 37.056406268483975], [-94.61783287416858, 37.05681022091828], [-94.61783287416858, 37.05707952129407], [-94.61783287416858, 37.05793227200064], [-94.61783287416858, 37.05820164992322], [-94.61783287416858, 37.05856065552689], [-94.61783287416858, 37.05968276129005], [-94.61783287416858, 37.060086695515395], [-94.61783287416858, 37.06071506041493], [-94.61783287416858, 37.06152299684524], [-94.61783287416858, 37.06260020421301], [-94.61783287416858, 37.06327339964732], [-94.61787770383482, 37.06331830779661], [-94.61787770383482, 37.063408093890075], [-94.61787770383482, 37.063452946046255], [-94.61787770383482, 37.063497879872585], [-94.61787770383482, 37.06363251778948], [-94.61787770383482, 37.06367736980713], [-94.61787770383482, 37.06372222179708], [-94.61783287416858, 37.064530150597946], [-94.61787770383482, 37.064799478213445], [-94.61787770383482, 37.065742003203546], [-94.61787770383482, 37.06713342452293], [-94.61787770383482, 37.068120850198774], [-94.61787770383482, 37.0691980413891], [-94.61787770383482, 37.069422447402], [-94.61792261232488, 37.0700957138246], [-94.61792261232488, 37.07032011705461], [-94.61792261232488, 37.070499671815355], [-94.61792261232488, 37.070903545869676], [-94.61792261232488, 37.07103825174468], [-94.61792261232488, 37.071128028292776], [-94.61787770383482, 37.07130752856295], [-94.61787770383482, 37.07135237584177], [-94.61787770383482, 37.07139730478187], [-94.61792261232488, 37.07148705168648], [-94.61792261232488, 37.071531980541394], [-94.61792261232488, 37.07162167479042], [-94.61792261232488, 37.071891001937985], [-94.61792261232488, 37.07198077743186], [-94.61792261232488, 37.07202562429306], [-94.61792261232488, 37.07207055281476], [-94.61792261232488, 37.0721153996205], [-94.61792261232488, 37.07229494994243], [-94.61792261232488, 37.072833598244415], [-94.61792261232488, 37.07301306510333], [-94.61792261232488, 37.07337216086391], [-94.61792261232488, 37.0743595833627], [-94.61792261232488, 37.07467374558069], [-94.61792261232488, 37.074718672463824], [-94.61792261232488, 37.07476351763402], [-94.61792261232488, 37.07480844446162], [-94.61792261232488, 37.074853289576346], [-94.61792261232488, 37.07503283312799], [-94.61792261232488, 37.07507775978895], [-94.61792261232488, 37.075571461118884], [-94.61787770383482, 37.076199803103435], [-94.61792261232488, 37.07700770120807], [-94.61792261232488, 37.0772770083768], [-94.61792261232488, 37.07750138941314], [-94.61792261232488, 37.077725851437755], [-94.61792261232488, 37.078443994562484], [-94.61792261232488, 37.07866837199146], [-94.61792261232488, 37.078713296402455], [-94.61792261232488, 37.07880306346042], [-94.61792261232488, 37.07893767299895], [-94.61792261232488, 37.07907236396816], [-94.61792261232488, 37.079341663476704], [-94.61792261232488, 37.07947627201635], [-94.61792261232488, 37.07952119592729], [-94.61792261232488, 37.079655804133964], [-94.61792261232488, 37.0797904937705], [-94.61792261232488, 37.08023932128868], [-94.61792261232488, 37.08037392816347], [-94.61792261232488, 37.08046369316754], [-94.61792261232488, 37.08055345806058], [-94.61792261232488, 37.08091251652247], [-94.61792261232488, 37.08104720382673], [-94.61792261232488, 37.08113696799802], [-94.61792261232488, 37.08118189088101], [-94.61792261232488, 37.08127165488572], [-94.61792261232488, 37.08131649600753], [-94.61792261232488, 37.082214211069925], [-94.61792261232488, 37.0825732613148], [-94.61792261232488, 37.08499696734466], [-94.61792261232488, 37.08593947513768], [-94.61796752085203, 37.08602928511248], [-94.61805725923054, 37.08634342182422], [-94.61810216786891, 37.08643323121551], [-94.61805725923054, 37.08656785647265], [-94.61805725923054, 37.08701672368643], [-94.61801235062927, 37.08715134787185], [-94.61805725923054, 37.087555262671835], [-94.61805725923054, 37.08885691955341], [-94.61805725923054, 37.08926085475507], [-94.61805725923054, 37.089305690933735], [-94.61805725923054, 37.0906522334162], [-94.61805725923054, 37.09105615861915], [-94.61805725923054, 37.091235743727914], [-94.61810216786891, 37.09347987740611], [-94.61810216786891, 37.0936593748413], [-94.61805725923054, 37.09383898368781], [-94.61796752085203, 37.094287781542164], [-94.61792261232488, 37.09446730716161], [-94.61792261232488, 37.09487129282642], [-94.61796752085203, 37.09621778355706], [-94.61796752085203, 37.09662167779066], [-94.61801235062927, 37.0976091649172], [-94.61801235062927, 37.09769890858615], [-94.61801235062927, 37.097833564710854], [-94.61805725923054, 37.09810284586202], [-94.61805725923054, 37.098417068552884], [-94.61810216786891, 37.09918005139763], [-94.61810216786891, 37.099673751949865], [-94.61805725923054, 37.1008407347542], [-94.61805725923054, 37.10187301997381], [-94.61805725923054, 37.10227696431631], [-94.61801235062927, 37.10348881440175], [-94.61801235062927, 37.10353372343633], [-94.61801235062927, 37.10398256729449], [-94.61801235062927, 37.10496998133499], [-94.61805725923054, 37.10797718153866], [-94.61805725923054, 37.10896462274122], [-94.61805725923054, 37.109054352343726], [-94.61805725923054, 37.10932370377677], [-94.61805725923054, 37.10941343293444], [-94.61801235062927, 37.11017644288661], [-94.61801235062927, 37.11242059187407], [-94.61801235062927, 37.11318362097774], [-94.61805725923054, 37.11435056970641], [-94.61814699775717, 37.117761699572405], [-94.61814699775717, 37.118928687013316], [-94.61814699775717, 37.12014055437193], [-94.61810216786891, 37.12373124822344], [-94.61810216786891, 37.12494303521328], [-94.61805725923054, 37.12588562623472], [-94.61801235062927, 37.12871326282878], [-94.61796752085203, 37.12965580186128], [-94.61796752085203, 37.1298353729229], [-94.61796752085203, 37.13037392018781], [-94.61792261232488, 37.130553439481744], [-94.61792261232488, 37.13068811615388], [-94.61792261232488, 37.13100227912515], [-94.61792261232488, 37.13109206304391], [-94.61792261232488, 37.1311369549615], [-94.61792261232488, 37.13136133251006], [-94.61787770383482, 37.13207946561352], [-94.61783287416858, 37.13234884164588], [-94.61783287416858, 37.132618106454935], [-94.61783287416858, 37.133111824017114], [-94.61783287416858, 37.13347086695814], [-94.61783287416858, 37.13374020920804], [-94.61783287416858, 37.13387479833821], [-94.61778796575264, 37.13468276769743], [-94.61778796575264, 37.13742057996578], [-94.61778796575264, 37.13836314037953], [-94.61783287416858, 37.13917107754352], [-94.61801235062927, 37.141549841327944], [-94.61805725923054, 37.14235774248028], [-94.61805725923054, 37.14267193631515], [-94.61805725923054, 37.14289635964657], [-94.61805725923054, 37.14321055113969], [-94.61805725923054, 37.143524741266766], [-94.61814699775717, 37.14850681780148], [-94.6182368152192, 37.15164860661066], [-94.6182368152192, 37.15182812299481], [-94.6182368152192, 37.15187300202113], [-94.6182368152192, 37.152097478332344], [-94.6182368152192, 37.15214235719127], [-94.61819190646963, 37.152321904986515], [-94.61819190646963, 37.152501419704485], [-94.61819190646963, 37.152860447801764], [-94.6182368152192, 37.1531297666288], [-94.61819190646963, 37.15312979930016], [-94.6182368152192, 37.15321952303579], [-94.6182368152192, 37.15461089626844], [-94.6182368152192, 37.158785099872645], [-94.6182368152192, 37.15954804760878], [-94.6182368152192, 37.16017644744108], [-94.6182368152192, 37.163452898521406], [-94.61828164521849, 37.1636773087719], [-94.61819190646963, 37.16417104026926], [-94.61819190646963, 37.16488922336136], [-94.61819190646963, 37.165966362223514], [-94.61819190646963, 37.166235664822075], [-94.61819190646963, 37.1691531403841], [-94.61819190646963, 37.170544451265805], [-94.61819190646963, 37.171262652490526], [-94.61819190646963, 37.17193589846207], [-94.6182368152192, 37.17350674778529], [-94.6182368152192, 37.17413510762414], [-94.6182368152192, 37.17476354356005], [-94.6182368152192, 37.17602023585943], [-94.6182368152192, 37.17848885543788], [-94.61828164521849, 37.17983533852411], [-94.61828164521849, 37.18113696632235], [-94.61828164521849, 37.181181827119595], [-94.61828164521849, 37.18145115444622], [-94.61828164521849, 37.181540875621685], [-94.61828164521849, 37.18163067825002], [-94.61828164521849, 37.181855061984876], [-94.61828164521849, 37.181944864221755], [-94.61828164521849, 37.18212438679581], [-94.61828164521849, 37.18275275306526], [-94.61828164521849, 37.18297713330675], [-94.61832655404217, 37.18396457616321], [-94.61832655404217, 37.18558038100447], [-94.61832655404217, 37.186433168144156], [-94.61832655404217, 37.18683712930201], [-94.61832655404217, 37.18782455318932], [-94.61832655404217, 37.18804899918617], [-94.61832655404217, 37.18863245763756], [-94.61832655404217, 37.188856901117404], [-94.61832655404217, 37.190023800208294], [-94.61832655404217, 37.19352471026624], [-94.61832655404217, 37.194467271537185], [-94.61832655404217, 37.19455705805051], [-94.61832655404217, 37.194691696835704], [-94.61832655404217, 37.19482633536917], [-94.61832655404217, 37.194960973650915], [-94.61828164521849, 37.19599333530415], [-94.61828164521849, 37.197205132735554], [-94.6182368152192, 37.20290531307984], [-94.61819190646963, 37.20470068345391], [-94.61819190646963, 37.20716921725096], [-94.61819190646963, 37.207303913999574], [-94.61819190646963, 37.207662995382954], [-94.61819190646963, 37.20775276544877], [-94.61819190646963, 37.2084259966051], [-94.61814699775717, 37.2092787928425], [-94.61814699775717, 37.21049061134599], [-94.61810216786891, 37.21116384884756], [-94.61810216786891, 37.21174736469128], [-94.61810216786891, 37.21255524544726], [-94.61810216786891, 37.21340803938717], [-94.61814699775717, 37.21681916337941], [-94.61814699775717, 37.21825545125842], [-94.61814699775717, 37.218838909537745], [-94.61814699775717, 37.21901842166765], [-94.61814699775717, 37.22126261154953], [-94.61814699775717, 37.22202563156196], [-94.61814699775717, 37.22269889217318], [-94.61814699775717, 37.22467372097769], [-94.61814699775717, 37.225212293823226], [-94.61814699775717, 37.225346956782694], [-94.61814699775717, 37.2257060296027], [-94.61814699775717, 37.2260202677948], [-94.61814699775717, 37.22664857702937], [-94.61814699775717, 37.22682815116827], [-94.61814699775717, 37.227187216586785], [-94.61814699775717, 37.227636025458516], [-94.61814699775717, 37.228129744584216], [-94.61814699775717, 37.22889277319815], [-94.61810216786891, 37.22934160409557], [-94.61810216786891, 37.229431347104274], [-94.61810216786891, 37.229790399528035], [-94.61810216786891, 37.22992505391302], [-94.61810216786891, 37.230329015553615], [-94.61810216786891, 37.23140623548959], [-94.61810216786891, 37.23149597591907], [-94.61796752085203, 37.23185504088234], [-94.61796752085203, 37.23203460203743], [-94.61805725923054, 37.23257321421369], [-94.61805725923054, 37.23275269205199], [-94.61814699775717, 37.233066912245334], [-94.61814699775717, 37.23360550368067], [-94.61814699775717, 37.236298481774845], [-94.61814699775717, 37.236433123953546], [-94.61814699775717, 37.23719614586521], [-94.61814699775717, 37.23728596055793], [-94.61814699775717, 37.237510333795754], [-94.61814699775717, 37.23760014809546], [-94.61814699775717, 37.238183612303324], [-94.61810216786891, 37.23988918540999], [-94.61805725923054, 37.240427761877605], [-94.61805725923054, 37.24101128465144], [-94.61801235062927, 37.24271679386518], [-94.61801235062927, 37.24325539447969], [-94.61801235062927, 37.24330029805546], [-94.61801235062927, 37.24343492711971], [-94.61801235062927, 37.243479830583155], [-94.61801235062927, 37.24356955593143], [-94.61805725923054, 37.24379403624897], [-94.61805725923054, 37.24388376120075], [-94.61805725923054, 37.24419791988904], [-94.61810216786891, 37.24509561189615], [-94.61810216786891, 37.24536494450677], [-94.61810216786891, 37.2457689007815], [-94.61810216786891, 37.24689095339552], [-94.61810216786891, 37.24702557571286], [-94.61805725923054, 37.24725003646443], [-94.61801235062927, 37.251199793316864], [-94.61801235062927, 37.25263604581816], [-94.61801235062927, 37.255014852152], [-94.61801235062927, 37.25537393961573], [-94.61805725923054, 37.25663065401867], [-94.61805725923054, 37.25734872945818], [-94.61805725923054, 37.2619268718332], [-94.61810216786891, 37.263901725232564], [-94.61810216786891, 37.26399150650059], [-94.61805725923054, 37.26587659848963], [-94.61801235062927, 37.26798608191939], [-94.61801235062927, 37.27422484987666], [-94.61801235062927, 37.27628949324699], [-94.61801235062927, 37.27705249855979], [-94.61796752085203, 37.278578519425835], [-94.61796752085203, 37.279341581833485], [-94.61796752085203, 37.280149435157156], [-94.61796752085203, 37.28203455369766], [-94.61796752085203, 37.28225894987209], [-94.61796752085203, 37.28867727857114], [-94.61796752085203, 37.29083166007054], [-94.61792261232488, 37.29496094509388], [-94.61796752085203, 37.295409780196486], [-94.61796752085203, 37.295499521973994], [-94.61792261232488, 37.29639721626294], [-94.61792261232488, 37.29693582069426], [-94.61787770383482, 37.3004366891682], [-94.61787770383482, 37.30627154070439], [-94.61787770383482, 37.30636135027938], [-94.61787770383482, 37.3091889506951], [-94.61787770383482, 37.30995201235445], [-94.61787770383482, 37.31224106702104], [-94.61787770383482, 37.313004014668245], [-94.61787770383482, 37.31408121350571], [-94.61787770383482, 37.31453004834487], [-94.61783287416858, 37.31569705809501], [-94.61783287416858, 37.319108152795195], [-94.61783287416858, 37.32063421892378], [-94.61783287416858, 37.32126259440273], [-94.61783287416858, 37.321935818634095], [-94.61783287416858, 37.32287840329694], [-94.61778796575264, 37.32319258058948], [-94.61778796575264, 37.323327222309224], [-94.61778796575264, 37.323820933576684], [-94.61769814903204, 37.32615488162595], [-94.61765331951383, 37.326828096266176], [-94.61765331951383, 37.3318101501661], [-94.61769814903204, 37.3332015295834], [-94.61769814903204, 37.33558034463159], [-94.61769814903204, 37.335804735551484], [-94.61769814903204, 37.3364331403158], [-94.61769814903204, 37.336657528552784], [-94.61769814903204, 37.33670245494849], [-94.61769814903204, 37.33683707118937], [-94.6177430573738, 37.33737565640749], [-94.6177430573738, 37.33755519722885], [-94.6177430573738, 37.33773473759824], [-94.6177430573738, 37.338048891463636], [-94.6177430573738, 37.33822843059014], [-94.6177430573738, 37.338407969264644], [-94.6177430573738, 37.33935049919736], [-94.6177430573738, 37.34083169712935], [-94.61765331951383, 37.34235770163719], [-94.61765331951383, 37.34244746583992], [-94.61765331951383, 37.3424923885898], [-94.61765331951383, 37.34258215262294], [-94.61765331951383, 37.34356954952825], [-94.61765331951383, 37.34365931220515], [-94.61765331951383, 37.344197967272805], [-94.61765331951383, 37.344377490931016], [-94.61765331951383, 37.34460185417831], [-94.61765331951383, 37.3447365368911], [-94.61765331951383, 37.34496098038726], [-94.61765331951383, 37.34554446506733], [-94.61760841124621, 37.349404417094256], [-94.61760841124621, 37.34944925408774], [-94.61760841124621, 37.349853192626426], [-94.61760841124621, 37.35075089795656], [-94.61760841124621, 37.352860363320055], [-94.61760841124621, 37.352950195669145], [-94.61760841124621, 37.35523925495424], [-94.61756350301565, 37.36017640596207], [-94.61756350301565, 37.36031105924736], [-94.61756350301565, 37.360894499634156], [-94.61756350301565, 37.36093941075849], [-94.61756350301565, 37.36161266742447], [-94.61756350301565, 37.36165749673594], [-94.61756350301565, 37.361702407379006], [-94.61756350301565, 37.361926797450316], [-94.61756350301565, 37.3640363387108], [-94.61756350301565, 37.36412607561045], [-94.61756350301565, 37.36417098469637], [-94.61756350301565, 37.36426072142631], [-94.61756350301565, 37.366504916454566], [-94.61756350301565, 37.36731284188565], [-94.61756350301565, 37.367806574098495], [-94.61756350301565, 37.36830022153399], [-94.61756350301565, 37.36906330196625], [-94.61756350301565, 37.36933257466469], [-94.61756350301565, 37.369781387348134], [-94.61756350301565, 37.37193576271385], [-94.61756350301565, 37.373731093479975], [-94.61756350301565, 37.37485325388399], [-94.61751867360847, 37.37655874700396], [-94.61751867360847, 37.378847860816364], [-94.61751867360847, 37.38167543529316], [-94.61751867360847, 37.383605454860614], [-94.61751867360847, 37.384592852426415], [-94.61751867360847, 37.38535592078847], [-94.61747376545205, 37.38710638552406], [-94.61747376545205, 37.39060726465436], [-94.61751867360847, 37.391729360714], [-94.61751867360847, 37.39240257001548], [-94.61751867360847, 37.394018392696594], [-94.61751867360847, 37.394287652242866], [-94.61751867360847, 37.395364842865796], [-94.61751867360847, 37.39603809904111], [-94.61751867360847, 37.39617276577459], [-94.61751867360847, 37.396352321022086], [-94.61751867360847, 37.3998083458088], [-94.61747376545205, 37.402591057284], [-94.61747376545205, 37.402995019460825], [-94.61747376545205, 37.4046557287084], [-94.61747376545205, 37.404745495669225], [-94.61747376545205, 37.40609198646139], [-94.61747376545205, 37.40712427877318], [-94.61742885733271, 37.40802195480042], [-94.61742885733271, 37.40838100495104], [-94.61742885733271, 37.410670069571296], [-94.61742885733271, 37.410939347307256], [-94.61738402803654, 37.41421584302111], [-94.61738402803654, 37.4153379334251], [-94.61733911999133, 37.41708839233465], [-94.61733911999133, 37.418883720876245], [-94.61733911999133, 37.41901834429676], [-94.61733911999133, 37.420679085268404], [-94.6172942119832, 37.42180111672678], [-94.6172942119832, 37.42413502630182], [-94.61724938279805, 37.42557133674901], [-94.61724938279805, 37.425750898960246], [-94.61724938279805, 37.42637924118937], [-94.61724938279805, 37.427456432788], [-94.61720447486404, 37.43091245040092], [-94.61720447486404, 37.43118173262378], [-94.61720447486404, 37.43185497434426], [-94.61720447486404, 37.432932164049376], [-94.61720447486404, 37.433111707621315], [-94.61720447486404, 37.43329125073832], [-94.61720447486404, 37.436433059731556], [-94.61724938279805, 37.437644967871954], [-94.61724938279805, 37.439170931520565], [-94.61724938279805, 37.43966465206834], [-94.61724938279805, 37.4400686470132], [-94.6172942119832, 37.44092144964119], [-94.61724938279805, 37.44123559512831], [-94.61724938279805, 37.442223003997526], [-94.61724938279805, 37.4440632048252], [-94.61724938279805, 37.44419786169908], [-94.6172942119832, 37.44455693145314], [-94.6172942119832, 37.44540972092638], [-94.61724938279805, 37.445679070410286], [-94.61724938279805, 37.446262541276724], [-94.61724938279805, 37.446531846402934], [-94.61715956696713, 37.44792322007292], [-94.617114737893, 37.4484169208206], [-94.617114737893, 37.448955513724215], [-94.617114737893, 37.44976339539587], [-94.617114737893, 37.450122478043035], [-94.617114737893, 37.451648498027296], [-94.617114737893, 37.452366642372056], [-94.617114737893, 37.45321941915947], [-94.617114737893, 37.454476179709516], [-94.617114737893, 37.45479038667272], [-94.6170698300702, 37.456181716711065], [-94.617114737893, 37.45663058604297], [-94.617114737893, 37.45681006954657], [-94.617114737893, 37.45689985175303], [-94.617114737893, 37.45793221706348], [-94.617114737893, 37.45856051764941], [-94.617114737893, 37.45941330103411], [-94.617114737893, 37.4603110036857], [-94.617114737893, 37.46062518473516], [-94.617114737893, 37.46084958730943], [-94.61715956696713, 37.460984251819156], [-94.61720447486404, 37.46111891297097], [-94.61720447486404, 37.461208689701316], [-94.61720447486404, 37.461522866737354], [-94.61720447486404, 37.46493395792333], [-94.617114737893, 37.46515835237505], [-94.6170698300702, 37.46538278548707], [-94.6170698300702, 37.46735764714786], [-94.6170698300702, 37.46861440027089], [-94.617114737893, 37.46883881367699], [-94.617114737893, 37.469512103541405], [-94.617114737893, 37.46978140144438], [-94.617114737893, 37.469916009393195], [-94.617114737893, 37.47009554041665], [-94.617114737893, 37.47031999417245], [-94.617114737893, 37.47040975922813], [-94.617114737893, 37.470768818310944], [-94.617114737893, 37.47162161693931], [-94.617114737893, 37.4748082697633], [-94.617114737893, 37.47687294976823], [-94.617114737893, 37.47700754421013], [-94.6170698300702, 37.477770557384886], [-94.6170698300702, 37.478623352778904], [-94.6170249222845, 37.48230380841045], [-94.61698001453591, 37.48365033331292], [-94.61698001453591, 37.48382982946286], [-94.61689027793534, 37.485311027813395], [-94.61689027793534, 37.485984242075354], [-94.61689027793534, 37.4874204760211], [-94.61684537029794, 37.49154973478677], [-94.61680054148287, 37.49567899286678], [-94.61671072639342, 37.4998083024943], [-94.61671072639342, 37.49989803010549], [-94.61671072639342, 37.500122470435905], [-94.61671072639342, 37.50021227884855], [-94.61671072639342, 37.500257101811], [-94.61671072639342, 37.500346910052244], [-94.61671072639342, 37.50043663697836], [-94.61671072639342, 37.50052644499103], [-94.61671072639342, 37.50066107559514], [-94.61671072639342, 37.50079570594229], [-94.61671072639342, 37.50084060973435], [-94.61671072639342, 37.50093033603249], [-94.6167556339196, 37.503937556867136], [-94.61671072639342, 37.50689984224266], [-94.61671072639342, 37.50860545022018], [-94.61671072639342, 37.50882986284102], [-94.61675563391961, 37.5105353775242], [-94.6167556339196, 37.5122858751682], [-94.6167556339196, 37.51255517239453], [-94.6167556339196, 37.512779572432734], [-94.6167556339196, 37.51300397175654], [-94.6167556339196, 37.513183474463965], [-94.61675563391961, 37.51372214221426], [-94.6167556339196, 37.51426072466273], [-94.61680054148287, 37.517941178640086], [-94.61684537029794, 37.52162160548274], [-94.61680054148287, 37.5217113493434], [-94.61675563391961, 37.521801096151826], [-94.6167556339196, 37.52198065762571], [-94.6167556339196, 37.522339698024766], [-94.61675563391961, 37.522429478132445], [-94.61689027793534, 37.52781544919814], [-94.61693518560982, 37.52875801379259], [-94.61698001453591, 37.53230379156167], [-94.61702492228451, 37.53522120644268], [-94.6170698300702, 37.53751025852954], [-94.6170698300702, 37.537734660159515], [-94.6170698300702, 37.54006863815313], [-94.61702492228451, 37.5413253615072], [-94.6170698300702, 37.542043438437794], [-94.6170698300702, 37.54267180186738], [-94.61702492228451, 37.544152941143246], [-94.61715956696713, 37.54819251173751], [-94.61715956696713, 37.54998783769782], [-94.61720447486404, 37.550301976768395], [-94.61720447486404, 37.55048154660515], [-94.61720447486404, 37.551558712568635], [-94.61715956696713, 37.551783117815866], [-94.61715956696713, 37.55218712052294], [-94.61715956696713, 37.553488692888266], [-94.61715956696713, 37.55353356307246], [-94.61715956696713, 37.55357843322801], [-94.61715956696713, 37.553668254592594], [-94.61715956696713, 37.55389268579317], [-94.617114737893, 37.55420682014324], [-94.617114737893, 37.55429664070852], [-94.617114737893, 37.55452098877353], [-94.617114737893, 37.554700547848164], [-94.617114737893, 37.555059583483505], [-94.617114737893, 37.55568799285347], [-94.617114737893, 37.55613684165821], [-94.6170698300702, 37.556406100813945], [-94.6170698300702, 37.556540786840465], [-94.617114737893, 37.55734868665817], [-94.617114737893, 37.558246360188015], [-94.617114737893, 37.55896447452879], [-94.617114737893, 37.55918888882606], [-94.617114737893, 37.55941330240658], [-94.617114737893, 37.55950303518505], [-94.617114737893, 37.559592848981474], [-94.617114737893, 37.5599069935344], [-94.617114737893, 37.56062517203489], [-94.617114737893, 37.56084958102804], [-94.617114737893, 37.5609841774013], [-94.617114737893, 37.56179207474597], [-94.617114737893, 37.562734636948875], [-94.617114737893, 37.563183521870535], [-94.617114737893, 37.563228385866424], [-94.617114737893, 37.5633630588104], [-94.617114737893, 37.564978789493665], [-94.617114737893, 37.56601111452806], [-94.617114737893, 37.56686389685648], [-94.6170698300702, 37.567043473432285], [-94.61702492228451, 37.57081365716918], [-94.61702492228451, 37.57144200679407], [-94.61702492228451, 37.57162152263705], [-94.61702492228451, 37.57180111913949], [-94.6170698300702, 37.571935726433004], [-94.617114737893, 37.5722947869824], [-94.61715956696713, 37.5727436456993], [-94.61715956696713, 37.574898008657286], [-94.61715956696713, 37.57525710327928], [-94.61715956696713, 37.576962676254524], [-94.61733911999133, 37.57902733114505], [-94.61733911999133, 37.579206827537405], [-94.6172942119832, 37.58140613716564], [-94.61733911999133, 37.58158565886217], [-94.61738402803654, 37.58652283168455], [-94.61733911999133, 37.59123552686995], [-94.61742885733271, 37.606361195446254], [-94.61742885733271, 37.60950307758432], [-94.61738402803654, 37.609727459094245], [-94.61738402803654, 37.60986212382513], [-94.61733911999133, 37.61017633737507], [-94.6172942119832, 37.61049046844866], [-94.61738402803654, 37.61457482090847], [-94.61742885733271, 37.616998530510614], [-94.61765331951383, 37.62494287463146], [-94.61765331951383, 37.62521222628321], [-94.61765331951383, 37.62664845370941], [-94.61760841124621, 37.62803988090094], [-94.61760841124621, 37.628354042950136], [-94.61760841124621, 37.62871310672205], [-94.61760841124621, 37.63055329988323], [-94.61756350301565, 37.6323934965161], [-94.61751867360847, 37.633874687367815], [-94.61751867360847, 37.63535579804613], [-94.61747376545205, 37.636522805404454], [-94.61751867360847, 37.63670234558401], [-94.61756350301565, 37.63724090834356], [-94.61760841124621, 37.63930555005277], [-94.61760841124621, 37.63966463862655], [-94.61760841124621, 37.64029301893145], [-94.61760841124621, 37.64083160297065], [-94.61760841124621, 37.641370182859156], [-94.61760841124621, 37.64298597865573], [-94.61760841124621, 37.64303087259396], [-94.61760841124621, 37.643165554235594], [-94.61760841124621, 37.643973395529194], [-94.61765331951383, 37.645858512866354], [-94.61765331951383, 37.64738450364196], [-94.61765331951383, 37.64783341344425], [-94.61765331951383, 37.64850661067925], [-94.61765331951383, 37.64904521241319], [-94.61765331951383, 37.64949403051414], [-94.61765331951383, 37.65048151741706], [-94.61769814903204, 37.6529500833931], [-94.61769814903204, 37.65357842517806], [-94.61769814903204, 37.65479028645945], [-94.61769814903204, 37.6548800591267], [-94.6177430573738, 37.65658558392559], [-94.61769814903204, 37.656854947582396], [-94.61769814903204, 37.65689983260304], [-94.6177430573738, 37.6573935129658], [-94.6177430573738, 37.658336085028004], [-94.6177430573738, 37.66026607382364], [-94.6177430573738, 37.66058025299532], [-94.6177430573738, 37.660939313174026], [-94.61778796575264, 37.66210627384212], [-94.6177430573738, 37.66246529832469], [-94.61778796575264, 37.66318342523822], [-94.61778796575264, 37.66385671742934], [-94.61783287416858, 37.6656520241738], [-94.61783287416858, 37.66816546676537], [-94.61778796575264, 37.67031994329291], [-94.61778796575264, 37.67108291843054], [-94.61778796575264, 37.671711258924326], [-94.61778796575264, 37.673102708802354], [-94.61778796575264, 37.673865653496584], [-94.61778796575264, 37.674808246004396], [-94.61778796575264, 37.675077567380384], [-94.61778796575264, 37.6758405714649], [-94.61778796575264, 37.67646895008748], [-94.61778796575264, 37.67660356719964], [-94.61783287416858, 37.67709726925343], [-94.61778796575264, 37.67759099440084], [-94.61783287416858, 37.67970052606661], [-94.61783287416858, 37.68005956879247], [-94.61783287416858, 37.68059816990976], [-94.61787770383482, 37.681630520657954], [-94.61792261232488, 37.68189976163154], [-94.61792261232488, 37.68203444923027], [-94.61796752085203, 37.68221395123769], [-94.61792261232488, 37.6828871946788], [-94.61792261232488, 37.682932143930955], [-94.61787770383482, 37.68324627503832], [-94.61787770383482, 37.683739983791924], [-94.61783287416858, 37.68405418919501], [-94.61778796575264, 37.68517624646737], [-94.61769814903204, 37.68589438192183], [-94.61769814903204, 37.68665742963753], [-94.61765331951383, 37.68773465793165], [-94.61765331951383, 37.68777952308394], [-94.6177430573738, 37.68912600669072], [-94.61778796575264, 37.6892157618852], [-94.61783287416858, 37.6894401902331], [-94.61787770383482, 37.68966462089965], [-94.61787770383482, 37.689933884848514], [-94.61787770383482, 37.69042762719583], [-94.61787770383482, 37.691235488051404], [-94.61783287416858, 37.69294111864783], [-94.61787770383482, 37.6957687611338], [-94.61787770383482, 37.69765382658083], [-94.61787770383482, 37.69828217038824], [-94.61787770383482, 37.698865650551845], [-94.61787770383482, 37.70007753439853], [-94.61787770383482, 37.70200750109054], [-94.61787770383482, 37.70371305934809], [-94.61792261232488, 37.70550839022726], [-94.61792261232488, 37.70730372969048], [-94.61792261232488, 37.70909910378825], [-94.61792261232488, 37.71089443155408], [-94.61792261232488, 37.711702297740864], [-94.61787770383482, 37.714395307522786], [-94.61787770383482, 37.71578671421854], [-94.61787770383482, 37.71672922505761], [-94.61787770383482, 37.71847967251279], [-94.61787770383482, 37.7189733742672], [-94.61787770383482, 37.72027500104343], [-94.61787770383482, 37.72058915246221], [-94.61787770383482, 37.72216013109264], [-94.61787770383482, 37.72256404040875], [-94.61787770383482, 37.72391052274744], [-94.61787770383482, 37.72539166366125], [-94.61787770383482, 37.72646888873261], [-94.61783287416858, 37.72741146938387], [-94.61783287416858, 37.72889261667644], [-94.61783287416858, 37.72974535469701], [-94.61783287416858, 37.73055324471142], [-94.61778796575264, 37.731136752980184], [-94.61778796575264, 37.73293207842694], [-94.61778796575264, 37.7365227519644], [-94.61778796575264, 37.73813852685907], [-94.61778796575264, 37.740292969770216], [-94.61778796575264, 37.74101107557687], [-94.6177430573738, 37.74199853555767], [-94.6177430573738, 37.74455688302024], [-94.6177430573738, 37.74540967152538], [-94.6177430573738, 37.745678962464076], [-94.6177430573738, 37.745948252357884], [-94.6177430573738, 37.747249859390585], [-94.61769814903204, 37.749134961609656], [-94.6177430573738, 37.750167260640005], [-94.6177430573738, 37.75084052078166], [-94.6177430573738, 37.75160350328615], [-94.6177430573738, 37.75263582224824], [-94.61769814903204, 37.75384771571283], [-94.61769814903204, 37.75550839432268], [-94.61769814903204, 37.75618160265449], [-94.61765331951383, 37.756585610744025], [-94.61765331951383, 37.758425825941416], [-94.61765331951383, 37.76053530649788], [-94.61765331951383, 37.76125344559922], [-94.61765331951383, 37.761612552809446], [-94.61765331951383, 37.76192667908267], [-94.61765331951383, 37.763407818270885], [-94.61760841124621, 37.76645993049834], [-94.61765331951383, 37.767088242146606], [-94.61765331951383, 37.76722292656757], [-94.61760841124621, 37.76735758719736], [-94.61760841124621, 37.76749219020927], [-94.61760841124621, 37.767626873850716], [-94.61760841124621, 37.76794105377224], [-94.61760841124621, 37.76906315951528], [-94.61765331951383, 37.770903390509694], [-94.61765331951383, 37.771935664873034], [-94.61765331951383, 37.77256406507782], [-94.61765331951383, 37.772968004740704], [-94.61765331951383, 37.77350661425549], [-94.61765331951383, 37.775346784652584], [-94.61765331951383, 37.77588537567147], [-94.61765331951383, 37.77619959901233], [-94.61765331951383, 37.77682796053713], [-94.61765331951383, 37.77763586865777], [-94.61760841124621, 37.77871306872564], [-94.61756350301565, 37.780643011821155], [-94.61756350301565, 37.78104698527657], [-94.61751867360847, 37.78149581584579], [-94.61751867360847, 37.78181001376886], [-94.61751867360847, 37.78221398043198], [-94.61751867360847, 37.78230366960761], [-94.61747376545205, 37.78270769131516], [-94.61747376545205, 37.78324622517453], [-94.61747376545205, 37.78347064674308], [-94.61747376545205, 37.78414390708363], [-94.61747376545205, 37.785086460560045], [-94.61747376545205, 37.78566993961383], [-94.61747376545205, 37.78643294326288], [-94.61747376545205, 37.78706137376195], [-94.61742885733271, 37.787914102098505], [-94.61742885733271, 37.78872204275794], [-94.61742885733271, 37.78926061071357], [-94.61738402803654, 37.7905173889619], [-94.61738402803654, 37.79253710659113], [-94.61733911999133, 37.79347968500197], [-94.61733911999133, 37.7942426834983], [-94.61733911999133, 37.794422192307465], [-94.61733911999133, 37.795275014507375], [-94.6172942119832, 37.796397059439066], [-94.61724938279805, 37.798102619214205], [-94.61724938279805, 37.798596320667336], [-94.61724938279805, 37.79935934364185], [-94.61720447486404, 37.79998771537442], [-94.61720447486404, 37.80088542288021], [-94.61720447486404, 37.80124448644905], [-94.61720447486404, 37.80245628190957], [-94.61715956696713, 37.802950010911054], [-94.61715956696713, 37.80321932094501], [-94.61715956696713, 37.803398887334595], [-94.61715956696713, 37.80398237381916], [-94.617114737893, 37.80519417694388], [-94.617114737893, 37.80627137586144], [-94.617114737893, 37.806585542242864], [-94.617114737893, 37.80748324500114], [-94.6170698300702, 37.80802180665538], [-94.6170698300702, 37.80833604593718], [-94.6170698300702, 37.81008644658092], [-94.6170698300702, 37.81035572883417], [-94.6170698300702, 37.81125346350012], [-94.6170698300702, 37.81174715196557], [-94.6170249222845, 37.81367714573478], [-94.61702492228451, 37.814215762064876], [-94.61698001453591, 37.8153826874915], [-94.61698001453591, 37.81605596086332], [-94.61698001453591, 37.816504752243134], [-94.61698001453591, 37.81717801467899], [-94.61693518560982, 37.8187489639705], [-94.61693518560982, 37.819063154506104], [-94.61684537029794, 37.81946710295458], [-94.61666589768937, 37.82821934493687], [-94.61644143958473, 37.83755503887091], [-94.61653125422932, 37.83773455829796], [-94.61653125422932, 37.83791411587687], [-94.61635170387311, 37.83939523962617], [-94.61635170387311, 37.83966456937915], [-94.61639653231808, 37.84042756753036], [-94.61639653231808, 37.841280388270576], [-94.61635170387311, 37.841818927128195], [-94.61635170387311, 37.84195362780591], [-94.61635170387311, 37.842985893311656], [-94.61644143958473, 37.8452749670026], [-94.61635170387311, 37.84850653435106], [-94.61635170387311, 37.84855145718345], [-94.61630679668058, 37.8498979767645], [-94.61626188952513, 37.851513753624964], [-94.61626188952513, 37.851558593708205], [-94.61626188952513, 37.85160351455512], [-94.61626188952513, 37.85164835457996], [-94.61626188952513, 37.85173819612752], [-94.61626188952513, 37.85178303606474], [-94.61612724706563, 37.85797690463654], [-94.6160824188427, 37.858964394852215], [-94.6159926049396, 37.86268969993262], [-94.6159926049396, 37.863183424812675], [-94.6159926049396, 37.86322825731218], [-94.6159476980437, 37.86327315031707], [-94.6159476980437, 37.8635873806989], [-94.6159476980437, 37.86457481408829], [-94.6159028699688, 37.86798594769184], [-94.6159028699688, 37.86978120003592], [-94.61585796314702, 37.87139707717107], [-94.61585796314702, 37.87224983814984], [-94.61585796314702, 37.872384479403365], [-94.61581305636233, 37.872384459479925], [-94.61581305636233, 37.8726986483162], [-94.61585796314702, 37.875032585900605], [-94.61585796314702, 37.876962529109115], [-94.61585796314702, 37.87705233766913], [-94.6159028699688, 37.87830909952889], [-94.61585796314702, 37.87835398328522], [-94.61576822839847, 37.87844374758249], [-94.61572332168791, 37.878533453748844], [-94.61572332168791, 37.87862326026934], [-94.61572332168791, 37.87983507150324], [-94.61572332168791, 37.88046346051335], [-94.61572332168791, 37.88077761248644], [-94.61572332168791, 37.8810918437831], [-94.61572332168791, 37.88266273646435], [-94.61572332168791, 37.883111579428025], [-94.61572332168791, 37.88468250673326], [-94.61572332168791, 37.88544554792089], [-94.61572332168791, 37.88616360159565], [-94.61572332168791, 37.88656760443245], [-94.61567841501444, 37.88670227904766], [-94.61567841501444, 37.88674709623989], [-94.6156335871616, 37.89092124336177], [-94.6156335871616, 37.891818899365624], [-94.61549886747486, 37.89621748592013], [-94.61545403977007, 37.896890756009526], [-94.61545403977007, 37.89707024028865], [-94.61545403977007, 37.8972946959024], [-94.61540913331903, 37.89805773973734], [-94.61540913331903, 37.89900027340347], [-94.6153642269051, 37.89913492407918], [-94.61527449297154, 37.90191767460453], [-94.61527449297154, 37.901962562626046], [-94.61527449297154, 37.902276777955265], [-94.61527449297154, 37.90290512356895], [-94.61522958666883, 37.904431178332665], [-94.61518475918609, 37.90505948234765], [-94.61518475918609, 37.90573276884645], [-94.61518475918609, 37.906181622845175], [-94.61518475918609, 37.90627139329287], [-94.61518475918609, 37.906316197744], [-94.61522958666883, 37.906361104756364], [-94.61527449297154, 37.90640600863408], [-94.61531939931135, 37.90645091246006], [-94.61540913331903, 37.906450872234096], [-94.6153642269051, 37.907797392426524], [-94.61518475918609, 37.916011031829335], [-94.6150500406116, 37.9221600697137], [-94.61478076202886, 37.9341887412135], [-94.61487057392985, 37.93562498822505], [-94.61487057392985, 37.93571480087454], [-94.6148256679608, 37.936388011187745], [-94.6148256679608, 37.93670223042001], [-94.61478076202886, 37.93831799022451], [-94.614735856134, 37.94078659151872], [-94.614735856134, 37.94096612250519], [-94.61460121745405, 37.94410798491696], [-94.61460121745405, 37.94437722785598], [-94.61464612323768, 37.94801284906762], [-94.61460121745405, 37.94868610045491], [-94.61460121745405, 37.94998768069559], [-94.61460121745405, 37.950032537293815], [-94.61460121745405, 37.95007747453992], [-94.61460121745405, 37.95146882035371], [-94.6145563904895, 37.95151373640002], [-94.6145563904895, 37.95640596998447], [-94.61451148478, 37.96435033825743], [-94.61451148478, 37.964529888161024], [-94.61451148478, 37.964664509949436], [-94.61451148478, 37.96470935693336], [-94.61451148478, 37.965427549951144], [-94.6145563904895, 37.96874886908886], [-94.6145563904895, 37.96888356322362], [-94.6145563904895, 37.96906310122071], [-94.6145563904895, 37.970589074513086], [-94.61451148478, 37.970678905584535], [-94.61442167347228, 37.97099309603037], [-94.61442167347228, 37.9711277051091], [-94.61442167347228, 37.97135216052108], [-94.61442167347228, 37.971531692059386], [-94.61428703557053, 37.972070231509306], [-94.61424220886506, 37.972519115943605], [-94.61424220886506, 37.97328206850453], [-94.61419730341512, 37.97368602638571], [-94.6141074926265, 37.97377583695505], [-94.6141074926265, 37.973820677981124], [-94.61415239800226, 37.97400021952089], [-94.61415239800226, 37.97534672339959], [-94.61415239800226, 37.97637908422001], [-94.61415239800226, 37.97696255756271], [-94.61419730341512, 37.97741136507631], [-94.61424220886506, 37.97763581614914], [-94.61437684665579, 37.977905059598896], [-94.61451148478, 37.97812946359979], [-94.6145563904895, 37.97817439848836], [-94.61437684665579, 37.97826416844783], [-94.61428703557053, 37.978309054824344], [-94.61424220886506, 37.97835395423392], [-94.61419730341512, 37.97848853263367], [-94.61415239800226, 37.97857835353035], [-94.61415239800226, 37.978712947707805], [-94.61415239800226, 37.978982296553966], [-94.61415239800226, 37.979700420550266], [-94.61415239800226, 37.98270758866449], [-94.61415239800226, 37.984502907593516], [-94.6141074926265, 37.985535275424034], [-94.6141074926265, 37.98656756301701], [-94.6141074926265, 37.987465258332584], [-94.6141074926265, 37.98755500302537], [-94.6140626660691, 37.98759989667147], [-94.61419730341512, 37.98831798076302], [-94.61415239800226, 37.98921563721681], [-94.61419730341512, 37.989888919594705], [-94.61424220886506, 37.99154957739928], [-94.61419730341512, 37.992447272120934], [-94.61424220886506, 37.992581935225445], [-94.61428703557053, 37.99267169187254], [-94.61428703557053, 37.99343474191805], [-94.61401776076747, 38.00236646864509], [-94.61401776076747, 38.002456274375845], [-94.61401776076747, 38.00357835235335], [-94.6140626660691, 38.00501457463258], [-94.61401776076747, 38.006450816915994], [-94.61401776076747, 38.007752507451485], [-94.6140626660691, 38.00779734125104], [-94.6140626660691, 38.00784224055536], [-94.6141074926265, 38.00793197659997], [-94.6140626660691, 38.008021756868224], [-94.6140626660691, 38.00806665602485], [-94.61401776076747, 38.00811154009182], [-94.61401776076747, 38.00815643919118], [-94.61401776076747, 38.008874578938226], [-94.61401776076747, 38.00959271112484], [-94.61401776076747, 38.01089426110162], [-94.61401776076747, 38.01210615453891], [-94.61401776076747, 38.0121510510088], [-94.61401776076747, 38.01322823500835], [-94.61401776076747, 38.01466448074038], [-94.6140626660691, 38.01520306978311], [-94.6140626660691, 38.01529285861182], [-94.61401776076747, 38.01538263256234], [-94.61401776076747, 38.01628027140348], [-94.61401776076747, 38.01650473971642], [-94.61401776076747, 38.01672912669169], [-94.61401776076747, 38.01749214972045], [-94.61401776076747, 38.01915284582604], [-94.61401776076747, 38.020768610708686], [-94.61401776076747, 38.02247419725577], [-94.61401776076747, 38.02400018674744], [-94.61401776076747, 38.02552622265663], [-94.61401776076747, 38.026423889095234], [-94.6140626660691, 38.027590876216706], [-94.6140626660691, 38.02916179749281], [-94.6140626660691, 38.03005949657676], [-94.6140626660691, 38.03095710324879], [-94.6140626660691, 38.03396434992909], [-94.6141074926265, 38.03706124090016], [-94.6141074926265, 38.03836291083131], [-94.6141074926265, 38.040427483145535], [-94.6140626660691, 38.04204329058736], [-94.6141074926265, 38.04509534183203], [-94.6141074926265, 38.04523004650027], [-94.6141074926265, 38.04554416837195], [-94.6141074926265, 38.045813495100674], [-94.6141074926265, 38.04599307251565], [-94.6141074926265, 38.04716003219234], [-94.6140626660691, 38.048506526176865], [-94.6140626660691, 38.050077448266926], [-94.6140626660691, 38.05146877158664], [-94.6140626660691, 38.05178294522608], [-94.6140626660691, 38.052949966754305], [-94.6140626660691, 38.05474528962363], [-94.6140626660691, 38.055642973562854], [-94.6140626660691, 38.05640596337393], [-94.6140626660691, 38.0598619454577], [-94.6140626660691, 38.06004148579375], [-94.6141074926265, 38.061477807338825], [-94.6141074926265, 38.061657262854695], [-94.6141074926265, 38.062779412904526], [-94.6140626660691, 38.065247949278024], [-94.6140626660691, 38.06551727853664], [-94.6141074926265, 38.06569681968781], [-94.6140626660691, 38.06735745180082], [-94.6140626660691, 38.06758191280312], [-94.6140626660691, 38.06767163256578], [-94.61401776076747, 38.067806279928504], [-94.61401776076747, 38.06874889221563], [-94.61401776076747, 38.0698260668533], [-94.61401776076747, 38.07112767371182], [-94.61401776076747, 38.072474192863545], [-94.61397285550294, 38.07314743003497], [-94.61397285550294, 38.07319228626013], [-94.61397285550294, 38.07337187192769], [-94.61397285550294, 38.07391046501979], [-94.61397285550294, 38.07458370037938], [-94.61397285550294, 38.07462855565606], [-94.61397285550294, 38.07507742891189], [-94.61397285550294, 38.07516713878351], [-94.61388312386617, 38.08095709350458], [-94.61388312386617, 38.08145085626303], [-94.61388312386617, 38.08270755163578], [-94.61388312386617, 38.08427848878589], [-94.61388312386617, 38.08526588187906], [-94.61388312386617, 38.085894237418884], [-94.61388312386617, 38.086836840336915], [-94.61388312386617, 38.08813844338051], [-94.61392795027551, 38.08912587569302], [-94.61392795027551, 38.089484962284516], [-94.61392795027551, 38.09069682524608], [-94.61392795027551, 38.090921209137136], [-94.61388312386617, 38.092312567292474], [-94.61388312386617, 38.09374883485578], [-94.61383821871287, 38.09540951003768], [-94.61383821871287, 38.095633958865484], [-94.61379331359666, 38.096172524894854], [-94.61379331359666, 38.09742926977097], [-94.61379331359666, 38.0994939002622], [-94.61379331359666, 38.09953881958591], [-94.61379331359666, 38.10016712349505], [-94.61379331359666, 38.10048131351622], [-94.61379331359666, 38.10101993309393], [-94.61379331359666, 38.10164830377731], [-94.61379331359666, 38.10169322167385], [-94.61374848729835, 38.10371295248583], [-94.61374848729835, 38.10613663170746], [-94.61374848729835, 38.107213857261016], [-94.61379331359666, 38.108201252742894], [-94.61379331359666, 38.109817075609406], [-94.61379331359666, 38.109906820058974], [-94.61379331359666, 38.11022104542832], [-94.61379331359666, 38.1108494113087], [-94.61379331359666, 38.11120846341183], [-94.61379331359666, 38.11219586700675], [-94.61374848729835, 38.114440074295956], [-94.61374848729835, 38.11708815010308], [-94.61374848729835, 38.117267700108265], [-94.61374848729835, 38.11744724963749], [-94.61374848729835, 38.11789608113889], [-94.61374848729835, 38.117985814890794], [-94.61374848729835, 38.11807562900238], [-94.61374848729835, 38.11919765153033], [-94.61379331359666, 38.11996066528917], [-94.61374848729835, 38.12233948932546], [-94.61374848729835, 38.12373086140037], [-94.61379331359666, 38.12435927639837], [-94.61383821871287, 38.124404109128406], [-94.61383821871287, 38.124449011939234], [-94.61379331359666, 38.12453880711846], [-94.61379331359666, 38.1246285320646], [-94.61374848729835, 38.12498765862998], [-94.61374848729835, 38.12521200952942], [-94.61379331359666, 38.12601993751098], [-94.61379331359666, 38.12610974096311], [-94.61388312386617, 38.12624438599606], [-94.61397285550294, 38.12669318265788], [-94.61388312386617, 38.12880268294413], [-94.61379331359666, 38.130912201307545], [-94.61370358225628, 38.13248312496386], [-94.61370358225628, 38.133335930171114], [-94.61370358225628, 38.13409893189019], [-94.61370358225628, 38.13804865379699], [-94.61370358225628, 38.13885657607736], [-94.61370358225628, 38.138946362502544], [-94.61370358225628, 38.13908096146328], [-94.61370358225628, 38.14092115099368], [-94.6136586772513, 38.14626233924358], [-94.6136586772513, 38.146576476364736], [-94.6136586772513, 38.14662136446927], [-94.61361377228341, 38.147339480155274], [-94.61361377228341, 38.14837180696603], [-94.61361377228341, 38.149089913575786], [-94.61361377228341, 38.149493890439416], [-94.61361377228341, 38.14967343493715], [-94.61374848729835, 38.14976323511927], [-94.61383821871287, 38.149763176414545], [-94.61379331359666, 38.15178292638449], [-94.61379331359666, 38.15187269563792], [-94.61370358225628, 38.15416174989952], [-94.61347913638278, 38.16062495857992], [-94.61343431034359, 38.16138796215109], [-94.61343431034359, 38.16143284042676], [-94.61343431034359, 38.161522596888645], [-94.61343431034359, 38.16174706794814], [-94.61343431034359, 38.16452977154707], [-94.61343431034359, 38.16524794781947], [-94.61343431034359, 38.166594447426675], [-94.61347913638278, 38.16762673329907], [-94.61347913638278, 38.16776143601233], [-94.61347913638278, 38.16789605803753], [-94.61347913638278, 38.16798580590519], [-94.61347913638278, 38.16821025547131], [-94.61347913638278, 38.16843462387255], [-94.61343431034359, 38.16924257344449], [-94.61338940556107, 38.16960162880436], [-94.61334450081564, 38.170544184335235], [-94.61334450081564, 38.172204837717025], [-94.61329959610732, 38.17256387743328], [-94.6132547702162, 38.17400020077879], [-94.613209865582, 38.17584039660031], [-94.613209865582, 38.17601995154414], [-94.613209865582, 38.17673808613272], [-94.61316496098492, 38.17794990747713], [-94.61316496098492, 38.17961062011046], [-94.61307523068186, 38.181720082341165], [-94.61312005642492, 38.18248311239812], [-94.61312005642492, 38.18288705050475], [-94.61316496098492, 38.18347052952982], [-94.61316496098492, 38.184323334931285], [-94.61316496098492, 38.184592593112754], [-94.613209865582, 38.185041469683206], [-94.613209865582, 38.18540053011417], [-94.61312005642492, 38.185804514906074], [-94.61312005642492, 38.18589423898576], [-94.61307523068186, 38.18593908976635], [-94.61307523068186, 38.186118698250795], [-94.613030326196, 38.18656746805921], [-94.613030326196, 38.18719584864061], [-94.613030326196, 38.18755489765908], [-94.61307523068186, 38.18908096326352], [-94.61307523068186, 38.18952980186793], [-94.61298542174723, 38.190113279661446], [-94.61298542174723, 38.19020307841129], [-94.61294051733557, 38.19056210343815], [-94.61285078740306, 38.19128022509048], [-94.61285078740306, 38.19204321616539], [-94.61289569174058, 38.19271649164109], [-94.61289569174058, 38.19321024366888], [-94.61294051733557, 38.19424252391267], [-94.61294051733557, 38.194287380360045], [-94.61294051733557, 38.19536464961984], [-94.61289569174058, 38.1971150339852], [-94.61294051733557, 38.19751905609519], [-94.61285078740306, 38.19895524358016], [-94.61285078740306, 38.200256861754895], [-94.61280588310262, 38.200391572125554], [-94.61289569174058, 38.201199407512405], [-94.61289569174058, 38.20137897536501], [-94.61289569174058, 38.20294989233647], [-94.61285078740306, 38.20353334288118], [-94.61267124920319, 38.2039822128939], [-94.61267124920319, 38.204296403216496], [-94.61267124920319, 38.20438618309316], [-94.61267124920319, 38.20443103279872], [-94.61267124920319, 38.20447596285017], [-94.61271615339237, 38.20541844962993], [-94.61267124920319, 38.20685472112504], [-94.61267124920319, 38.20784217529995], [-94.61262634505108, 38.20838073664249], [-94.61258151971519, 38.210983975549816], [-94.61258151971519, 38.21219583333786], [-94.61258151971519, 38.21251006573023], [-94.61253661563724, 38.21394626673392], [-94.61253661563724, 38.21511322867805], [-94.61253661563724, 38.2162802507514], [-94.61253661563724, 38.21668414721801], [-94.61262634505108, 38.21695345419052], [-94.61267124920319, 38.217222749869], [-94.61267124920319, 38.218389735219205], [-94.61267124920319, 38.218479496303374], [-94.61267124920319, 38.21856925726781], [-94.61267124920319, 38.218614177884554], [-94.61267124920319, 38.21870393866934], [-94.61267124920319, 38.21924250086363], [-94.61267124920319, 38.219781139104896], [-94.61262634505108, 38.21991581116474], [-94.61249171159639, 38.220364581333406], [-94.61249171159639, 38.22103788743247], [-94.61249171159639, 38.222159968936296], [-94.6124468075926, 38.22395530180218], [-94.61249171159639, 38.22503250551296], [-94.61249171159639, 38.22539151374094], [-94.61249171159639, 38.22624435147705], [-94.61249171159639, 38.226782933747124], [-94.61249171159639, 38.228174324967625], [-94.61253661563724, 38.23109168418136], [-94.61253661563724, 38.232617720095625], [-94.61253661563724, 38.234592581217306], [-94.61253661563724, 38.23513117693987], [-94.61253661563724, 38.23526582519623], [-94.61253661563724, 38.235490291916584], [-94.61249171159639, 38.23616352059977], [-94.61249171159639, 38.23661236697636], [-94.61249171159639, 38.23764469423393], [-94.61249171159639, 38.238856553898245], [-94.61249171159639, 38.24051721200801], [-94.61253661563724, 38.241908566049055], [-94.61253661563724, 38.24419764020101], [-94.61258151971519, 38.2499875403702], [-94.61258151971519, 38.253084500332875], [-94.61258151971519, 38.254475909151154], [-94.61262634505108, 38.255149123073174], [-94.61262634505108, 38.256091695552335], [-94.61262634505108, 38.25663027950882], [-94.61262634505108, 38.25676496497937], [-94.61262634505108, 38.256854755142946], [-94.61262634505108, 38.257797303672874], [-94.61262634505108, 38.259188695064786], [-94.61262634505108, 38.261298174112], [-94.61262634505108, 38.26152255382698], [-94.61267124920319, 38.264664438565816], [-94.61267124920319, 38.26614554555162], [-94.61262634505108, 38.268703914521105], [-94.61267124920319, 38.27040944781097], [-94.61267124920319, 38.27099296302853], [-94.61267124920319, 38.271396932128155], [-94.61267124920319, 38.27238432161056], [-94.61267124920319, 38.273596196464894], [-94.61267124920319, 38.27368596410136], [-94.61271615339237, 38.27624429580343], [-94.61271615339237, 38.27741129985355], [-94.61271615339237, 38.27871284469964], [-94.61271615339238, 38.279610527396656], [-94.61271615339238, 38.28019404280262], [-94.61267124920319, 38.281495609531056], [-94.61271615339238, 38.28302170833721], [-94.61271615339238, 38.2845925642409], [-94.61267124920319, 38.28562495205506], [-94.61271615339237, 38.28616354387524], [-94.61271615339238, 38.28683675224459], [-94.61271615339237, 38.28701633220378], [-94.61271615339238, 38.288093480747314], [-94.61271615339238, 38.28872187629547], [-94.61276105761867, 38.288766754049185], [-94.61285078740306, 38.28881163885319], [-94.61285078740306, 38.289440027587375], [-94.61285078740306, 38.28961952027219], [-94.61285078740306, 38.28975413947016], [-94.61285078740306, 38.289933711586805], [-94.61285078740306, 38.29024790142766], [-94.61285078740306, 38.29105576552422], [-94.61285078740306, 38.2914148220252], [-94.61267124920319, 38.29684577048801], [-94.61267124920319, 38.29715992795297], [-94.61267124920319, 38.29877572069007], [-94.61267124920319, 38.30133405300477], [-94.61267124920319, 38.30146872893482], [-94.61267124920319, 38.30254588584457], [-94.61271615339238, 38.30505937521377], [-94.61271615339237, 38.30523890630609], [-94.61271615339237, 38.310265822073674], [-94.61271615339238, 38.31152259230852], [-94.61271615339237, 38.311702106058135], [-94.61271615339238, 38.31273440107678], [-94.61271615339237, 38.31309350183549], [-94.61271615339238, 38.31421556894355], [-94.61271615339238, 38.31439507546549], [-94.61267124920319, 38.31457465873895], [-94.61267124920319, 38.31484395702829], [-94.61271615339237, 38.315965997767414], [-94.61271615339238, 38.317222741135275], [-94.61280588310262, 38.32014016167794], [-94.61280588310262, 38.324404076608076], [-94.61289569174058, 38.33046334214823], [-94.61289569174058, 38.33059795939823], [-94.61298542174724, 38.335714664999024], [-94.613030326196, 38.33580443154833], [-94.61298542174723, 38.33593911623336], [-94.61298542174723, 38.33665722676618], [-94.61298542174723, 38.337106041928], [-94.61294051733557, 38.33728556518137], [-94.61294051733557, 38.33737532761414], [-94.613030326196, 38.34365904312293], [-94.61312005642492, 38.34985290484867], [-94.61316496098492, 38.353443595103094], [-94.6132547702162, 38.359727238433614], [-94.6132547702162, 38.36084932360556], [-94.613209865582, 38.3620611182617], [-94.613209865582, 38.36210602291429], [-94.613209865582, 38.3621958321287], [-94.613209865582, 38.36435017458794], [-94.613209865582, 38.36443998077932], [-94.6132547702162, 38.36470923899023], [-94.6132547702162, 38.36605575057172], [-94.6132547702162, 38.36636998347543], [-94.6132547702162, 38.36677385757851], [-94.6132547702162, 38.36686366050094], [-94.6132547702162, 38.36695346330239], [-94.61312005642492, 38.36708808514261], [-94.61316496098492, 38.36735741278854], [-94.61312005642492, 38.368838490656145], [-94.61312005642492, 38.36982596495862], [-94.61312005642492, 38.370184999162404], [-94.61307523068186, 38.37031969297277], [-94.6132547702162, 38.375526106949174], [-94.613209865582, 38.38872185971685], [-94.6132547702162, 38.39222268937861], [-94.6132547702162, 38.39244711068539], [-94.61329959610732, 38.39608271307136], [-94.61334450081564, 38.39989779052992], [-94.61334450081564, 38.40353330347157], [-94.61329959610732, 38.40389239716977], [-94.61329959610732, 38.40519396209614], [-94.61334450081564, 38.406899531892016], [-94.61334450081564, 38.40748305719149], [-94.61334450081564, 38.40757280520387], [-94.61334450081564, 38.40797674989178], [-94.61338940556107, 38.40950275765158], [-94.61338940556107, 38.41129812103407], [-94.61338940556107, 38.41560692347815], [-94.61338940556107, 38.41636992481357], [-94.61338940556107, 38.417716432939194], [-94.61338940556107, 38.41794084830697], [-94.61343431034359, 38.41856922177683], [-94.61343431034359, 38.41870390140201], [-94.61338940556107, 38.422653556138286], [-94.61338940556107, 38.42269850002776], [-94.61343431034359, 38.42373075730218], [-94.61343431034359, 38.424448882850065], [-94.61347913638278, 38.42543633409842], [-94.61343431034359, 38.426064717049336], [-94.61343431034359, 38.429879836365814], [-94.61338940556107, 38.43189958001069], [-94.61338940556107, 38.432123947452595], [-94.61334450081564, 38.43239325356136], [-94.61334450081564, 38.432842064469234], [-94.61334450081564, 38.43418855908361], [-94.61329959610732, 38.43571460890246], [-94.61329959610732, 38.43782412057784], [-94.61329959610732, 38.44033763347428], [-94.61329959610732, 38.442447158345445], [-94.6132547702162, 38.44352435993687], [-94.6132547702162, 38.443703838546256], [-94.6132547702162, 38.44464639360519], [-94.6132547702162, 38.446172441051296], [-94.6132547702162, 38.446666166542755], [-94.61329959610732, 38.447518905914755], [-94.61329959610732, 38.44778822754582], [-94.61334450081564, 38.44900011854914], [-94.61338940556107, 38.45075052745053], [-94.61338940556107, 38.45155844961618], [-94.61338940556107, 38.45227659438645], [-94.61338940556107, 38.45254589666957], [-94.61338940556107, 38.452860041245074], [-94.61338940556107, 38.45393723433197], [-94.61338940556107, 38.45434121726427], [-94.61338940556107, 38.4543860596183], [-94.61338940556107, 38.45568767579879], [-94.61338940556107, 38.45631609382709], [-94.61334450081564, 38.45797671578062], [-94.61334450081564, 38.4586948711105], [-94.61334450081564, 38.4587846299707], [-94.61334450081564, 38.459098825058845], [-94.61334450081564, 38.45977204947716], [-94.61329959610732, 38.461163478953715], [-94.61329959610732, 38.46143274514811], [-94.61329959610732, 38.46161225533639], [-94.61329959610732, 38.46215086304909], [-94.6132547702162, 38.46322806556335], [-94.613209865582, 38.463542242921314], [-94.613209865582, 38.463721827472554], [-94.613209865582, 38.464439920618496], [-94.613209865582, 38.46466433814197], [-94.6132547702162, 38.46493366681896], [-94.613209865582, 38.46614549073974], [-94.613209865582, 38.4664148167666], [-94.61316496098492, 38.467447119767186], [-94.61316496098492, 38.4682999116622], [-94.61316496098492, 38.46834474457852], [-94.61312005642492, 38.470095209602114], [-94.61312005642492, 38.471531490185036], [-94.61307523068186, 38.47278826071158], [-94.613030326196, 38.474852889099616], [-94.613030326196, 38.47552611368352], [-94.613030326196, 38.47566075777865], [-94.613030326196, 38.475840309496], [-94.613030326196, 38.477096997783335], [-94.61298542174723, 38.47745609672957], [-94.61294051733557, 38.47754583396955], [-94.61289569174058, 38.47759074134433], [-94.61276105761867, 38.482123929941096], [-94.61271615339238, 38.48302160010772], [-94.61280588310262, 38.48306649837548], [-94.61285078740306, 38.48311139739984], [-94.61285078740306, 38.4831563003388], [-94.61289569174058, 38.48315629637127], [-94.61285078740306, 38.484368107895044], [-94.61276105761867, 38.48917062275459], [-94.61276105761867, 38.489439935241805], [-94.61271615339238, 38.4901580740326], [-94.61267124920319, 38.4902926925762], [-94.61267124920319, 38.49128012298328], [-94.61267124920319, 38.49154942690174], [-94.61267124920319, 38.49168411846497], [-94.61267124920319, 38.49181872972343], [-94.61253661563724, 38.49585823047896], [-94.6124468075926, 38.50003239851048], [-94.61240198240482, 38.50182771475647], [-94.61240198240482, 38.50636091578252], [-94.61231217458266, 38.51874870719558], [-94.61231217458266, 38.5188833433628], [-94.61231217458266, 38.52049919593673], [-94.61231217458266, 38.520813338235214], [-94.61231217458266, 38.52229451462614], [-94.61231217458266, 38.528174175379625], [-94.61231217458266, 38.53270740760445], [-94.61231217458266, 38.5332908655573], [-94.61231217458266, 38.53522091888119], [-94.61226727072723, 38.546576319673335], [-94.61226727072723, 38.546666119252016], [-94.6121775419062, 38.54765351628881], [-94.61208781323332, 38.54765352577594], [-94.61208781323333, 38.54976306970303], [-94.61213263816201, 38.5503016761552], [-94.6121775419062, 38.564305255188025], [-94.6121775419062, 38.56551709304203], [-94.61199800593032, 38.57184566932883], [-94.61186337403213, 38.57646863376186], [-94.61186337403213, 38.57651347323579], [-94.61181847054752, 38.576558399956426], [-94.61181847054752, 38.57786000938452], [-94.61181847054752, 38.57848838538488], [-94.61181847054752, 38.579700202175964], [-94.61181847054752, 38.58023880688913], [-94.61190827755385, 38.58073255556348], [-94.61190827755385, 38.585445262678206], [-94.61190827755385, 38.58854220831169], [-94.61190827755385, 38.59253686324021], [-94.61190827755385, 38.60164816905966], [-94.61190827755385, 38.60209694990753], [-94.61190827755385, 38.60591206245854], [-94.61190827755385, 38.60761765412455], [-94.61177356709999, 38.60923343354155], [-94.61172874246746, 38.60941294706092], [-94.61172874246746, 38.60950274080735], [-94.61172874246746, 38.610310639336966], [-94.61172874246746, 38.612330382091464], [-94.61168383909408, 38.61273428402084], [-94.61168383909408, 38.61461943213002], [-94.61163893575781, 38.617985636576236], [-94.61159403245863, 38.62058887501818], [-94.61145940156119, 38.624987420434294], [-94.61145940156119, 38.62557093917629], [-94.61145940156119, 38.62570559661001], [-94.61150430474913, 38.62929627027126], [-94.61150430474913, 38.62934115356078], [-94.61159403245863, 38.63382947099345], [-94.61159403245863, 38.63472714863987], [-94.61145940156119, 38.63472709445219], [-94.61141449841035, 38.63477198357805], [-94.61136967407398, 38.63481686955912], [-94.61132477099729, 38.63486175859324], [-94.61127986795769, 38.635041285858954], [-94.61127986795769, 38.63584918956976], [-94.61127986795769, 38.63652244836168], [-94.61123496495519, 38.63764456718764], [-94.61123496495519, 38.638183176007814], [-94.61119014076691, 38.640831284892506], [-94.61119014076691, 38.64132499246998], [-94.61110033494728, 38.64262661587447], [-94.61110033494728, 38.64356912679324], [-94.61110033494728, 38.64361400032283], [-94.61110033494728, 38.643973067298376], [-94.61105543209314, 38.64496052110922], [-94.61105543209312, 38.6457235104407], [-94.61101060805292, 38.64617239604461], [-94.61101060805292, 38.64715980695324], [-94.61101060805292, 38.64751885451529], [-94.61092080253, 38.64908981406635], [-94.61092080253, 38.64931416252706], [-94.61092080253, 38.65021186803395], [-94.6108758998242, 38.652186722984915], [-94.6108758998242, 38.65259069024291], [-94.61092080253, 38.65321905984966], [-94.6108758998242, 38.655014361599356], [-94.6108758998242, 38.65604666394164], [-94.61083107593207, 38.65676482646217], [-94.61083107593207, 38.656854555423465], [-94.6107861733004, 38.65779711146079], [-94.6107861733004, 38.65815618057685], [-94.6107861733004, 38.65833571439595], [-94.61074127070582, 38.66035550609747], [-94.61074127070582, 38.661567329083695], [-94.61069636814837, 38.6635422411758], [-94.61069636814837, 38.663811479659465], [-94.61069636814837, 38.66605570253259], [-94.61065154440432, 38.667491953066886], [-94.61065154440432, 38.66852421836329], [-94.610606641921, 38.67067866019708], [-94.610606641921, 38.67081330480434], [-94.61056173947478, 38.67247396276566], [-94.61056173947478, 38.672608603680835], [-94.61056173947478, 38.67296767136899], [-94.61051683706566, 38.674179511061205], [-94.61051683706566, 38.67467328661113], [-94.61051683706566, 38.675346545597954], [-94.61051683706566, 38.676378846613396], [-94.6104720134697, 38.676513487249885], [-94.6104720134697, 38.677904890274306], [-94.61042711113473, 38.67920649661954], [-94.61038220883685, 38.68131597888254], [-94.61033730657608, 38.683380626732465], [-94.61033730657608, 38.68400895029376], [-94.61029240435242, 38.685669672757605], [-94.61029240435242, 38.685938979796106], [-94.61024758094159, 38.6865673666421], [-94.61020267879206, 38.68809333569025], [-94.61020267879206, 38.68867685116015], [-94.61020267879206, 38.68885638105718], [-94.61020267879206, 38.68917059708462], [-94.61015777667964, 38.6904721392148], [-94.61011287460433, 38.69195333646121], [-94.61011287460433, 38.69249189769037], [-94.61011287460433, 38.69406287536149], [-94.61011287460433, 38.69446682354027], [-94.61006805134157, 38.69464634585994], [-94.61006805134157, 38.6952747207524], [-94.61002314934039, 38.697294410752676], [-94.61002314934039, 38.69823701240232], [-94.61002314934039, 38.69828184846832], [-94.60997824737632, 38.698955115334556], [-94.60997824737632, 38.70007719211453], [-94.60997824737632, 38.70066068037062], [-94.60993334544935, 38.70146858408522], [-94.60993334544935, 38.7016480788487], [-94.60993334544935, 38.701872566271284], [-94.60993334544935, 38.70218671972589], [-94.60993334544935, 38.702815101871266], [-94.6098885223347, 38.70402694477638], [-94.6098885223347, 38.70546323166439], [-94.6098885223347, 38.705508062770626], [-94.6098885223347, 38.705777367842266], [-94.60979871866616, 38.70730337941272], [-94.60975381688755, 38.708245928283105], [-94.60975381688755, 38.70838057532265], [-94.60975381688755, 38.709053886117104], [-94.60975381688755, 38.70918853148866], [-94.60975381688755, 38.709547557865214], [-94.60970899392098, 38.710849170305885], [-94.60970899392098, 38.71268938201033], [-94.6096640922165, 38.71448472893414], [-94.6096640922165, 38.715202880968235], [-94.60961919054913, 38.71560679028409], [-94.60961919054913, 38.7159658611246], [-94.60961919054913, 38.71645964011896], [-94.60957428891886, 38.71821006112508], [-94.6095293873257, 38.71987071309556], [-94.60948456454427, 38.721710918893294], [-94.60948456454427, 38.723237012953426], [-94.60948456454427, 38.723596041803766], [-94.60948456454427, 38.723820453767715], [-94.60943966302524, 38.72588511570075], [-94.60939476154334, 38.72660323445864], [-94.60943966302524, 38.7271867124528], [-94.60939476154334, 38.72862298073785], [-94.60939476154334, 38.72889227019414], [-94.60939476154334, 38.72934113664166], [-94.60939476154334, 38.72965531739212], [-94.60934986009852, 38.73014900533385], [-94.60934986009852, 38.730328500983006], [-94.60934986009852, 38.73077735755133], [-94.60934986009852, 38.731136424630925], [-94.60930503746519, 38.73176477683948], [-94.60921523476097, 38.73382943944152], [-94.60917033346452, 38.735355501900244], [-94.60917033346452, 38.73549009300938], [-94.60917033346452, 38.73562476357414], [-94.60917033346452, 38.735938914075234], [-94.60908060975697, 38.73809337811889], [-94.60908060975697, 38.738587069393624], [-94.60908060975697, 38.73863195748115], [-94.60908060975697, 38.73912564467145], [-94.60908060975697, 38.74015797458326], [-94.60908060975697, 38.74047218296311], [-94.60908060975697, 38.74074142349677], [-94.60908060975697, 38.74114540179967], [-94.60908060975697, 38.74119028812299], [-94.60908060975697, 38.74123517441537], [-94.60908060975697, 38.741280060676786], [-94.60908060975697, 38.74154937759523], [-94.60903570857177, 38.7424470258212], [-94.60903570857177, 38.7424919112487], [-94.60903570857177, 38.744242339051404], [-94.60899080742365, 38.745678630803404], [-94.60899080742365, 38.746082578492555], [-94.60894590631267, 38.747877884335836], [-94.60894590631267, 38.74823693695025], [-94.60894590631267, 38.74832669979424], [-94.60894590631267, 38.74837166088802], [-94.60894590631267, 38.74850630482873], [-94.60894590631267, 38.74873071077733], [-94.60894590631267, 38.74882047294005], [-94.60894590631267, 38.74904487780497], [-94.60894590631267, 38.74908975868506], [-94.60894590631267, 38.74922440113957], [-94.60890108401256, 38.74989761931693], [-94.60890108401256, 38.75034650057554], [-94.60890108401256, 38.750391380559456], [-94.60890108401256, 38.75128905345007], [-94.60890108401256, 38.75155832898727], [-94.60885618297571, 38.75268039138507], [-94.60885618297571, 38.75335364347737], [-94.60885618297571, 38.75366786791502], [-94.60881128197596, 38.75510411154357], [-94.60876638101334, 38.75703411413307], [-94.60876638101334, 38.75887429792063], [-94.60872155886133, 38.760535028122476], [-94.60872155886133, 38.76057990108264], [-94.60872155886133, 38.76062477401184], [-94.60867665797284, 38.76233033447034], [-94.60867665797284, 38.76340748636539], [-94.60867665797284, 38.7642153983463], [-94.60867665797284, 38.765023300284426], [-94.60863175712144, 38.76583120589868], [-94.60863175712144, 38.76605563182349], [-94.60858685630717, 38.76686352466035], [-94.60858685630717, 38.76695334151818], [-94.60858685630717, 38.767222631956535], [-94.60858685630717, 38.76762652567429], [-94.60858685630717, 38.76776120948532], [-94.60858685630717, 38.76780607746214], [-94.60858685630717, 38.76910771347008], [-94.60858685630717, 38.76933212808799], [-94.60858685630717, 38.76955654193077], [-94.60854195553, 38.771306973143524], [-94.60854195553, 38.77157624554914], [-94.60854195553, 38.772159731673284], [-94.60854195553001, 38.77233927094087], [-94.60854195553, 38.772384215446834], [-94.60854195553001, 38.77242908023295], [-94.60854195553, 38.772653483387224], [-94.60854195553, 38.772788156783015], [-94.60854195553, 38.77287788576629], [-94.60854195553, 38.77337163202156], [-94.60854195553001, 38.773416496125705], [-94.60849713356313, 38.77408970392741], [-94.60849713356313, 38.77417951080302], [-94.60849713356313, 38.775166979812425], [-94.60849713356313, 38.77705207001199], [-94.6084522328601, 38.77785990627812], [-94.6084522328601, 38.778578077084894], [-94.6084522328601, 38.77871273820697], [-94.6084522328601, 38.77880245901259], [-94.6084522328601, 38.78068760311519], [-94.60849713356313, 38.78163010051719], [-94.6084522328601, 38.78185456586047], [-94.6084522328601, 38.782078936465325], [-94.6084522328601, 38.78243803936722], [-94.6084522328601, 38.78293171297859], [-94.6084522328601, 38.783156159536254], [-94.6084522328601, 38.78324595387714], [-94.6084522328601, 38.783335668418424], [-94.6084522328601, 38.78432315758275], [-94.60840733219418, 38.7847271187562], [-94.60840733219418, 38.78486176713003], [-94.60840733219418, 38.784996415224555], [-94.60840733219418, 38.78616338023397], [-94.60840733219418, 38.78710589212847], [-94.60840733219418, 38.787599609929295], [-94.60840733219418, 38.78804847000511], [-94.60840733219418, 38.78966422903727], [-94.60836243156537, 38.789754028955905], [-94.60836243156537, 38.78984381417624], [-94.60836243156537, 38.78988866690615], [-94.60836243156537, 38.79006815718288], [-94.60836243156537, 38.790427295580194], [-94.60836243156537, 38.79087605644927], [-94.60836243156537, 38.791145407079874], [-94.60836243156537, 38.7915493114313], [-94.60836243156537, 38.792985581309885], [-94.60836243156537, 38.79338955386852], [-94.60836243156537, 38.79401793292367], [-94.60836243156537, 38.79424234115942], [-94.60836243156537, 38.79433212016874], [-94.60836243156537, 38.79437696979588], [-94.60836243156537, 38.794646305892094], [-94.60831760974659, 38.79527468445612], [-94.60831760974659, 38.796217223403616], [-94.60831760974659, 38.79635184794682], [-94.60831760974659, 38.7963967758387], [-94.60831760974659, 38.7964864722106], [-94.60831760974659, 38.79653140000923], [-94.60831760974659, 38.79706997355567], [-94.60831760974659, 38.7981471868893], [-94.60831760974659, 38.798326733981604], [-94.60827270919195, 38.79859598893042], [-94.60827270919195, 38.798865307529724], [-94.60827270919195, 38.79989764530511], [-94.60827270919195, 38.80021180409497], [-94.60827270919195, 38.800660656621794], [-94.60827270919195, 38.80142365896042], [-94.60827270919195, 38.801468583340636], [-94.60822780867437, 38.801917362530396], [-94.60822780867437, 38.802545738695116], [-94.60822780867437, 38.80299457508425], [-94.60822780867437, 38.80402692681256], [-94.60822780867437, 38.80407176974092], [-94.60822780867437, 38.80429622286649], [-94.60822780867437, 38.805059182453505], [-94.60822780867437, 38.8053284742195], [-94.60818290819392, 38.80649548710758], [-94.60818290819392, 38.808245944344655], [-94.60818290819392, 38.80856014235246], [-94.60818290819392, 38.809233373158136], [-94.60818290819392, 38.809682163262416], [-94.60818290819392, 38.80995151547594], [-94.60818290819392, 38.80999635430758], [-94.60818290819392, 38.81013102990136], [-94.60818290819392, 38.81035546205497], [-94.60818290819392, 38.81075940611613], [-94.60818290819392, 38.81107359193863], [-94.60804828574776, 38.8110735551868], [-94.60791366363514, 38.815472120182356], [-94.60791366363514, 38.816414684390956], [-94.60768924167408, 38.825660654778204], [-94.60768924167408, 38.82579529786807], [-94.60768924167408, 38.825974848093324], [-94.60764434163872, 38.827545727985914], [-94.60768924167408, 38.82978987408802], [-94.60768924167408, 38.83171987390424], [-94.60773406297446, 38.832931764101296], [-94.60786876341432, 38.83984379416451], [-94.60804828574776, 38.84720463507414], [-94.60804828574776, 38.849852769726716], [-94.60804828574776, 38.84994247169724], [-94.60804828574776, 38.85003225313671], [-94.60800338541567, 38.85012205132774], [-94.60800338541567, 38.85025672307157], [-94.60791366363516, 38.85308431817689], [-94.60791366363514, 38.853129206735765], [-94.60795848512068, 38.85317408140277], [-94.60800338541567, 38.853802500484946], [-94.60800338541567, 38.853892196977924], [-94.60800338541567, 38.853981972934974], [-94.60804828574776, 38.85407173173093], [-94.60804828574776, 38.85411661959852], [-94.60804828574776, 38.85465527157769], [-94.60804828574776, 38.854745046471066], [-94.60804828574776, 38.85478993387098], [-94.60804828574776, 38.85496940357155], [-94.60804828574776, 38.85501429081563], [-94.60800338541567, 38.856271058531334], [-94.60800338541567, 38.85631594487311], [-94.60800338541567, 38.85640571746312], [-94.60804828574776, 38.85869477956168], [-94.60804828574776, 38.85878454884301], [-94.60804828574776, 38.859412850738046], [-94.60804828574776, 38.859502619021654], [-94.60804828574776, 38.859816807032026], [-94.60804828574776, 38.85986169090878], [-94.60804828574776, 38.86053494531805], [-94.60804828574776, 38.86071447864222], [-94.60804828574776, 38.86125307562106], [-94.60804828574776, 38.86134284134762], [-94.60804828574776, 38.86138772416413], [-94.60804828574776, 38.86201608032079], [-94.60800338541567, 38.86650441708008], [-94.60800338541567, 38.86681865061939], [-94.60800338541567, 38.867267439348524], [-94.60800338541567, 38.86794069616539], [-94.60800338541567, 38.868030452601104], [-94.60804828574776, 38.86919741640185], [-94.60804828574776, 38.869466759652404], [-94.60804828574776, 38.86973602221021], [-94.60804828574776, 38.87184552499458], [-94.60804828574776, 38.872563688661934], [-94.60804828574776, 38.873820416072675], [-94.60800338541567, 38.87480781704937], [-94.60800338541567, 38.87606458038022], [-94.60800338541567, 38.87889220839605], [-94.60800338541567, 38.88014897174446], [-94.60800338541567, 38.88145057948636], [-94.60800338541567, 38.8824380049923], [-94.60800338541567, 38.88288684423588], [-94.60795848512068, 38.88382939879581], [-94.60795848512068, 38.8866121395852], [-94.60795848512068, 38.88863192006232], [-94.60795848512068, 38.89006818405733], [-94.60795848512068, 38.89092097055423], [-94.60795848512068, 38.89343440186584], [-94.60795848512068, 38.89370372351392], [-94.60800338541567, 38.89397302540248], [-94.60800338541567, 38.894017885532044], [-94.60800338541567, 38.894152545272455], [-94.60800338541567, 38.894287204731576], [-94.60795848512068, 38.89464626088347], [-94.60795848512068, 38.8964864358976], [-94.60795848512068, 38.896935336458064], [-94.60800338541567, 38.89823690480805], [-94.60800338541567, 38.898685793158656], [-94.60800338541567, 38.89904480614841], [-94.60795848512068, 38.899314123195346], [-94.60800338541567, 38.89958340141548], [-94.60800338541567, 38.9000322803874], [-94.60795848512068, 38.90021180226887], [-94.60795848512068, 38.90039130477049], [-94.60800338541567, 38.90084015922065], [-94.60800338541567, 38.90106459472038], [-94.60795848512068, 38.90182762490122], [-94.60800338541567, 38.90250082025613], [-94.60800338541567, 38.9025906081419], [-94.60800338541567, 38.90299453278719], [-94.60800338541567, 38.90335360129976], [-94.60800338541567, 38.90353317456935], [-94.60800338541567, 38.903712667811206], [-94.60795848512068, 38.904789874411165], [-94.60795848512068, 38.90564262519108], [-94.60795848512068, 38.90600175848394], [-94.60795848512068, 38.906675008726204], [-94.60795848512068, 38.90757266477019], [-94.60795848512068, 38.908021488101085], [-94.60795848512068, 38.90873964663797], [-94.60795848512068, 38.90900890432441], [-94.60795848512068, 38.90968212313563], [-94.60795848512068, 38.911028698682856], [-94.60795848512068, 38.91183651917202], [-94.60795848512068, 38.91224054489152], [-94.60795848512068, 38.912689335692704], [-94.60800338541567, 38.912913790034764], [-94.60800338541567, 38.913048410287224], [-94.60800338541567, 38.913138183471034], [-94.60795848512068, 38.91345236829435], [-94.60800338541567, 38.9192423073029], [-94.60800338541567, 38.91933207184985], [-94.60800338541567, 38.9194218362716], [-94.60800338541567, 38.91960136473957], [-94.60800338541567, 38.91982581437401], [-94.60800338541567, 38.91991557810719], [-94.60800338541567, 38.92027463178795], [-94.60800338541567, 38.92045415787719], [-94.60800338541567, 38.920813208553376], [-94.60800338541567, 38.92117225722646], [-94.60800338541567, 38.92144154241672], [-94.60800338541567, 38.922384150965655], [-94.60800338541567, 38.9224739111306], [-94.60800338541567, 38.92296762955165], [-94.60800338541567, 38.92332666620482], [-94.60800338541567, 38.92346134418472], [-94.60800338541567, 38.92373061979638], [-94.60800338541567, 38.92417948948036], [-94.60800338541567, 38.92440384364643], [-94.60800338541567, 38.92516689636206], [-94.60800338541567, 38.92566059412061], [-94.60800338541567, 38.92615428809087], [-94.60800338541567, 38.92687248282867], [-94.60800338541567, 38.927007073888284], [-94.60800338541567, 38.92705199051119], [-94.60804828574776, 38.92750081701326], [-94.60804828574776, 38.92772523908625], [-94.60804828574776, 38.929251256621434], [-94.60804828574776, 38.9295205874852], [-94.60804828574776, 38.930867065900706], [-94.60804828574776, 38.9311812242432], [-94.60804828574776, 38.932438001251484], [-94.60804828574776, 38.93284189761678], [-94.60804828574776, 38.93382933047978], [-94.60795848512068, 38.9351310073383], [-94.60795848512068, 38.93540031360175], [-94.60795848512068, 38.93598375364489], [-94.60795848512068, 38.93611840513183], [-94.60795848512068, 38.93634279715444], [-94.60800338541567, 38.9368365477587], [-94.60800338541567, 38.93710584686771], [-94.60800338541567, 38.93728540547565], [-94.60800338541567, 38.93737514484874], [-94.60804828574776, 38.937823978376926], [-94.60809318611695, 38.93840745539272], [-94.60809318611695, 38.93849719319229], [-94.60809318611695, 38.93854210178721], [-94.60809318611695, 38.938631918882926], [-94.60813800775058, 38.939484680705746], [-94.60813800775058, 38.93997834798639], [-94.60813800775058, 38.94006816307178], [-94.60813800775058, 38.94020280598242], [-94.60813800775058, 38.940606733022214], [-94.60813800775058, 38.94087601630529], [-94.60813800775058, 38.941010657523776], [-94.60813800775058, 38.94208785659838], [-94.60813800775058, 38.94298557493557], [-94.60813800775058, 38.943030480392956], [-94.60813800775058, 38.94316511709833], [-94.60813800775058, 38.944107645615894], [-94.60813800775058, 38.94612737115567], [-94.60813800775058, 38.94680067836939], [-94.60813800775058, 38.94859597083593], [-94.60813800775058, 38.94931407377643], [-94.60813800775058, 38.9516480118343], [-94.60813800775058, 38.951872429071145], [-94.60813800775058, 38.95196222753339], [-94.60813800775058, 38.95348822592407], [-94.60813800775058, 38.955193855536784], [-94.60813800775058, 38.95582217124175], [-94.60813800775058, 38.95618126278624], [-94.60813800775058, 38.956226159020915], [-94.60813800775058, 38.95671985660716], [-94.60813800775058, 38.95739313226123], [-94.60813800775058, 38.95815611119791], [-94.60813800775058, 38.959906589951196], [-94.60809318611695, 38.96084912951111], [-94.60809318611695, 38.9613427915719], [-94.60809318611695, 38.96277910171652], [-94.60809318611695, 38.96291377649137], [-94.60809318611695, 38.963048371529766], [-94.60809318611695, 38.96309326296446], [-94.60809318611695, 38.96336261091334], [-94.60809318611695, 38.96372166030063], [-94.60809318611695, 38.96412559839218], [-94.60813800775058, 38.964798857410344], [-94.60813800775058, 38.96497833860487], [-94.60813800775058, 38.9654272380227], [-94.60813800775058, 38.966414646790454], [-94.60818290819392, 38.96749187487357], [-94.60818290819392, 38.96910759638449], [-94.60818290819392, 38.97063366388122], [-94.60818290819392, 38.97099275200403], [-94.60818290819392, 38.971980154535885], [-94.60822780867437, 38.97292271486487], [-94.60822780867437, 38.97310225276409], [-94.60822780867437, 38.97373063145428], [-94.60822780867437, 38.97391016709231], [-94.60827270919195, 38.97395502893903], [-94.60822780867437, 38.97408970222786], [-94.60827270919195, 38.97471804922993], [-94.60827270919195, 38.97512199747409], [-94.60836243156537, 38.976513393597024], [-94.60836243156537, 38.9766929214241], [-94.60836243156537, 38.97741102770705], [-94.60840733219418, 38.97777013507384], [-94.60840733219418, 38.97812918317486], [-94.6084522328601, 38.97871268923402], [-94.6084522328601, 38.97929613277805], [-94.6084522328601, 38.980014289285414], [-94.60831760974659, 38.98194422499145], [-94.60818290819392, 38.98400889535186], [-94.60818290819392, 38.98436798801926], [-94.60813800775058, 38.98486165032807], [-94.60813800775058, 38.9851758622834], [-94.60809318611695, 38.985490012561655], [-94.60809318611695, 38.9856247190885], [-94.60800338541567, 38.98755470571961], [-94.60800338541567, 38.98759958000945], [-94.60800338541567, 38.98777907685459], [-94.60795848512068, 38.98912554791845], [-94.60795848512068, 38.99087605563153], [-94.60795848512068, 38.99271625697407], [-94.60795848512068, 38.9928059982973], [-94.60795848512068, 38.99294068946332], [-94.60795848512068, 38.99316504174979], [-94.60795848512068, 38.99325486186091], [-94.60795848512068, 38.9935241626064], [-94.60791366363514, 38.99370366240971], [-94.60791366363514, 38.9944218166858], [-94.60791366363514, 38.99478085109768], [-94.60791366363514, 38.99496040725625], [-94.60791366363514, 38.99576828462177], [-94.60791366363516, 38.99639667958177], [-94.60791366363514, 38.99662109918694], [-94.60791366363516, 38.99715967126676], [-94.60791366363516, 38.99751876974502], [-94.60786876341433, 38.998236904066594], [-94.60791366363516, 38.99846129440928], [-94.60791366363514, 38.99855110709819], [-94.60786876341433, 38.99895500755081], [-94.60786876341433, 38.9992242843555], [-94.60786876341433, 38.99926922988706], [-94.60786876341432, 38.99967318239208], [-94.60786876341433, 38.99989759052633], [-94.60786876341433, 39.00007713234919], [-94.60786876341433, 39.00016686336789], [-94.60786876341432, 39.000256673668694], [-94.60786876341433, 39.000525945000426], [-94.60786876341433, 39.00057081021107], [-94.60786876341433, 39.00110942850736], [-94.60786876341432, 39.001917307754645], [-94.60786876341433, 39.00214170802502], [-94.60786876341432, 39.00272525621434], [-94.60782386323059, 39.00308426708871], [-94.60782386323059, 39.00357800119145], [-94.60782386323059, 39.00434098678705], [-94.60782386323059, 39.00443079123721], [-94.60782386323059, 39.00514890469681], [-94.60782386323059, 39.00600167381842], [-94.60782386323059, 39.00649538542322], [-94.60782386323059, 39.006944232505134], [-94.60782386323059, 39.00716869456554], [-94.60782386323059, 39.00793171676668], [-94.60777896308397, 39.010849084666965], [-94.60777896308397, 39.011297901237945], [-94.60777896308397, 39.011432553534874], [-94.60777896308397, 39.011971159889384], [-94.60777896308397, 39.01237511168041], [-94.60777896308397, 39.01277906092152], [-94.60777896308397, 39.01345230399015], [-94.60777896308397, 39.01390118169465], [-94.60777896308397, 39.01403582851382], [-94.60773406297446, 39.01457443637571], [-94.60773406297446, 39.01515787130046], [-94.60773406297446, 39.01529251548059], [-94.60773406297446, 39.01659416713013], [-94.60773406297446, 39.01668395439573], [-94.60773406297446, 39.016773662147976], [-94.60768924167408, 39.01740203023308], [-94.60768924167408, 39.01762645564224], [-94.60768924167408, 39.01771624146269], [-94.60768924167408, 39.01780602715712], [-94.60768924167408, 39.01933204714487], [-94.60764434163872, 39.020858054361895], [-94.60764434163872, 39.02108246765494], [-94.60764434163872, 39.02117224862806], [-94.60764434163872, 39.021351810196215], [-94.60764434163872, 39.022563639144764], [-94.60764434163872, 39.022743196806445], [-94.60764434163872, 39.02319200937563], [-94.60764434163872, 39.02346126365361], [-94.60759944164045, 39.02413457689333], [-94.60759944164045, 39.02422427420731], [-94.60759944164045, 39.024897555692526], [-94.60759944164045, 39.026064549556565], [-94.60755454167932, 39.02835357219903], [-94.60755454167932, 39.0303284206905], [-94.60755454167932, 39.03086702679143], [-94.60750964175527, 39.030956818019725], [-94.60750964175527, 39.032078858271895], [-94.60750964175527, 39.03333564378167], [-94.60750964175527, 39.03387422456339], [-94.60750964175527, 39.03423327589629], [-94.60750964175527, 39.03441280080625], [-94.60750964175527, 39.03450256307211], [-94.60746482064003, 39.03544511997635], [-94.60746482064003, 39.03557980084026], [-94.60746482064003, 39.03584908235283], [-94.60746482064003, 39.0363877213366], [-94.60746482064003, 39.03665699944445], [-94.60746482064003, 39.03688143668199], [-94.60746482064003, 39.036926276417496], [-94.60746482064003, 39.0369711954838], [-94.60746482064003, 39.03710579376905], [-94.60746482064003, 39.03733022943016], [-94.60746482064003, 39.03746490632074], [-94.60741992079015, 39.03759952778253], [-94.60741992079015, 39.037689285579226], [-94.60741992079015, 39.038093233784416], [-94.60741992079015, 39.0397090804242], [-94.60741992079015, 39.03975391817705], [-94.60741992079015, 39.040472032164104], [-94.60741992079015, 39.04083112580919], [-94.60741992079015, 39.04087604213192], [-94.60741992079015, 39.041190217435684], [-94.60741992079015, 39.04159414350475], [-94.60741992079015, 39.04190831527662], [-94.60737502097737, 39.04271625953812], [-94.60741992079015, 39.04280598574157], [-94.60737502097737, 39.042985510993915], [-94.60737502097737, 39.044107578225784], [-94.60737502097737, 39.044646226977214], [-94.60737502097737, 39.046441557753134], [-94.60733012120168, 39.04828177378192], [-94.60733012120168, 39.0488203873465], [-94.60733012120168, 39.04953847880028], [-94.60733012120168, 39.050256641523276], [-94.60733012120168, 39.05110936496044], [-94.60733012120168, 39.05227635648521], [-94.60733012120168, 39.05317403996277], [-94.60733012120168, 39.054385900566054], [-94.60733012120168, 39.055373287326475], [-94.60733012120168, 39.05734817369414], [-94.60733012120168, 39.05775215625705], [-94.60733012120168, 39.05869466651093], [-94.60733012120168, 39.05887420202877], [-94.60733012120168, 39.06057980391985], [-94.60728530023457, 39.06192625057736], [-94.60728530023457, 39.06224048099981], [-94.60728530023457, 39.06277905612708], [-94.60728530023457, 39.06367675056398], [-94.60724040053303, 39.063811397107536], [-94.60728530023457, 39.063945992968634], [-94.60724040053303, 39.06394601817324], [-94.60715060124132, 39.06461924897502], [-94.60733012120168, 39.06470902966965], [-94.60733012120168, 39.06475392919724], [-94.60724040053303, 39.06569646280603], [-94.60724040053303, 39.06632480565862], [-94.60728530023457, 39.067222504218904], [-94.60728530023457, 39.06749181098062], [-94.60733012120168, 39.06888320203656], [-94.60733012120168, 39.06969109783792], [-94.60733012120168, 39.069825706482284], [-94.60724040053303, 39.0707234288928], [-94.60733012120168, 39.07242898335841], [-94.60733012120168, 39.07247387745081], [-94.60733012120168, 39.07310223279024], [-94.60728530023457, 39.073416430636826], [-94.60724040053303, 39.073820337058656], [-94.60724040053303, 39.07404472300766], [-94.60724040053303, 39.07435897305153], [-94.60724040053303, 39.07440386578848], [-94.60733012120168, 39.074852663902085], [-94.60733012120168, 39.0749873409641], [-94.60733012120168, 39.075077046199105], [-94.60733012120168, 39.075121938426705], [-94.60733012120168, 39.07561567152937], [-94.60733012120168, 39.07579523873272], [-94.60733012120168, 39.075974726116385], [-94.60733012120168, 39.07628896662014], [-94.60733012120168, 39.07687239339153], [-94.60733012120168, 39.07772515766165], [-94.60733012120168, 39.079565398669935], [-94.60733012120168, 39.081630025072634], [-94.60733012120168, 39.08167491268454], [-94.60733012120168, 39.08185446281598], [-94.60733012120168, 39.081989125082536], [-94.60733012120168, 39.08212378706447], [-94.60724040053303, 39.08248285380315], [-94.60724040053303, 39.083111189827214], [-94.60724040053303, 39.08320096293977], [-94.60724040053303, 39.08329073592585], [-94.60724040053303, 39.08373951965464], [-94.60724040053303, 39.08611836163358], [-94.60724040053303, 39.086567204743744], [-94.60724040053303, 39.08750976498056], [-94.60724040053303, 39.08970901795756], [-94.60724040053303, 39.091190184013534], [-94.60715060124132, 39.0970250411032], [-94.60715060124132, 39.098461240623344], [-94.60715060124132, 39.09864082274913], [-94.60715060124132, 39.098820325082876], [-94.60715060124132, 39.09895495150099], [-94.60715060124132, 39.09917940751665], [-94.60715060124132, 39.09971798772682], [-94.60724040053303, 39.09989751305391], [-94.60719550086861, 39.09998728914419], [-94.60724040053303, 39.100032216466495], [-94.60719550086861, 39.10012199237226], [-94.60715060124132, 39.100391266043204], [-94.60715060124132, 39.1006605912321], [-94.60715060124132, 39.10142360700952], [-94.60715060124132, 39.101827548171585], [-94.60715060124132, 39.101917294907956], [-94.60715060124132, 39.104475657914506], [-94.60715060124132, 39.10537332006637], [-94.60715060124132, 39.10541819094995], [-94.60715060124132, 39.10559775344473], [-94.60724040053303, 39.10595674389602], [-94.60724040053303, 39.10667490542059], [-94.60724040053303, 39.107303240557734], [-94.60724040053303, 39.107482797717594], [-94.60724040053303, 39.10761748507351], [-94.60724040053303, 39.107796962072236], [-94.60724040053303, 39.10838049664141], [-94.60728530023457, 39.108739577361874], [-94.60728530023457, 39.10891905118748], [-94.60733012120168, 39.10990652056449], [-94.60733012120168, 39.110445089164386], [-94.60733012120168, 39.11120814602284], [-94.60733012120168, 39.11170183718872], [-94.60733012120168, 39.112420013063605], [-94.60737502097737, 39.113452289986135], [-94.60741992079015, 39.11358693742212], [-94.60800338541567, 39.115068071902634], [-94.60809318611695, 39.11520276716427], [-94.60831760974659, 39.11583112000669], [-94.60849713356313, 39.116235019719326], [-94.60827270919195, 39.11794064731253], [-94.60827270919195, 39.11807523313441], [-94.60827270919195, 39.118209897932516], [-94.60827270919195, 39.11829970072645], [-94.60822780867437, 39.11834459025873], [-94.60795848512068, 39.11906269555475], [-94.60768924167408, 39.11969106781346], [-94.60741992079015, 39.12027457623666], [-94.60692618243232, 39.120992713381035], [-94.60643244856176, 39.12157618316681], [-94.60593879794806, 39.122249440135136], [-94.60575920381616, 39.12238404573127], [-94.60548989250044, 39.122788012523145], [-94.60513086533537, 39.12323688498713], [-94.60450253412294, 39.123865182907224], [-94.60400874351464, 39.12435890559555], [-94.60355993278387, 39.12480773609067], [-94.60347021834231, 39.124897499764074], [-94.60338042528316, 39.124987266354516], [-94.60329063237248, 39.12507703275729], [-94.60059762294264, 39.12768027811379], [-94.60019373424177, 39.128039338430796], [-94.59364072916433, 39.134367893157346], [-94.59108238472295, 39.13683652136924], [-94.59027451568265, 39.138138072751914], [-94.58991543163876, 39.13899091055946], [-94.58942169495901, 39.14056182663488], [-94.58897284733125, 39.142985457794076], [-94.58883819376707, 39.14406266448976], [-94.58870361928163, 39.14500523979847], [-94.58838942971113, 39.14886523044273], [-94.58843431382407, 39.149852653774204], [-94.58865873494587, 39.15115425042282], [-94.58892796277273, 39.15164799211593], [-94.59067840932549, 39.154744929929294], [-94.59287770982279, 39.15622604595395], [-94.59386517182178, 39.15680950941198], [-94.59583999221205, 39.15757256983637], [-94.59610933442629, 39.15766233098705], [-94.59759050422224, 39.15824579821567], [-94.59794956029486, 39.15833558585426], [-94.59817394201185, 39.15842536855179], [-94.59952048806967, 39.15878439152498], [-94.60005905283512, 39.15891906263847], [-94.60091180443267, 39.1592781115012], [-94.60167485794666, 39.1595922892968], [-94.60171975304767, 39.15959234178623], [-94.60306622951059, 39.159996228802335], [-94.60647734759553, 39.160849040261354], [-94.60867665797284, 39.16102854901171], [-94.61105543209314, 39.16089391946732], [-94.61549886747484, 39.160130951247446], [-94.62335350399381, 39.15685441766098], [-94.62344325125996, 39.156809515409904], [-94.6235779118343, 39.156764656473726], [-94.62393698206377, 39.15663003527139], [-94.63556175224478, 39.154071698056676], [-94.63978074359342, 39.15371258614371], [-94.649295993121, 39.15402682087998], [-94.6506425438263, 39.15407165787963], [-94.65077719284282, 39.154116515960304], [-94.65095669910399, 39.15416140896889], [-94.65113620595622, 39.154206301629046], [-94.65580406461673, 39.155687441729405], [-94.65921525676858, 39.15784186985918], [-94.66141449089547, 39.16273417196867], [-94.6611452195135, 39.16390109859362], [-94.66033733449315, 39.168030406580954], [-94.65930498429078, 39.17005011361316], [-94.65917031421627, 39.17413449537724], [-94.65957432543716, 39.17467307785908], [-94.66159403217176, 39.177366066763874], [-94.66383822969347, 39.179116547976726], [-94.66527448253481, 39.18037331387323], [-94.66666582444746, 39.18118114786312], [-94.66908955988848, 39.18221346215002], [-94.67389208343894, 39.18355997911009], [-94.67824576058382, 39.18418833013747], [-94.6803552892679, 39.18432300071936], [-94.68206079764478, 39.184233230255415], [-94.68497823799527, 39.183963927815235], [-94.68686335722967, 39.1837394881716], [-94.68726725782592, 39.18364971848791], [-94.68879335058836, 39.183245765860576], [-94.69162097500751, 39.18194421725528], [-94.69422420384156, 39.18041818930658], [-94.69610932623108, 39.17911653551073], [-94.69633371795423, 39.17898193082395], [-94.69934092410865, 39.17723146985242], [-94.70553480763617, 39.17382028158664], [-94.70683642188854, 39.173730512969904], [-94.71083102566377, 39.171890333701725], [-94.71415236311472, 39.17040920314012], [-94.72362270935778, 39.16901776860284], [-94.73574126534999, 39.169197363722574], [-94.73650423182718, 39.169287093011526], [-94.74076813292886, 39.170005269129796], [-94.7418453730858, 39.170319440718096], [-94.74839834173473, 39.172069839902804], [-94.75162994275072, 39.1730123828085], [-94.75230317081306, 39.17323685575899], [-94.75279688189936, 39.17350616486882], [-94.7628507234439, 39.17996935467623], [-94.76374844058819, 39.1810016234216], [-94.76706974220474, 39.184861600483295], [-94.77025645895475, 39.189843678391384], [-94.77061554498877, 39.19056178039608], [-94.77110926248325, 39.19145944044281], [-94.77119901541118, 39.19163894230305], [-94.7712887684855, 39.19177364050796], [-94.77223134262144, 39.19406268338237], [-94.77353295895624, 39.1972045208522], [-94.77474484721299, 39.198910083130166], [-94.77519364295715, 39.19985265200337], [-94.77555268218664, 39.20061565437951], [-94.77640548875603, 39.20182745046103], [-94.77703382277389, 39.20259048141912], [-94.77784177035007, 39.203533079842856], [-94.77873941598418, 39.204251180815284], [-94.77941265981202, 39.20478978500245], [-94.77990637718324, 39.20510393233487], [-94.7806694036443, 39.20564256307225], [-94.78143244067608, 39.206226054529786], [-94.78224029473675, 39.20680951840655], [-94.78295846742567, 39.20716857287538], [-94.78385611742709, 39.207348140821395], [-94.78488844486448, 39.20766233000057], [-94.78596560113286, 39.207796929702866], [-94.78735700524643, 39.20784186621406], [-94.78910749304875, 39.20779695062398], [-94.79022954474272, 39.207662346240454], [-94.79175557802535, 39.207527683693954], [-94.79373044224408, 39.20703396251648], [-94.79539110282276, 39.20676464991809], [-94.79736601821295, 39.206495373719385], [-94.79969988471976, 39.20631584141526], [-94.80014872564435, 39.206270948897654], [-94.80261733695511, 39.20613630514247], [-94.80548988090057, 39.206360718150975], [-94.8084970576601, 39.206495309685174], [-94.8115490703985, 39.206899329296334], [-94.8142421164127, 39.20739301308415], [-94.81653115063948, 39.20793163325033], [-94.81890995219949, 39.2085150819464], [-94.82043598799791, 39.2090088318777], [-94.82191714813591, 39.20968206034539], [-94.82326367023661, 39.210445099317404], [-94.82461014606153, 39.21120811336018], [-94.82586689169945, 39.21206090256434], [-94.82725827396766, 39.213003442734724], [-94.83048983567195, 39.21511291438306], [-94.8316567843932, 39.21592087270068], [-94.83228519418655, 39.21672871868646], [-94.83318285575264, 39.21753663311404], [-94.83345218079266, 39.21789568107527], [-94.83381120378844, 39.21852405138337], [-94.8341253804832, 39.21933197142639], [-94.83457426392758, 39.22040915093859], [-94.83470889012177, 39.220768221116536], [-94.83479866746627, 39.2210375310779], [-94.8348884449565, 39.22126198119514], [-94.83497822259244, 39.22189031318395], [-94.83506792127464, 39.22251872113194], [-94.83502307191534, 39.223236795379506], [-94.8348884449565, 39.22382029311828], [-94.83461911292297, 39.224403749957496], [-94.83399075570918, 39.22543607736161], [-94.83363165245056, 39.22597466353855], [-94.83354195609745, 39.226109305956655], [-94.83354195609745, 39.22615424025581], [-94.83331747856026, 39.22646842693842], [-94.83318285575264, 39.22669281926897], [-94.83295845876933, 39.226962144852], [-94.83228519418655, 39.22781489079134], [-94.83116307839764, 39.22889212241423], [-94.83040006532164, 39.22983469577951], [-94.82941268017841, 39.23131582231546], [-94.82851500072144, 39.23266228265231], [-94.82779686764978, 39.23400879499641], [-94.82703382193814, 39.235489940552355], [-94.82649523569005, 39.2371057190492], [-94.8260912599043, 39.238272719389414], [-94.82582197071604, 39.239484588422314], [-94.82577712885528, 39.24065155925693], [-94.82564244531936, 39.24172873945709], [-94.82573220794481, 39.242716183928856], [-94.82595665468938, 39.24361381254956], [-94.82595665468939, 39.24388310779031], [-94.82618102325858, 39.24487056478132], [-94.82649523569005, 39.24581308507435], [-94.82658499970033, 39.24635173782082], [-94.82680944990754, 39.24733915045674], [-94.82707874390634, 39.24810215319143], [-94.82712358682298, 39.24837147152976], [-94.82721335185357, 39.2490446981159], [-94.8274826478199, 39.249897513810176], [-94.82797640004317, 39.25084003528042], [-94.8281110101761, 39.2511093428903], [-94.82847007758618, 39.25187237520761], [-94.82905360664665, 39.25299444416156], [-94.82977175604204, 39.25402677988716], [-94.83053476044823, 39.25514880272479], [-94.83102846083425, 39.255777232656115], [-94.83143239360179, 39.25627091643429], [-94.83170171011751, 39.25662997643351], [-94.83201587482934, 39.256989073631416], [-94.83246474115333, 39.25743786782326], [-94.83309308103074, 39.25806622121665], [-94.83394590722327, 39.258919068229154], [-94.83426008468315, 39.259278065239464], [-94.83457426392758, 39.25954739633639], [-94.83457426392758, 39.259592306782984], [-94.83475373922631, 39.25972695291014], [-94.83502307191534, 39.25995133153791], [-94.83515769920186, 39.2600860164571], [-94.83524747727479, 39.260175752325345], [-94.83560659102355, 39.260489942011475], [-94.83605540738698, 39.2608938660167], [-94.8367286387595, 39.261477367543804], [-94.83735702707311, 39.26201599153599], [-94.83785070925262, 39.262419934462585], [-94.83906258676579, 39.263362464829996], [-94.84108233612523, 39.26484360531316], [-94.84287764287171, 39.26632473861056], [-94.84453835741314, 39.267446863084764], [-94.84633369713792, 39.26847915266851], [-94.84803921699239, 39.269331958271316], [-94.84812901596335, 39.26937684439843], [-94.84821873596171, 39.269421733698515], [-94.84969992812522, 39.27018476919027], [-94.85055269376511, 39.27063358848904], [-94.85131566825154, 39.27099261358886], [-94.85315593348137, 39.27198009136871], [-94.85513077745733, 39.272967531644525], [-94.85706074548108, 39.27382027174673], [-94.85773399491357, 39.27408961273916], [-94.8588112268452, 39.274538394514714], [-94.8612348971895, 39.27539118042325], [-94.86352397691962, 39.27628887643094], [-94.86545392064708, 39.277096759922145], [-94.8675185583693, 39.27790466775014], [-94.8683713607851, 39.27821883521428], [-94.86935880760169, 39.278488168617784], [-94.87115408096699, 39.27902671915877], [-94.87348805486198, 39.27965512133909], [-94.87483456507947, 39.280148804126405], [-94.87505897343296, 39.280283511965365], [-94.87815590138075, 39.281405586274595], [-94.88040008088193, 39.28221342612643], [-94.88233005756237, 39.283515048938916], [-94.88408046564531, 39.28450254480329], [-94.88645931987725, 39.28661205889867], [-94.88829956379465, 39.288138038921446], [-94.88910739652817, 39.288811312002764], [-94.89108233297027, 39.29065151042147], [-94.89197999697379, 39.29154918461518], [-94.89256348239348, 39.29204286009467], [-94.893326480578, 39.2927610038004], [-94.89489740615252, 39.29437679135193], [-94.89619898238769, 39.29585795415015], [-94.89642339789444, 39.29608242299003], [-94.89655809514569, 39.29621702262329], [-94.89853290042842, 39.29846117125729], [-94.89969985659651, 39.30030142093757], [-94.90046287354959, 39.30155818274772], [-94.90068730626838, 39.30187237500623], [-94.90149523987866, 39.30339836317035], [-94.90171959756958, 39.30380229875346], [-94.90230310603192, 39.305148842627624], [-94.9025275461778, 39.30559763594185], [-94.90288662061668, 39.306315777524105], [-94.90396377864543, 39.30860484269577], [-94.90468194838654, 39.31048990410181], [-94.90513076958378, 39.31201597757265], [-94.90611823648537, 39.31470899405647], [-94.90647725490352, 39.31614520896926], [-94.90670171189288, 39.31722243578131], [-94.90674654003807, 39.31735704353957], [-94.90688118309413, 39.318030289533645], [-94.90791351015194, 39.32346123334341], [-94.90800332683823, 39.324089541203456], [-94.90818280223831, 39.32570534180158], [-94.90836235742132, 39.32812902589023], [-94.9084970043878, 39.32974487061437], [-94.9084970043878, 39.32978972778329], [-94.9085419131838, 39.33001417572211], [-94.9085419131838, 39.33010388963904], [-94.90863165168011, 39.33252762966899], [-94.90867656058478, 39.33355992672692], [-94.90899076552252, 39.33688131529725], [-94.90912541400968, 39.33854201950023], [-94.90957419184963, 39.34033734358015], [-94.909619101515, 39.34065153034227], [-94.90988840185608, 39.34271609417826], [-94.90997814252395, 39.34347914488122], [-94.91033726505628, 39.344735916185265], [-94.91033726505628, 39.34603747429742], [-94.91065140016416, 39.348326555561165], [-94.91056165841054, 39.34967303036905], [-94.91033726505628, 39.351288830877586], [-94.9102474446026, 39.351558111446884], [-94.91002305251534, 39.352545542741254], [-94.90948445183321, 39.35380228581277], [-94.90930489302919, 39.35420622249995], [-94.90827261935932, 39.355642548982175], [-94.90724028563834, 39.356674824553075], [-94.9057142346341, 39.35797643350734], [-94.90495122483047, 39.358515010847675], [-94.90409841496607, 39.359188314336485], [-94.90248264223703, 39.36040015091111], [-94.90064240381355, 39.3613426647663], [-94.90041805046867, 39.36143245254623], [-94.89893685011411, 39.36183642164339], [-94.89660291511471, 39.36246476819263], [-94.89440369095118, 39.36300334398416], [-94.8909027544023, 39.363945936064965], [-94.88915228966502, 39.36457426313972], [-94.88713253029128, 39.36542704262158], [-94.88493328508595, 39.36650427801577], [-94.88331751527522, 39.36794052500608], [-94.88210561981153, 39.36955633059302], [-94.88179148765063, 39.369870510011566], [-94.88134261741021, 39.370364201608126], [-94.88031030879341, 39.37242889868909], [-94.87972679375643, 39.3742690687344], [-94.87950244569207, 39.37498723788624], [-94.87909847896893, 39.37570534176048], [-94.87905359395893, 39.37750069125331], [-94.87927801937184, 39.37978976106058], [-94.88013076505185, 39.38189927340377], [-94.88022053685006, 39.3820787440183], [-94.88098352383075, 39.383918986265414], [-94.88201584496522, 39.385669452678684], [-94.88363165606953, 39.3879136421603], [-94.88502306464899, 39.38979866593299], [-94.88681836969421, 39.39132473246897], [-94.88897279651167, 39.39244678432278], [-94.89184531081756, 39.39329957888675], [-94.89238389903872, 39.393389394977326], [-94.89283277933191, 39.39347910891599], [-94.89368549559373, 39.39352401373695], [-94.89373039242955, 39.39352402187306], [-94.89498712263352, 39.39356891291591], [-94.89655809514569, 39.39361376232758], [-94.8966478143072, 39.39361377947068], [-94.89785971026718, 39.393613817402986], [-94.90014871678049, 39.393344497370585], [-94.90180940425512, 39.39280586465355], [-94.90611823648537, 39.390965680156896], [-94.90979866133293, 39.389125420252], [-94.91262630982659, 39.387913575940665], [-94.91415231276399, 39.38719546753751], [-94.9158578576878, 39.386342648547306], [-94.91765320790485, 39.3857143509054], [-94.91922410761346, 39.385175740186995], [-94.92146828165576, 39.384996170439074], [-94.92299428926228, 39.38486157280581], [-94.92685425627866, 39.384951337991296], [-94.93057955229928, 39.38504106895705], [-94.93125282131666, 39.38517575252663], [-94.93363163295655, 39.38553475429061], [-94.93704277921769, 39.386522207291904], [-94.93717741628329, 39.38652218422773], [-94.9382097502469, 39.38710569751886], [-94.93969088608354, 39.38795846688841], [-94.94202480486777, 39.389484479126374], [-94.9440894335656, 39.391594040720726], [-94.94557064625556, 39.39383822051737], [-94.94579502301241, 39.39437682520554], [-94.9462438584904, 39.39563356449852], [-94.94633365772239, 39.39680051854105], [-94.94664783728452, 39.399717904795345], [-94.94673755790794, 39.40092974712415], [-94.9461989985575, 39.403577880569316], [-94.94628871845937, 39.405642533646], [-94.94705173974381, 39.40730317736391], [-94.94750058532877, 39.408021343356324], [-94.94785963269157, 39.408604813760164], [-94.94956525809987, 39.410310347407986], [-94.95122591312084, 39.41170177288412], [-94.95293148284654, 39.41286867101786], [-94.95481657174254, 39.41385611796195], [-94.95737491219187, 39.414708958371975], [-94.95943955371911, 39.41542706859682], [-94.95984346943871, 39.415516811606295], [-94.96213256532918, 39.416055439520946], [-94.96451134561094, 39.41672867178048], [-94.9660374208821, 39.417401917812185], [-94.96810198604781, 39.418344499615934], [-94.96895482380535, 39.41888307844375], [-94.96985247417726, 39.41951144349007], [-94.97115405713278, 39.420364250274176], [-94.97155805751636, 39.42058862227833], [-94.97236590844977, 39.42121699442242], [-94.9725005514066, 39.42135168613931], [-94.97294944289959, 39.421710706619436], [-94.97402660686944, 39.42287770730849], [-94.97514867473095, 39.42435886451199], [-94.97568727529962, 39.42521163787912], [-94.97613611306826, 39.42588483126713], [-94.97658495443815, 39.42669276359979], [-94.97712356883554, 39.42844322162664], [-94.97739287797883, 39.43086692824939], [-94.97779684412444, 39.43279685470152], [-94.97788661477513, 39.433335505022754], [-94.97806607720561, 39.434412715747925], [-94.97878424989999, 39.4362528664134], [-94.97923311251506, 39.43683636595526], [-94.98040001355287, 39.438586854026894], [-94.98215049004263, 39.44056173337401], [-94.98237493440077, 39.44074124305106], [-94.98479859425589, 39.442716061448365], [-94.98749163747314, 39.444601188557236], [-94.98910741453454, 39.4455437581121], [-94.99018457226357, 39.446172090542014], [-94.9928327391851, 39.4472941933304], [-94.99548079332281, 39.44810212556001], [-94.99575011145463, 39.44819185606677], [-94.99660289463807, 39.448461169027645], [-94.9982186965445, 39.44904460763599], [-94.9998345450409, 39.44962809310572], [-95.00001407782361, 39.44967303543936], [-95.00023843510989, 39.44976279079874], [-95.00073213537009, 39.449807643482714], [-95.00122591931469, 39.44989741505684], [-95.00221334157901, 39.45003211178212], [-95.0032007812365, 39.45016671993835], [-95.00338032480094, 39.450166731585206], [-95.00643233599452, 39.45083996837316], [-95.00759932768617, 39.45106438901808], [-95.01154901460573, 39.45200695466143], [-95.01487040419796, 39.452859698526524], [-95.01576807649431, 39.453084114060076], [-95.02200686704883, 39.45546292604239], [-95.02591169177637, 39.457168483003876], [-95.02851495326769, 39.45829057118462], [-95.03340716974212, 39.460893847134614], [-95.03749156639206, 39.46367662937229], [-95.03865856869335, 39.46466402429302], [-95.0407680463601, 39.46636960155277], [-95.04215948275804, 39.468030302472535], [-95.04305711485286, 39.46910747253419], [-95.04310197301517, 39.469197238743945], [-95.0431917688423, 39.46928702849235], [-95.04341621933962, 39.46960120263896], [-95.04467290460643, 39.471261862455876], [-95.04525639785258, 39.472563463999386], [-95.04642332310311, 39.47489738390523], [-95.04655798515122, 39.475211630792046], [-95.04768007555218, 39.477545563631736], [-95.04835332465457, 39.48041804609435], [-95.04853285381563, 39.482841776615906], [-95.04875732562475, 39.485579631717066], [-95.04875732562475, 39.48894585518665], [-95.04920611312227, 39.49190817604249], [-95.04978957398215, 39.49442167281473], [-95.05055265590255, 39.49751861529387], [-95.0509565932574, 39.4982815898461], [-95.05216842271807, 39.49998716225674], [-95.05275191429153, 39.50057063855447], [-95.05293145748566, 39.500750185744344], [-95.05329046618266, 39.50115416626738], [-95.05347001109469, 39.501378595846255], [-95.05445747864238, 39.50263526288022], [-95.05611814668178, 39.50411644772286], [-95.05782373360668, 39.50537317553744], [-95.05930485742716, 39.50649527420226], [-95.06096550959978, 39.50721339716532], [-95.06460108718139, 39.50838037019987], [-95.07079501555224, 39.51066939593394], [-95.0709745368358, 39.51071424896072], [-95.07407144841088, 39.51210568782841], [-95.0750139963067, 39.51250958851556], [-95.07721333600368, 39.51345213508072], [-95.07743768380134, 39.51354194256791], [-95.08273394921338, 39.516728659422746], [-95.0875812972317, 39.52036420587351], [-95.0926980496917, 39.5242241288375], [-95.09691707915, 39.52781478956536], [-95.0974107542455, 39.52826361432054], [-95.09794941496259, 39.52875737294358], [-95.10113610586582, 39.53154011370996], [-95.10131564421559, 39.53167477824607], [-95.10212353411012, 39.53252753482333], [-95.10225817030246, 39.53266219601549], [-95.10261725470296, 39.53306617406519], [-95.10275189207167, 39.53320083331927], [-95.1027967977589, 39.53324569223085], [-95.1027967977589, 39.533290552132314], [-95.10284162400262, 39.53329055457108], [-95.10288652976115, 39.533335492073036], [-95.10360470882964, 39.5340984920439], [-95.10459210072862, 39.53513078505022], [-95.10566932578173, 39.53647728390259], [-95.10634255218802, 39.537330099182114], [-95.10647719843148, 39.537509600032614], [-95.10661184499565, 39.53764424359696], [-95.10692604805432, 39.53813796498785], [-95.10701578661255, 39.53831746560452], [-95.10706069568765, 39.53836239727456], [-95.10715043445963, 39.53849704117768], [-95.10719534364169, 39.53858682851633], [-95.10804814796053, 39.539933311774284], [-95.10845209984062, 39.54060658021908], [-95.10930484362929, 39.542267218040074], [-95.10939458596354, 39.54249163550899], [-95.11038207900064, 39.5445562551131], [-95.11159391383333, 39.547877660760044], [-95.11186323165448, 39.548550915697604], [-95.11249153890134, 39.550391108800426], [-95.11271594739452, 39.550974567012965], [-95.11311993262237, 39.55209670040112], [-95.11329942954286, 39.552814840162846], [-95.11343409235414, 39.55344320577249], [-95.1135238412417, 39.55371250061222], [-95.11356875548603, 39.5539368741054], [-95.11356875548603, 39.5545652439621], [-95.11361366976602, 39.55487945924265], [-95.11356875548603, 39.55514876388315], [-95.11356875548603, 39.555597591359515], [-95.1135238412417, 39.556001500594114], [-95.1135238412417, 39.55631571519124], [-95.11347900652719, 39.55685430079412], [-95.11347900652719, 39.5569440640846], [-95.11343409235414, 39.55712359691154], [-95.11329942954286, 39.55815591822461], [-95.11311993262237, 39.5589189449358], [-95.11307501873446, 39.55918823210805], [-95.11289552252619, 39.559637049729794], [-95.1128506088165, 39.559726815543], [-95.11280577463567, 39.55981657772269], [-95.11267111332046, 39.56026546628916], [-95.11204272458637, 39.56188124843529], [-95.11195297804922, 39.56206076954991], [-95.11141434283473, 39.563497065358746], [-95.10984345874954, 39.56780581518749], [-95.10979854746388, 39.56794048164511], [-95.10921510143748, 39.569376716826866], [-95.1090355379933, 39.569870451493486], [-95.10845209984062, 39.571351629264434], [-95.10827253881975, 39.57184534760334], [-95.10818279826653, 39.5720248381811], [-95.10809297836919, 39.572249241779254], [-95.1079583282771, 39.57256346581988], [-95.10791349797525, 39.57265320832001], [-95.10786858822266, 39.57278786388295], [-95.10764419896678, 39.57332648106152], [-95.10746464051195, 39.57373044366779], [-95.10670158305508, 39.57480760609486], [-95.10638746072826, 39.57525647251383], [-95.10616299786771, 39.57548087324514], [-95.10571415430388, 39.575884838767436], [-95.10540003746439, 39.57615414466335], [-95.10522048613808, 39.57633362924339], [-95.10517557852502, 39.57637854046449], [-95.10495119995917, 39.57660293158882], [-95.10486138519661, 39.57664784639743], [-95.10391881569119, 39.577321111613095], [-95.10360470882964, 39.577545500436685], [-95.10324561815452, 39.57776989437693], [-95.10189908818381, 39.57848805894059], [-95.10127073970543, 39.578802263672294], [-95.09911631887375, 39.57969987427355], [-95.09727612960452, 39.58019360622801], [-95.09705170293523, 39.58023851130572], [-95.09633360716182, 39.580462872611086], [-95.09575006173189, 39.580597583272706], [-95.09444845052661, 39.5807770989694], [-95.09328148411932, 39.58095660473501], [-95.0921594390599, 39.58113617749902], [-95.08978065014048, 39.58104639732067], [-95.08951127863781, 39.58104638291809], [-95.08861362128995, 39.580821953575544], [-95.08829944061775, 39.58077710357501], [-95.087446696025, 39.58059757078012], [-95.08740180254162, 39.58059756741621], [-95.08713252184828, 39.58046290697918], [-95.08695294912859, 39.58041806641357], [-95.08663877770037, 39.580328227181354], [-95.08636950064758, 39.58023846930924], [-95.08618993035567, 39.5801487218999], [-95.08601044009066, 39.580103875934284], [-95.08569627390924, 39.57996920644213], [-95.08542692189891, 39.57987944893972], [-95.08524743406068, 39.579834522757324], [-95.08466392375861, 39.579610090246234], [-95.08381115464542, 39.579295965844665], [-95.08300320891767, 39.57898176258304], [-95.08241972182364, 39.5788022200827], [-95.07891884654396, 39.57754549162308], [-95.07667471426905, 39.576782457100975], [-95.07519353102568, 39.57642338420777], [-95.07214151855145, 39.57610924934051], [-95.06931382791565, 39.57619903579152], [-95.06792243505815, 39.57637855660945], [-95.06711455810385, 39.576513149295955], [-95.06451133661959, 39.577096635545146], [-95.06428688141577, 39.577231297963586], [-95.06338922839059, 39.5774557335972], [-95.06092063719724, 39.57853292503237], [-95.05952929277859, 39.5791164284208], [-95.05688115557524, 39.58055270598907], [-95.05477162956986, 39.5825275644487], [-95.05284164611263, 39.58481656512691], [-95.05248264027836, 39.585220554833334], [-95.050597520042, 39.587554505322814], [-95.05028331300669, 39.58804821745063], [-95.04961004081134, 39.58908050946039], [-95.04929591869356, 39.589574203974045], [-95.04848799132232, 39.59114512342369], [-95.04803913015066, 39.59244676126583], [-95.0477249374013, 39.593434145491706], [-95.04763521373884, 39.593613695506775], [-95.04754541081819, 39.59392786103893], [-95.047231220826, 39.59487048196678], [-95.04718635937057, 39.59509486499869], [-95.04714149795092, 39.59518463755629], [-95.04705169581835, 39.59554369087529], [-95.04673750858339, 39.596531103211994], [-95.04669264752167, 39.59675555880943], [-95.04669264752167, 39.59684534878909], [-95.04664778649571, 39.597114619404024], [-95.04660292550552, 39.59751857241157], [-95.04655798515122, 39.59787763204062], [-95.04651312423265, 39.598146898178534], [-95.04651312423265, 39.598281580088106], [-95.04646826334985, 39.59850602935489], [-95.04646826334985, 39.598730419122504], [-95.04642332310311, 39.59886508327618], [-95.04637846229193, 39.599538304947814], [-95.04642332310311, 39.60160297574357], [-95.04646826334985, 39.60164780498214], [-95.04660292550552, 39.60232107197403], [-95.04682731021445, 39.6031738535219], [-95.04696197322957, 39.6035778418756], [-95.04732102324515, 39.604655027335454], [-95.04790454395904, 39.60627078209864], [-95.04848799132232, 39.60725823107364], [-95.04884705107663, 39.60784174786694], [-95.04920611312227, 39.608425178897754], [-95.04938564500432, 39.60869448793068], [-95.04956517745917, 39.608963795387545], [-95.04996910772576, 39.609547309134186], [-95.05019358526455, 39.609816547377804], [-95.05041798429347, 39.61008586590503], [-95.05046284832555, 39.61013076878411], [-95.05104632221612, 39.61089379342421], [-95.05122585996924, 39.61116308762748], [-95.05189915149649, 39.61197100851577], [-95.05216842271807, 39.612509551905], [-95.05302118959298, 39.61394586816442], [-95.05347001109469, 39.61497815015015], [-95.053604690007, 39.61524748348266], [-95.053604690007, 39.61533724594575], [-95.05414325005749, 39.61699793408673], [-95.05423306350734, 39.61731212124618], [-95.0545920805061, 39.61861374169165], [-95.0548164970724, 39.619556262734136], [-95.0549511792063, 39.62004996234127], [-95.05513072941541, 39.62166575350499], [-95.05508586166242, 39.62251854357258], [-95.05504091453334, 39.62332645004761], [-95.05499604685194, 39.62350601446578], [-95.05490631159641, 39.62498716204893], [-95.05427793058062, 39.627725006054874], [-95.05423306350734, 39.62781481355586], [-95.05338027827185, 39.630328263464804], [-95.04952031414278, 39.63786862836665], [-95.04830846230442, 39.63948440967918], [-95.0456154369824, 39.64294041639337], [-95.04498708031029, 39.64379324133124], [-95.04453824707097, 39.64437672541319], [-95.0427429499294, 39.646082251418626], [-95.04197989454362, 39.646800391830105], [-95.0419350372763, 39.64689016825039], [-95.04180038629588, 39.6469799085102], [-95.04171059269035, 39.647069746845695], [-95.04166573563786, 39.64715944423345], [-95.04130664232859, 39.64747369758185], [-95.0404538942246, 39.648326424967586], [-95.0403192467908, 39.64841624013088], [-95.03996016208019, 39.64877526226981], [-95.0397357253768, 39.648954831944884], [-95.03915228940807, 39.64953826996146], [-95.03906250003126, 39.649628024219425], [-95.03897271079788, 39.649807570404334], [-95.03888300109693, 39.64998711258206], [-95.03870342334687, 39.65030134572868], [-95.03856878010505, 39.65061551604811], [-95.03847899166016, 39.65083991514173], [-95.03843413718569, 39.6508848287065], [-95.03843413718569, 39.65092968467614], [-95.03838928274702, 39.650974519605576], [-95.03838928274702, 39.65101945406855], [-95.03825464025753, 39.651333620515715], [-95.03803021036238, 39.65173753585583], [-95.0378506353363, 39.65214154800625], [-95.03771599413687, 39.652410853467224], [-95.03753649950164, 39.65281477891637], [-95.03749156639206, 39.65285969420786], [-95.03672858227046, 39.65389194006406], [-95.03645930556898, 39.65425103982372], [-95.03627973556102, 39.65438567763222], [-95.03583089243568, 39.655014047746455], [-95.0345293152705, 39.65680934830152], [-95.03403555577646, 39.657347966394944], [-95.03340716974212, 39.65811100381299], [-95.0330930587407, 39.65851497910173], [-95.0325544620829, 39.65909840430935], [-95.03206071994, 39.659726773568714], [-95.03174653708591, 39.66013073872114], [-95.03147720487549, 39.660444946938235], [-95.03143235598853, 39.660489851259946], [-95.03089377524842, 39.66156697985273], [-95.03071422302311, 39.66197099848329], [-95.03057959891935, 39.66210563218647], [-95.03008587412984, 39.662554415980786], [-95.02990632448642, 39.66268910566218], [-95.02936767899901, 39.663182787762516], [-95.02842518088458, 39.664439512666064], [-95.0276621611071, 39.66547183783087], [-95.02461010627695, 39.66847905974212], [-95.0234430782545, 39.66933186362911], [-95.02245567910434, 39.670005057422166], [-95.0215131382492, 39.6706334209199], [-95.02092965338949, 39.67108229577531], [-95.01998713815316, 39.671710636610534], [-95.01908939837531, 39.672338995472444], [-95.01850593870702, 39.67274292711324], [-95.0184611001777, 39.67278781807448], [-95.01832642608461, 39.67287757816637], [-95.01828150833875, 39.67287763156625], [-95.0182366699887, 39.67292252234986], [-95.01814691403631, 39.672922468573454], [-95.01805715822745, 39.67301225335317], [-95.01792248510355, 39.67305717195861], [-95.01783272965359, 39.67310203717168], [-95.01769805706819, 39.67314687691755], [-95.01751854702955, 39.67323668529657], [-95.01729412060938, 39.67332646774176], [-95.01715944931634, 39.67341622573596], [-95.01697994100037, 39.67350595437302], [-95.01671060024522, 39.67364062852392], [-95.01639642390276, 39.67377527245163], [-95.01621691802733, 39.6738649994006], [-95.01617200196971, 39.6738650519477], [-95.01612716530492, 39.67390994125286], [-95.01608224931913, 39.67395483393281], [-95.01603741272605, 39.67395480447488], [-95.01590274444861, 39.67399972003455], [-95.01567832448974, 39.67408941971965], [-95.01549874155523, 39.67417922706156], [-95.01536415392627, 39.67422413840297], [-95.01531923855117, 39.67426895204825], [-95.01518457199714, 39.6743138665375], [-95.01513973612128, 39.674313836715086], [-95.01428690903501, 39.67453829226214], [-95.01226714052484, 39.67512173255255], [-95.01168367243419, 39.675211505220545], [-95.01083089787919, 39.67539109182527], [-95.01033718804368, 39.67548083818277], [-95.00903556693547, 39.6757501073778], [-95.00885608460958, 39.67579498084057], [-95.00836231281006, 39.67583988207813], [-95.00701582880475, 39.67601941858874], [-95.00697092011335, 39.676064306355336], [-95.0032007812365, 39.676288748165774], [-95.00275188517207, 39.67633357961305], [-95.00136055235633, 39.676468255760675], [-95.00113611124279, 39.676513165836056], [-95.00046287262899, 39.67655805484407], [-95.00023843510988, 39.67660288448198], [-94.99965501283329, 39.67655799866473], [-94.99902661496915, 39.67646824075932], [-94.99875728108935, 39.67642335603751], [-94.99790454444981, 39.67637849246418], [-94.99709664220183, 39.6764234162776], [-94.99628875160191, 39.67646825543335], [-94.9955256928095, 39.67646828730546], [-94.99525637575644, 39.67646823277132], [-94.9948524422676, 39.67651314427451], [-94.9941343014085, 39.676558040297195], [-94.99404458402691, 39.67655804492781], [-94.99395478746348, 39.6765580528885], [-94.99390988923572, 39.6765580175765], [-94.99382017221353, 39.67655802201683], [-94.99373037600982, 39.67655802978709], [-94.99355086335918, 39.67655804169314], [-94.99337135128376, 39.67660289253223], [-94.99260833222642, 39.67669266043898], [-94.99220433850792, 39.676737565280234], [-94.99197993406678, 39.6767375385061], [-94.9918452442401, 39.67678242625159], [-94.99112714193255, 39.67682730199124], [-94.99022946750527, 39.67691710029245], [-94.98982557026495, 39.676961992678365], [-94.98928691294428, 39.677006853751934], [-94.98838926801395, 39.677096636500345], [-94.98776091719277, 39.67718640723902], [-94.98717738690176, 39.67727613725568], [-94.98645926513437, 39.67736590242508], [-94.98569626093472, 39.67754545882018], [-94.98484348517923, 39.677725009790024], [-94.98417020442065, 39.67785964051814], [-94.9839009419714, 39.677949391882684], [-94.98358679086586, 39.678039181378935], [-94.98300330408183, 39.67817380506183], [-94.98197093520416, 39.67848800510679], [-94.98188115800095, 39.67853291985282], [-94.98174657177438, 39.67857779071817], [-94.98165679493108, 39.678622626700125], [-94.98156701823179, 39.67862270285766], [-94.98143235345287, 39.6787124149028], [-94.98111813689556, 39.67889195457304], [-94.98107332826724, 39.67889198904793], [-94.98093866467627, 39.67893686210297], [-94.98093866467627, 39.67898170015049], [-94.98089377688463, 39.67898173794974], [-94.98080400140937, 39.67898173496571], [-94.98080400140935, 39.67902665151178], [-94.98071422607809, 39.679026648455526], [-94.98008588209778, 39.67934080108246], [-94.97999610791858, 39.67938571376371], [-94.9799063338834, 39.679430547818896], [-94.97941257926438, 39.67961007320642], [-94.97864959181763, 39.680014079948656], [-94.97820073388364, 39.68023847735412], [-94.97775195885312, 39.68050778443634], [-94.97730310812035, 39.68077709206515], [-94.97725822324513, 39.68082196526612], [-94.97671960755135, 39.681136100088345], [-94.97640541745805, 39.68131569877924], [-94.97631564918407, 39.68136052870705], [-94.97595657752865, 39.681629834197715], [-94.97582192625207, 39.681764528886795], [-94.97546285776576, 39.68207866723016], [-94.97514867473095, 39.68239284599927], [-94.9748344934608, 39.68270702242166], [-94.97478961056628, 39.68275189335884], [-94.97469984488525, 39.682841713610586], [-94.97443054870651, 39.68315585146026], [-94.97411637147002, 39.683470022302856], [-94.9738919602387, 39.683694451045056], [-94.97339825869922, 39.684188174358916], [-94.9731738503492, 39.68441259926922], [-94.9728596801719, 39.684771673418574], [-94.97276991758824, 39.684861410907715], [-94.9725005514066, 39.68513070413466], [-94.97245567038497, 39.685220484903745], [-94.9723210275362, 39.685310255907], [-94.97227614665864, 39.68535512410083], [-94.97209662350862, 39.685534674915125], [-94.97205174281117, 39.685579542869505], [-94.97187222038151, 39.68584883814062], [-94.9717824593828, 39.68598348525458], [-94.9713336565504, 39.686432393917016], [-94.97119893710979, 39.686522086851944], [-94.97101941741788, 39.686791455449125], [-94.97097453758495, 39.686836322130794], [-94.97066037976305, 39.687240288081], [-94.97057062070954, 39.68750958535743], [-94.97034622370616, 39.687913478676435], [-94.97012174831157, 39.68854184452766], [-94.96998711108232, 39.688811169494564], [-94.96989735310959, 39.6890355499526], [-94.96985247417726, 39.68934979351264], [-94.96976271642068, 39.68966399050164], [-94.96953832265957, 39.69047181241155], [-94.96931385050847, 39.69074112026884], [-94.96926897204449, 39.69110018481808], [-94.96922409361655, 39.691504155209344], [-94.96913433686872, 39.69195298542616], [-94.96908945854884, 39.692177399304995], [-94.96899970201716, 39.692940416496874], [-94.96895482380535, 39.69338928141385], [-94.96890994562956, 39.69379323683297], [-94.9688650674898, 39.69428692295531], [-94.9688650674898, 39.69558855200262], [-94.9688650674898, 39.69603736425563], [-94.9688650674898, 39.69644134743014], [-94.96890994562956, 39.69693502394413], [-94.9688650674898, 39.69819180578952], [-94.9688650674898, 39.698685501696936], [-94.9687752320285, 39.69913436177366], [-94.96873035399688, 39.70101940162927], [-94.96859572011815, 39.70398171792258], [-94.96859572011815, 39.70416123440962], [-94.96859572011815, 39.70438564890317], [-94.96855084223063, 39.70465499458613], [-94.96855084223063, 39.70478961090553], [-94.96855084223063, 39.70492430542275], [-94.96855084223063, 39.705103819159326], [-94.96855084223063, 39.705283332370556], [-94.96855084223063, 39.70541802580369], [-94.96846108656365, 39.707392856629816], [-94.96846108656365, 39.70761725933009], [-94.96855084223063, 39.70802125581706], [-94.9686405980417, 39.70847006654751], [-94.96940360754446, 39.71322767263816], [-94.96953832265959, 39.714259994827614], [-94.96985247417726, 39.716055297363816], [-94.96994223207794, 39.71645931427076], [-94.96998711108232, 39.7167734275197], [-94.97003199012272, 39.71708761759006], [-94.97012174831157, 39.71762621531566], [-94.97025638586503, 39.71843418118681], [-94.97043598239945, 39.719107356251605], [-94.97048086180013, 39.71933183748854], [-94.97052574123683, 39.71978067559849], [-94.97057062070954, 39.720049962785055], [-94.97066037976305, 39.72094762492374], [-94.97075013896063, 39.72126175761552], [-94.97092965778805, 39.722204373089134], [-94.97106429728683, 39.72314685202991], [-94.97110917719179, 39.72435876901967], [-94.97124381712281, 39.72498711021853], [-94.97124381712281, 39.72503199351652], [-94.9713336565504, 39.725705242642896], [-94.9713336565504, 39.72615406884288], [-94.9713336565504, 39.7264233629846], [-94.9713336565504, 39.72691706583671], [-94.9713336565504, 39.7273658831588], [-94.9713336565504, 39.72799430034902], [-94.97124381712281, 39.728667509918196], [-94.97119893710979, 39.72929587121234], [-94.97110917719179, 39.72992426194912], [-94.97101941741788, 39.730238412280144], [-94.97092965778805, 39.730687277042826], [-94.97079501861346, 39.73104633810693], [-94.97066037976305, 39.731360518335094], [-94.97061550021829, 39.73167470394109], [-94.97043598239945, 39.732123551022525], [-94.97021150664452, 39.73248259951548], [-94.96989735310959, 39.73284171314329], [-94.96967295880816, 39.73320075323973], [-94.96940360754446, 39.73360470668522], [-94.96917921522461, 39.73391886475709], [-94.96890994562956, 39.734277932610475], [-94.96855084223063, 39.7347267454141], [-94.96828157566196, 39.735130761846065], [-94.96796735368231, 39.73544490485725], [-94.9678775989521, 39.73557952311234], [-94.96765321275701, 39.73589374716982], [-94.9673838712239, 39.736252803999925], [-94.96715948701058, 39.736567023853716], [-94.96675551840927, 39.73706072449877], [-94.9666208892865, 39.737419745181185], [-94.9662618005914, 39.73777885948791], [-94.96599254504834, 39.7381827732078], [-94.96576808713432, 39.73849698444101], [-94.96572321151677, 39.738586765626465], [-94.9655437094069, 39.73876623843616], [-94.96531925329529, 39.739080445987724], [-94.96496017296221, 39.739394674157474], [-94.96487042306046, 39.73948440896424], [-94.96464596965266, 39.73975373899903], [-94.96446647100242, 39.73988833427775], [-94.9642420192169, 39.740112789352715], [-94.96401764761588, 39.74033716139327], [-94.96397277340377, 39.74038206703665], [-94.96379319763288, 39.74038204644657], [-94.96365857564531, 39.74047181215305], [-94.96347908016634, 39.740651355072565], [-94.96329950598181, 39.74078602854065], [-94.9631648851835, 39.740875793122775], [-94.96303018542781, 39.74105530467314], [-94.96267111980188, 39.741324644629145], [-94.96249162749459, 39.74145923363749], [-94.96231205648314, 39.74159390392324], [-94.96217743806363, 39.741683666256655], [-94.96154906450145, 39.742042784226506], [-94.96145932007785, 39.742087641593834], [-94.96101044156428, 39.7424467036199], [-94.96006790355698, 39.743075103913], [-94.95952929489849, 39.74338926946321], [-94.95908051116704, 39.743658573268604], [-94.95894582125749, 39.743748332397736], [-94.95849696293801, 39.74401763583964], [-94.958137926444, 39.74424200139965], [-94.95809305695384, 39.74428690211267], [-94.95804818749971, 39.74428693304702], [-94.95800331808164, 39.744331833694915], [-94.9579583694251, 39.744331789530406], [-94.9579583694251, 39.74437665923207], [-94.95786863076928, 39.7443767209753], [-94.95750959831378, 39.74455621379297], [-94.95737491219187, 39.74464596986102], [-94.95724022639472, 39.744690856179794], [-94.95692606649506, 39.74491526349359], [-94.95683632949768, 39.744915245965096], [-94.95670164499919, 39.7450050791983], [-94.95665677666275, 39.745005031130944], [-94.95634262004472, 39.745139697457226], [-94.95580396803301, 39.74549878646455], [-94.9557591004177, 39.74549873803849], [-94.95526540048695, 39.74567831404843], [-94.95481657174254, 39.74576804180725], [-94.95436774660529, 39.74585784605118], [-94.95382911364094, 39.745902684556086], [-94.9532456202761, 39.7459476277455], [-94.95284167300039, 39.74594758060615], [-94.95261726791738, 39.7459475708077], [-94.95221332518739, 39.74594759971187], [-94.95185424982166, 39.745902729896954], [-94.9517196566041, 39.74590273647556], [-94.9512707770939, 39.74590271500089], [-94.9511361060181, 39.74590272421321], [-94.95055264079548, 39.74581296751341], [-94.95046291403962, 39.7458129446594], [-94.95041797145197, 39.74581297580019], [-94.95010384993162, 39.745768068683624], [-94.95005890763304, 39.74576809967002], [-94.94983451373471, 39.74572321489616], [-94.94956525809987, 39.74567827854986], [-94.94938572864405, 39.745678312884884], [-94.94898173003317, 39.745633385142575], [-94.94893686789969, 39.745633412272596], [-94.94880220245405, 39.74558854930041], [-94.94875734046485, 39.74558849790974], [-94.9487124785117, 39.74558852494272], [-94.9486675373333, 39.745588555330585], [-94.94817382084386, 39.74545386131754], [-94.94808409791159, 39.74545391485821], [-94.9479045732195, 39.745408998848596], [-94.94754544630788, 39.74531924758611], [-94.94705173974381, 39.74513967788511], [-94.94651317736155, 39.74496013125579], [-94.94597454091894, 39.74478066298726], [-94.94566036514722, 39.744690874813955], [-94.94534619114425, 39.74460108552155], [-94.9449422217726, 39.744466479106975], [-94.94489736288604, 39.744421555824864], [-94.94485250403552, 39.74442158117156], [-94.94480756596526, 39.74442153142577], [-94.94476270718694, 39.744376686490305], [-94.94462805181277, 39.74433181693979], [-94.94458319317876, 39.74428689340613], [-94.94431388362179, 39.74415228303345], [-94.9439099217234, 39.743927851748154], [-94.94341624732182, 39.74370346735527], [-94.9427878471018, 39.743568744763614], [-94.94206974069685, 39.74343414469504], [-94.94180044327153, 39.74338926779342], [-94.94148621175088, 39.74271598258713], [-94.94099247954479, 39.742446712883975], [-94.94045389639452, 39.74217738437361], [-94.94000510749117, 39.74190808042586], [-94.93924210331915, 39.741593914179546], [-94.93861367087062, 39.741190005553364], [-94.93798532474902, 39.74083088139504], [-94.93735698570657, 39.74047182941264], [-94.93672857449911, 39.74006790076945], [-94.93614510142918, 39.739708814515296], [-94.93565141650217, 39.73930488086013], [-94.93533721962328, 39.73908043129939], [-94.93515765670391, 39.73894581989099], [-94.93470883117682, 39.738631604954286], [-94.93408044981234, 39.73818277104217], [-94.93358678316562, 39.73782369171889], [-94.93309304165099, 39.7375544410655], [-94.9324646784978, 39.73710558830774], [-94.93192609846618, 39.73670164052661], [-94.93143237165964, 39.73634254437434], [-94.93134259641586, 39.73629770955243], [-94.93089380160181, 39.73598354099524], [-94.93040008393875, 39.73566931239999], [-94.92999614357949, 39.73535511742115], [-94.92941266173244, 39.73499604323317], [-94.9288291067608, 39.73463704513551], [-94.92842517778737, 39.7344574728598], [-94.92779686725504, 39.7340535228244], [-94.9273928665324, 39.73378419035464], [-94.92685425627866, 39.73351491011679], [-94.92582197412547, 39.73293143744175], [-94.92537314453965, 39.732706987810005], [-94.9238919929467, 39.731899113629716], [-94.92384707176718, 39.731854252560765], [-94.92330849579007, 39.731584943871695], [-94.92218643961652, 39.73095657031244], [-94.92142336243079, 39.73055261354315], [-94.92083989113316, 39.7301935400865], [-94.92079505163667, 39.730148672914346], [-94.91958321057766, 39.72952028962663], [-94.91832647916128, 39.728802214228345], [-94.91814689183283, 39.72871243364254], [-94.91756345486249, 39.72844309547928], [-94.91697994478922, 39.72821871775807], [-94.9158578576878, 39.72776985530078], [-94.91545394355303, 39.72763525258593], [-94.91491529031417, 39.7274107689881], [-94.91487045558836, 39.72736589689193], [-94.91478070703195, 39.727365924007415], [-94.91356883844242, 39.72691705952091], [-94.91276088790005, 39.72660287324621], [-94.91222233993017, 39.726468215835816], [-94.9116837179626, 39.72624386715958], [-94.91078605266964, 39.726064262710786], [-94.91074114206246, 39.72606427616404], [-94.91006796254298, 39.725794986947605], [-94.90926006282268, 39.72557061598369], [-94.9088112083116, 39.72552569038152], [-94.90867656058478, 39.72548083909945], [-94.90782377281387, 39.72525638953576], [-94.90746466650349, 39.72521151523545], [-94.90710564171319, 39.72512175032087], [-94.90701582647606, 39.72512177400607], [-94.90611823648537, 39.72494220339996], [-94.90526540872915, 39.72480758478181], [-94.90508586354127, 39.72476266074683], [-94.9040535889549, 39.72453829573145], [-94.90320079285331, 39.72435877228497], [-94.90261727497226, 39.72422407553799], [-94.90185430765229, 39.72413429394107], [-94.90136060985976, 39.72413430982217], [-94.90104636882516, 39.72404451917913], [-94.90050777585944, 39.724044540279664], [-94.90010381476058, 39.72408942260573], [-94.8998793843969, 39.72408946327497], [-94.89929590136725, 39.72404452139028], [-94.89911637545084, 39.72404455191932], [-94.89889202826339, 39.72408939581079], [-94.89835337697575, 39.724179183533344], [-94.89521153324753, 39.724538283779395], [-94.89175552022809, 39.72489733212582], [-94.88601049107689, 39.72633362769893], [-94.88412535471934, 39.72678242831056], [-94.88300329709021, 39.72723124872766], [-94.88264427193765, 39.727365915092], [-94.88215050728913, 39.727590358222386], [-94.88165682619747, 39.7277698315002], [-94.88134261741021, 39.727904494747385], [-94.88035519481953, 39.72835335976554], [-94.87882916945337, 39.729026558711126], [-94.87734799047323, 39.72969981259845], [-94.87631567698283, 39.730193595110784], [-94.87600149842743, 39.73032823860938], [-94.87564243939913, 39.730507763161214], [-94.87505897343296, 39.73091169506934], [-94.87478968351766, 39.73113610127905], [-94.87106432383389, 39.73382908370081], [-94.8708848100034, 39.733918912172115], [-94.87012180355501, 39.73459215194898], [-94.86774301627658, 39.736028361062615], [-94.86504997705907, 39.73858673486773], [-94.86487048269431, 39.73961905441149], [-94.86271604166807, 39.74217737579623], [-94.86177350499153, 39.74442153191594], [-94.86172863399773, 39.74446647763744], [-94.86168376304026, 39.745184604295694], [-94.86127976778364, 39.74697992672198], [-94.8613246384141, 39.74706967717083], [-94.86078611410964, 39.74841621321048], [-94.86060655441352, 39.74873036347555], [-94.86056168436434, 39.748820097981024], [-94.86056168436434, 39.74886504704703], [-94.86056168436434, 39.74895478818998], [-94.86056168436434, 39.74899965871209], [-94.86056168436434, 39.749044529201285], [-94.8605168143515, 39.749089392818945], [-94.8605168143515, 39.74913434168901], [-94.8605168143515, 39.74917921208135], [-94.86047186523923, 39.74922407889722], [-94.8604269952991, 39.74931381265416], [-94.86038212539526, 39.74944849491318], [-94.86038212539526, 39.74953823521566], [-94.8601576972857, 39.75030130504947], [-94.85943954926864, 39.75268010673744], [-94.85921512497572, 39.75348800402812], [-94.85903564950262, 39.754116349025885], [-94.8592600730688, 39.755193567880056], [-94.85997813962534, 39.75851492056937], [-94.86029238569658, 39.76035512183573], [-94.86060655441352, 39.76210554727629], [-94.86065142449904, 39.763003235229675], [-94.86065142449904, 39.76304809544111], [-94.86208768210312, 39.76551670120976], [-94.86258142650689, 39.76636952600171], [-94.86262629819096, 39.76641438888089], [-94.86267116991135, 39.766504109292775], [-94.86307509616867, 39.76722226067792], [-94.86334440835516, 39.767626234019126], [-94.86374833951758, 39.768119930629666], [-94.86522955114741, 39.77004994489104], [-94.86608231836351, 39.770768074978605], [-94.86715947509437, 39.77171062923126], [-94.86783276803536, 39.77202479715412], [-94.86967294854425, 39.772877560326215], [-94.86994229277455, 39.7729224209306], [-94.8707052967538, 39.772967298536045], [-94.87079505330598, 39.77296730151468], [-94.87092968840656, 39.77296730584007], [-94.87106432383389, 39.772967309994335], [-94.87115408096699, 39.77296731266879], [-94.87128879609007, 39.772967313221024], [-94.87146831122784, 39.77292246564651], [-94.87169270596692, 39.77287754044018], [-94.87182734324604, 39.77287754363628], [-94.87268013275451, 39.772742920631465], [-94.87344317438927, 39.77265314260765], [-94.87438575109496, 39.772563359104545], [-94.87514873702847, 39.77242871945652], [-94.87564243939913, 39.77238386176116], [-94.87595661592184, 39.772339004684355], [-94.87631567698283, 39.77229406742569], [-94.87802124874618, 39.771935042595025], [-94.87882916945337, 39.77175552142073], [-94.88022053685006, 39.771441328887576], [-94.88125284379761, 39.77121692607304], [-94.88215050728913, 39.77103737609689], [-94.88367654478076, 39.77036414345703], [-94.88394587781016, 39.7701845474593], [-94.89072325559363, 39.76542691304762], [-94.89094764898988, 39.765247375608105], [-94.89108233297027, 39.765112783336264], [-94.89135162273065, 39.76493323745663], [-94.89166580896396, 39.76470882581764], [-94.89184531081756, 39.76466394326709], [-94.8919799969738, 39.764708779549366], [-94.89206970874518, 39.76479856215036], [-94.89197999697379, 39.76506787481311], [-94.89206970874518, 39.7651576568557], [-94.8922043954453, 39.76511277783228], [-94.89274298714685, 39.764843473121985], [-94.89305718124712, 39.76461905735267], [-94.893326480578, 39.764394647681804], [-94.89368549559373, 39.76417022428534], [-94.89373039242955, 39.76412535845593], [-94.89377528930166, 39.76403555612361], [-94.89386508315467, 39.764035540316684], [-94.89390998013558, 39.76399067432582], [-94.89395479796929, 39.76399066971024], [-94.89404459211232, 39.763945795668995], [-94.89408948923825, 39.76390092954776], [-94.89422410164978, 39.76376625580578], [-94.89431389622794, 39.76376623964148], [-94.89476271292558, 39.763496936109966], [-94.89480761063163, 39.76345206940515], [-94.89498712263352, 39.76345211782311], [-94.89503202052083, 39.763407172577985], [-94.89521153324753, 39.763317425238704], [-94.89525643131613, 39.763272558238924], [-94.89530132942099, 39.76322769119105], [-94.89539112573952, 39.76322767415974], [-94.8954359447676, 39.76318281036417], [-94.89570525562486, 39.76300324899467], [-94.89575015409227, 39.76295838158982], [-94.89588477052587, 39.76291350004889], [-94.89597456778695, 39.76286862375658], [-94.89601946647191, 39.762823677731596], [-94.89615408355773, 39.762778795778495], [-94.89646829694192, 39.762644160064106], [-94.89651319602567, 39.76259929212056], [-94.8966478143072, 39.76250955039762], [-94.89691713103596, 39.762419781039995], [-94.89696203048224, 39.76237491277052], [-94.89705175029569, 39.76232996017301], [-94.89718644906952, 39.76224021411549], [-94.89732106898144, 39.7621504711141], [-94.89754548901814, 39.76201584972404], [-94.897635288962, 39.76197089308813], [-94.89781481009587, 39.76188113969959], [-94.89794943152943, 39.761791395472976], [-94.89799433180947, 39.76174652637624], [-94.89808405328895, 39.761701650966714], [-94.8982636550616, 39.761611893170624], [-94.89830847640573, 39.761611886814805], [-94.89848807890337, 39.76156698821425], [-94.89853290042842, 39.76156698176537], [-94.8985778011797, 39.7615221122914], [-94.89862270196723, 39.761477242769324], [-94.89875732535707, 39.76147721653233], [-94.89884712725835, 39.76138747724132], [-94.89902665230537, 39.76134258096168], [-94.89911637545084, 39.761297704460404], [-94.89916127667333, 39.761252834578194], [-94.89929590136725, 39.76120794781674], [-94.89947550705469, 39.76116304735726], [-94.89965503413069, 39.76111814991342], [-94.89992428623556, 39.76102837482239], [-94.90019361883664, 39.7609385956233], [-94.90037314823128, 39.76089369686699], [-94.90046287354959, 39.76089375750087], [-94.90064240381355, 39.76080399816742], [-94.90086683725696, 39.76071422769023], [-94.90104636882516, 39.760624467474244], [-94.901270803899, 39.760624416473206], [-94.90140543370046, 39.76057952674099], [-94.90149523987866, 39.76053464449355], [-94.90167477347566, 39.760489743359884], [-94.90185430765229, 39.760399981553114], [-94.90203384240851, 39.760310219341186], [-94.90225820227238, 39.760265387649305], [-94.90243773833252, 39.76022048510386], [-94.90266217902172, 39.760175570759856], [-94.90284171638599, 39.76008580695733], [-94.90302125432986, 39.76004098177451], [-94.90315588836897, 39.759996089539655], [-94.90329052273398, 39.75995119711228], [-94.90342523662187, 39.75995116179762], [-94.90364960209888, 39.75990632703204], [-94.90378423765902, 39.759861433944025], [-94.90387404767858, 39.75981654931679], [-94.90396377864543, 39.75977166792909], [-94.90418822549294, 39.759771610928375], [-94.90459213706247, 39.759726807266574], [-94.90481658644555, 39.7596370274102], [-94.90508586354127, 39.75959209868682], [-94.90544495449655, 39.759502361601825], [-94.9057142346341, 39.759502370547985], [-94.90593868854486, 39.75950238832312], [-94.90625287802077, 39.759412582876514], [-94.90665680458224, 39.75941255377801], [-94.9069709981139, 39.75936768550692], [-94.90724028563834, 39.759367690607256], [-94.90733002203531, 39.75936766712695], [-94.90750957446622, 39.75936769502278], [-94.90782377281387, 39.75932282423887], [-94.90822771078071, 39.759322789182924], [-94.90867656058478, 39.759277956143755], [-94.90885611736118, 39.75923304243855], [-94.90908050474276, 39.75923305695667], [-94.90934980247722, 39.759233056727126], [-94.9094395422765, 39.759233031470686], [-94.90966401121663, 39.7592330414073], [-94.90979866133293, 39.759233079850205], [-94.91015770350043, 39.75923305192913], [-94.91083096331302, 39.75923308243603], [-94.91096561625297, 39.75918818012001], [-94.91119001214088, 39.759233051014576], [-94.9116837179626, 39.759277915204166], [-94.91186328444226, 39.75932279647481], [-94.9119530282948, 39.75932284750829], [-94.91231208436166, 39.75932281225093], [-94.91280580013706, 39.759502331287024], [-94.91307511589874, 39.75959212095753], [-94.9133444329635, 39.75968190976453], [-94.91365858504498, 39.75977168493324], [-94.91415231276399, 39.75995119592595], [-94.91446646940493, 39.760040968150705], [-94.91469087940722, 39.76008583066391], [-94.91487045558836, 39.7601755659579], [-94.91500511830101, 39.76026539594521], [-94.91518461628212, 39.760310273892564], [-94.91536419405594, 39.7604000079381], [-94.91549877874876, 39.76048976181916], [-94.91567835753598, 39.76053463535505], [-94.91576810753953, 39.76062440231813], [-94.9158578576878, 39.76062444992789], [-94.91594760798073, 39.76066927861323], [-94.91603743763328, 39.76066932271699], [-94.9161271882157, 39.76071422963129], [-94.91635160491245, 39.76075908791289], [-94.91657602251378, 39.760893742896265], [-94.91666577396444, 39.76089371137213], [-94.9168004410197, 39.760938600036496], [-94.91684527729979, 39.760983523595634], [-94.91702486043017, 39.761073253575915], [-94.91711461260437, 39.76111815927871], [-94.91720436492321, 39.761163064864654], [-94.91738386999495, 39.76125279726105], [-94.917608291757, 39.761342589749205], [-94.9178327144236, 39.761432303166195], [-94.91792246789997, 39.76152206672061], [-94.91796738430126, 39.7615669859506], [-94.91819180841516, 39.76170163534465], [-94.91837131667022, 39.76179136509753], [-94.91859574241208, 39.761881154499285], [-94.91882016905846, 39.76201580171968], [-94.91908943469649, 39.76215043293254], [-94.91935878085613, 39.76228513816514], [-94.91971780546858, 39.762419733032154], [-94.91989739786321, 39.76255439198057], [-94.92025642594803, 39.762733920563726], [-94.92030134423186, 39.762778837759285], [-94.92039110168712, 39.76282373914177], [-94.92048085928701, 39.76300321351207], [-94.92061553556881, 39.763003237705284], [-94.92070529353042, 39.762958344916164], [-94.92106432682337, 39.763272520151276], [-94.92137852246454, 39.76345205843802], [-94.92218643961652, 39.763945785120775], [-94.92281476610628, 39.764349708646435], [-94.92294944803142, 39.76439466465596], [-94.92348802053723, 39.76475368319583], [-94.92393683493627, 39.76502302266655], [-94.92465502472288, 39.76547181939823], [-94.92577705138979, 39.766234812662184], [-94.92622588422931, 39.766504134662675], [-94.92627080732686, 39.76654904613209], [-94.92689917988281, 39.76699785791161], [-94.92734802176126, 39.76731202537713], [-94.92797632723291, 39.76776090600261], [-94.92820079167436, 39.767940371598854], [-94.92833540738727, 39.768075028017044], [-94.9285149483321, 39.768209739558024], [-94.92860471902142, 39.768254629159], [-94.92891887795618, 39.768478984252745], [-94.92923311789556, 39.76874834399585], [-94.92945750816503, 39.76892780695464], [-94.9296370527248, 39.76910736720983], [-94.9296370527248, 39.76924200380119], [-94.93057955229928, 39.76991527700384], [-94.93066932631412, 39.77000501545119], [-94.93111819855716, 39.770319227430996], [-94.93129774846649, 39.770453850139845], [-94.93147721971731, 39.770588553974264], [-94.93174654653288, 39.770857841397365], [-94.93201587464971, 39.771127126807954], [-94.93241982964567, 39.77153105283147], [-94.93286863674592, 39.771935031302], [-94.93322766917974, 39.77220434376753], [-94.93394582022431, 39.772698029213366], [-94.93426000926263, 39.772787800158184], [-94.93439463960932, 39.77283265875571], [-94.9344844197681, 39.77287753931664], [-94.93457420007147, 39.77296734791317], [-94.93461905065668, 39.77310195312865], [-94.93466398051939, 39.773146855535195], [-94.93461905065668, 39.773461062719996], [-94.93466398051939, 39.774224098730556], [-94.93466398051939, 39.77426894751494], [-94.93493324348876, 39.7746729145213], [-94.93515765670391, 39.77516659676047], [-94.93529236846037, 39.77561547188576], [-94.93533721962328, 39.776064317123435], [-94.93538207082224, 39.77633361357694], [-94.9355167831209, 39.77700687041267], [-94.9356064858438, 39.777680070668865], [-94.93565141650217, 39.77835336125798], [-94.93578605020853, 39.778891905784874], [-94.93578605020853, 39.77947544102523], [-94.93574119868461, 39.78005891531135], [-94.93569626795389, 39.78064238741917], [-94.9356064858438, 39.781136111296796], [-94.935471852571, 39.78203375637008], [-94.93533721962328, 39.782617255670516], [-94.93520258700062, 39.78311098654271], [-94.93497817360463, 39.78369444619576], [-94.93457420007147, 39.78432283913168], [-94.93403559966038, 39.78508581820067], [-94.9334970044523, 39.785579508129814], [-94.93336237627315, 39.78571417810166], [-94.9327340100842, 39.78629766607132], [-94.9321056509778, 39.78665671177333], [-94.93161192258097, 39.787015840890625], [-94.93125282131666, 39.78724022358226], [-94.93098357612278, 39.78746463346291], [-94.93080402722545, 39.78759932126705], [-94.93071425299365, 39.78764420621178], [-94.93053470496386, 39.787733975797174], [-94.93048985766451, 39.78777883596737], [-94.93040008393875, 39.78786855952473], [-94.93031031035756, 39.78791344396976], [-94.93008583741975, 39.788048154136675], [-94.93004099048157, 39.7880480966967], [-94.92990637064891, 39.788093001630806], [-94.92981659786294, 39.78813788553294], [-94.9296370527248, 39.788272570140705], [-94.9293228897417, 39.78845207980415], [-94.92905357463708, 39.788541812197366], [-94.9288291067608, 39.788631601766795], [-94.92824563713177, 39.788945754871136], [-94.92757240444057, 39.78921510870392], [-94.92667472068433, 39.78943949248756], [-94.92636057440099, 39.78952923663168], [-94.92622588422931, 39.78957413950574], [-94.92559751926635, 39.78975370562881], [-94.92546291016755, 39.78975368790571], [-94.92541798772139, 39.78975371032757], [-94.92532822216585, 39.789798589540496], [-94.92528337905635, 39.789798608549695], [-94.92492431856947, 39.78984345436097], [-94.92438573217797, 39.789933218036985], [-94.92366754586294, 39.78997806798804], [-94.92173756009731, 39.790157639268806], [-94.92155804099163, 39.79015763749067], [-94.92066037492079, 39.79011278966484], [-94.91953829287304, 39.79029229437741], [-94.9185059878505, 39.790247406398464], [-94.91626185396824, 39.790157670851194], [-94.91433180799528, 39.79015761317206], [-94.90647725490352, 39.79029230755399], [-94.90095664256533, 39.79038208691484], [-94.90028334386527, 39.790382020516425], [-94.90014871678049, 39.790382052420775], [-94.90001409002167, 39.790382084153954], [-94.89996918811049, 39.790382017417635], [-94.89992428623556, 39.79038202905114], [-94.8998793843969, 39.7903820406656], [-94.89938570413844, 39.79042691720808], [-94.89745568921936, 39.79060647827805], [-94.89673761280096, 39.79069623024894], [-94.89579505259594, 39.79078602703191], [-94.89440369095118, 39.79083090767501], [-94.89319179115823, 39.79092065851668], [-94.89206970874518, 39.791100212300485], [-94.8905436781862, 39.791414335052885], [-94.88937675589344, 39.79186320848715], [-94.88874833191541, 39.792087649819486], [-94.88807510191864, 39.79240176522188], [-94.88749166363428, 39.792626187685045], [-94.88708771796037, 39.792805747498626], [-94.88654910190712, 39.79303016074587], [-94.88605538171093, 39.79325456480235], [-94.88556166590351, 39.79356879620863], [-94.88520262421045, 39.79379317764684], [-94.88479861601354, 39.794017565901285], [-94.88466402643792, 39.79401757859036], [-94.88228516993962, 39.79581290398767], [-94.88215050728913, 39.795947579289056], [-94.88201584496522, 39.79608225415667], [-94.88183637487427, 39.7962617643917], [-94.88170171331222, 39.796396438247335], [-94.88143239116799, 39.7968003667351], [-94.88134261741021, 39.79689012217233], [-94.88125284379761, 39.79702479017369], [-94.88111818365087, 39.79720429602544], [-94.88107329700787, 39.797204299960086], [-94.88102841040117, 39.79724921647696], [-94.88098352383075, 39.79729405456419], [-94.88071428433496, 39.79774288471829], [-94.88062451173836, 39.797877550458786], [-94.87990633619147, 39.79926892908802], [-94.87770706053585, 39.80344309137105], [-94.87766217665099, 39.80357774011097], [-94.8771235728637, 39.80492421595007], [-94.87707868945068, 39.80501403266248], [-94.87703380607397, 39.80514867781554], [-94.87698892273353, 39.805283322663826], [-94.8769440394294, 39.80537306044584], [-94.8768093897348, 39.80568725787145], [-94.87662985731684, 39.806136096483456], [-94.87645032547962, 39.80658493164107], [-94.8763605597788, 39.806899120164005], [-94.8762259114998, 39.807392852535706], [-94.8762259114998, 39.80815584637714], [-94.87600149842743, 39.81201582165176], [-94.87595661592184, 39.81327251651816], [-94.87600149842743, 39.81376626633324], [-94.8760463809693, 39.81448435630302], [-94.87609126354748, 39.81515761649904], [-94.87613614616195, 39.81565135083889], [-94.87618102881272, 39.81627969923582], [-94.87627079422316, 39.81717734925706], [-94.8763605597788, 39.81811996160699], [-94.87640544261106, 39.818748284209995], [-94.87640544261106, 39.818882974902564], [-94.87640544261106, 39.81906248367566], [-94.87645032547962, 39.81924198901803], [-94.87645032547962, 39.819376678613295], [-94.87645032547962, 39.81960108225723], [-94.87649520838448, 39.81996017042814], [-94.87654009132564, 39.820364073847486], [-94.87654009132564, 39.820588473834924], [-94.87654009132562, 39.820902663769154], [-94.87662985731684, 39.8222491898944], [-94.8766747403669, 39.82251847395598], [-94.87689915616158, 39.82319170977335], [-94.87703380607397, 39.823775236119644], [-94.87707868945068, 39.82377523275712], [-94.87734799047323, 39.82444844979115], [-94.87734799047323, 39.82449334248001], [-94.87761729280243, 39.82498705995601], [-94.87793148050461, 39.82548076869299], [-94.87829055434197, 39.82601935975135], [-94.87869451518554, 39.82651312752667], [-94.87986145052827, 39.827769796343894], [-94.88102841040117, 39.82893680182873], [-94.88367654478076, 39.83167464294114], [-94.88484350566806, 39.83243770580402], [-94.88650421087404, 39.83333539928403], [-94.8887932247621, 39.83414324772683], [-94.89148622851027, 39.834636993917655], [-94.89292249248005, 39.83468188039898], [-94.8962887801564, 39.8344574396131], [-94.90005899196912, 39.834053484457144], [-94.90019361883664, 39.83405352537244], [-94.90041805046867, 39.83405346040301], [-94.90064240381355, 39.83400859199287], [-94.90077711128681, 39.83400862883184], [-94.90369450698184, 39.83382906782715], [-94.90634261282506, 39.83373929374036], [-94.90894585636426, 39.83409839666802], [-94.91262630982659, 39.83477159434356], [-94.91675552555976, 39.835803926330755], [-94.9222762001097, 39.838856001338456], [-94.92357778312775, 39.839574149861974], [-94.92375730874275, 39.83966389868352], [-94.9255526759401, 39.84092062165227], [-94.92613611737217, 39.84132461918522], [-94.9285149483321, 39.84316482196486], [-94.93071425299365, 39.84478063544933], [-94.93134259641586, 39.84527430085107], [-94.93322766917974, 39.84671060810827], [-94.93367656202355, 39.847069645229084], [-94.93484354184892, 39.84796727687752], [-94.9350230245148, 39.848101946230564], [-94.935471852571, 39.8484161754669], [-94.93654908634342, 39.8492689486029], [-94.9381199640901, 39.85061544114306], [-94.9398704635994, 39.852051654400285], [-94.9403641858747, 39.85268005293575], [-94.94058854169458, 39.853039095902346], [-94.94166579504633, 39.854699838633934], [-94.94175550765935, 39.85478959457939], [-94.94202480486777, 39.85541794852751], [-94.94256340318432, 39.85703371836532], [-94.94296735533393, 39.85945740400537], [-94.94274298994722, 39.861028324262215], [-94.94238389625187, 39.862240169145615], [-94.94180044327153, 39.86340719948452], [-94.94067833182518, 39.86520253221382], [-94.93973582003262, 39.86618990988516], [-94.93870345782221, 39.86704267369516], [-94.93825460375623, 39.86740175615789], [-94.93807511068904, 39.867581304013896], [-94.93731205367395, 39.86816479529109], [-94.93686329005068, 39.868523862820076], [-94.93659393851715, 39.86874824577441], [-94.93641445079479, 39.868882930002], [-94.93515765670391, 39.86973569418954], [-94.93421515896623, 39.87036411186078], [-94.93340722588354, 39.871037293988365], [-94.93206072317683, 39.87206962915453], [-94.9315669951779, 39.872518474931645], [-94.93147721971731, 39.87260823842726], [-94.93089380160181, 39.87314683694874], [-94.93048985766451, 39.87355076323307], [-94.9302653840036, 39.87386495390819], [-94.92995121747877, 39.874268899277254], [-94.9296370527248, 39.87471777292036], [-94.92941266173244, 39.87498702147117], [-94.92936773610205, 39.87507683378118], [-94.92927796418368, 39.87521144506315], [-94.9291881924099, 39.8753461342712], [-94.92914334619401, 39.87543586435039], [-94.92847010265797, 39.87633353618042], [-94.92842517778737, 39.87642334623864], [-94.92784171238739, 39.87781470511344], [-94.92734802176126, 39.87983442627514], [-94.9272133292027, 39.88104629437487], [-94.9272133292027, 39.88113607014615], [-94.9272133292027, 39.88198881594707], [-94.92725825309634, 39.882931373959394], [-94.92734802176126, 39.88396374316705], [-94.92788655755584, 39.88611807134924], [-94.92905357463708, 39.8884071796959], [-94.93017561063938, 39.88993320076629], [-94.93022053692097, 39.88997809234377], [-94.93120797343954, 39.89083081792285], [-94.9327340100842, 39.89213245274961], [-94.93367656202355, 39.89285063162734], [-94.9348883926508, 39.89379312928706], [-94.93578605020853, 39.89424195325349], [-94.9359656151515, 39.89437666341465], [-94.93659393851715, 39.89469082551174], [-94.93749162353073, 39.89518454299274], [-94.93901767366722, 39.895947550160095], [-94.93982552954185, 39.89639638573794], [-94.93996017332519, 39.89644128640769], [-94.94000510749117, 39.896486168303866], [-94.94040904111657, 39.896665705402796], [-94.94058854169458, 39.89671057499508], [-94.94229410337608, 39.8974735470114], [-94.94386506366673, 39.89814682845127], [-94.94678249753237, 39.899089412882645], [-94.94754544630788, 39.89931379365113], [-94.9493407869236, 39.89985238095738], [-94.95014871300297, 39.90007677991071], [-94.95154012022002, 39.9005256589721], [-94.9525275378434, 39.90075005296735], [-94.95333543077196, 39.90092959329367], [-94.9534251621442, 39.900974511324875], [-94.95355983874117, 39.90101939009527], [-94.95369451566297, 39.90101935755439], [-94.95378424761223, 39.90106427519083], [-94.95391892507526, 39.901064242358245], [-94.95414333538938, 39.901154037641646], [-94.95436774660529, 39.901154010378534], [-94.95454729208126, 39.90119892980341], [-94.95459215872302, 39.901198893594966], [-94.95463702540083, 39.90119885736748], [-94.95472683813449, 39.90119885971568], [-94.95477170492049, 39.90124381258786], [-94.95517566615771, 39.90128862397764], [-94.95625280471263, 39.90115401428987], [-94.95917025176968, 39.901243780572834], [-94.96065138891687, 39.9013335669846], [-94.96213256532918, 39.901243768452595], [-94.96347908016634, 39.901064251494304], [-94.96428697292868, 39.90083982908568], [-94.96720436378118, 39.89985239160312], [-94.96760833562608, 39.899762660477585], [-94.96882018938607, 39.89949330437043], [-94.97034622370616, 39.89913428050388], [-94.97070525934383, 39.898999593141504], [-94.97330849525115, 39.89837126796931], [-94.97582192625207, 39.89774289410696], [-94.97779684412444, 39.897338947492315], [-94.97963701264202, 39.897024779170934], [-94.98120791287478, 39.896800297498096], [-94.98340723141968, 39.89657590453566], [-94.98502304923258, 39.896441225733554], [-94.98574115257789, 39.896396394772445], [-94.98704278794112, 39.89630662959605], [-94.98798530472887, 39.89644126824091], [-94.98892783738177, 39.89671055811765], [-94.99031925809665, 39.89697987791742], [-94.9918452442401, 39.897428677442136], [-94.99337135128376, 39.89792243678371], [-94.99395478746348, 39.898101956356925], [-94.99476272373595, 39.898281441193085], [-94.99561549189083, 39.8985058583344], [-94.9976352159627, 39.8990894180611], [-94.99884708534961, 39.8993137669336], [-95.00023843510989, 39.89962794039934], [-95.00136055235633, 39.899897278155656], [-95.0024377076682, 39.90016658388357], [-95.00382914655788, 39.90039096292155], [-95.00495117699904, 39.900525614899955], [-95.00531027591377, 39.90057053915657], [-95.0068362735987, 39.900615389764695], [-95.00845213245721, 39.90061542578567], [-95.00993322522449, 39.900615384973975], [-95.01118995509337, 39.90052564362327], [-95.01311993691205, 39.90021146645901], [-95.01513973612128, 39.89962799018887], [-95.01648617705581, 39.898954716314805], [-95.0176083019771, 39.8982365787595], [-95.01864061323083, 39.89742872716041], [-95.01873036997267, 39.89738384958178], [-95.01998713815316, 39.89608218481812], [-95.02115409434528, 39.8949152687637], [-95.02191710506824, 39.89397267216811], [-95.02200686704883, 39.893838041151824], [-95.0229942583065, 39.892805750459864], [-95.02371245131286, 39.89204267533616], [-95.02438565150642, 39.89118990343717], [-95.02523847328936, 39.8897087356361], [-95.02573215547473, 39.888137818446864], [-95.02595661562685, 39.88674644658067], [-95.02595661562685, 39.885534652159876], [-95.02595661562685, 39.88432275528126], [-95.02595661562685, 39.8842779132238], [-95.02586684733248, 39.88338025405948], [-95.02573215547473, 39.88293139251184], [-95.02555261974699, 39.88230305902287], [-95.02519355001331, 39.88091168078677], [-95.02501401600739, 39.88019347805475], [-95.02478963899163, 39.8792060967721], [-95.02483448257539, 39.87817378865057], [-95.02487940556422, 39.87727607991422], [-95.02514870614284, 39.87633358628836], [-95.0253730845932, 39.87561538593864], [-95.02676445736076, 39.87229406622966], [-95.02788654959865, 39.87085776818588], [-95.0302653449702, 39.86897272765241], [-95.03286857007376, 39.86731199947779], [-95.03524741760782, 39.86592064030966], [-95.03942157900899, 39.864843449777034], [-95.04341621933962, 39.86457410089371], [-95.0460642788169, 39.86443944547337], [-95.0507770563633, 39.86452927133935], [-95.05665673077857, 39.86403555867089], [-95.06074114794458, 39.86358666462062], [-95.06608223037554, 39.86268906052846], [-95.07250057026701, 39.8618811623929], [-95.07254545189225, 39.861881159495205], [-95.07505887993284, 39.861566970926866], [-95.07761722623701, 39.861477160975426], [-95.08156698662927, 39.86152206137534], [-95.08502297574809, 39.8618811429381], [-95.08776087195058, 39.86255440443166], [-95.09013965522091, 39.86313788357405], [-95.09830847197912, 39.86690806490313], [-95.10656693627716, 39.8697805998172], [-95.10872140269754, 39.87040899378073], [-95.11083088013564, 39.87099243478721], [-95.11132459729481, 39.87103731488757], [-95.11267111332046, 39.87112707244983], [-95.11401758191137, 39.87121689422001], [-95.11554358659912, 39.871351545012985], [-95.11850588303903, 39.87166567135179], [-95.12115405072483, 39.872024719640166], [-95.1245203099796, 39.87287757532505], [-95.12860462983852, 39.874313838778264], [-95.13394577158091, 39.87651312121268], [-95.13475365039531, 39.87687214748703], [-95.13493321592937, 39.876961954226246], [-95.13708756956436, 39.87835327588855], [-95.13762621053581, 39.878802121315296], [-95.13843414182831, 39.87952029775447], [-95.13969079650818, 39.88059743091792], [-95.1405884695001, 39.88167469051255], [-95.14144129984757, 39.88297629732815], [-95.14144129984757, 39.8830211351841], [-95.14220426899115, 39.884726692597916], [-95.14269802120066, 39.88589372833812], [-95.1432366359571, 39.88777876391277], [-95.14341614883435, 39.88934969347658], [-95.14328149423912, 39.89047177951641], [-95.14287753237241, 39.89258133697927], [-95.14238385813415, 39.89554356957712], [-95.14224920599084, 39.89702471006612], [-95.14251851059731, 39.899403534263904], [-95.14283267441002, 39.90039103211972], [-95.14332635255664, 39.90110912522099], [-95.1437303176214, 39.90173746557313], [-95.14382011453894, 39.901917007319874], [-95.14512174836308, 39.90335328975642], [-95.14530126720896, 39.90348793822314], [-95.14606428829953, 39.904161190315925], [-95.14763514346615, 39.905058864028696], [-95.14965491241976, 39.90595653792366], [-95.15109119389729, 39.90636050989412], [-95.1513604609492, 39.90645025029148], [-95.15320073858413, 39.90685417939827], [-95.15324560474777, 39.906854221884316], [-95.15347001564842, 39.906899093721286], [-95.15355974843703, 39.90694391984701], [-95.15405351996435, 39.9070337000529], [-95.15490623460896, 39.90712349951689], [-95.15602833082563, 39.90725811735206], [-95.15777878158069, 39.90725812338025], [-95.15903554670926, 39.90707862651672], [-95.15984346479416, 39.90698883392286], [-95.16038200367876, 39.90680932365272], [-95.16163874687939, 39.90640538833612], [-95.1638380348528, 39.905552545411396], [-95.1645561913971, 39.90528328424762], [-95.16653104936819, 39.90447540430516], [-95.16931379012011, 39.9031288608085], [-95.17223123100297, 39.90169260558726], [-95.17429588261436, 39.90097450660082], [-95.17627068124575, 39.900615437547486], [-95.17766211391351, 39.900346102307964], [-95.17945740205413, 39.90007680610591], [-95.18120785859178, 39.89998705537694], [-95.18138741196847, 39.89998702231645], [-95.18336229775214, 39.90003194185571], [-95.18515760667061, 39.90007678930462], [-95.18740174290338, 39.9001216617713], [-95.18955617786376, 39.90016658805037], [-95.19126173055479, 39.90043586660208], [-95.1937751776151, 39.90097444725927], [-95.19619885577832, 39.90182729191948], [-95.19624375589726, 39.90187213775737], [-95.19781472508079, 39.90245560117945], [-95.19929585283506, 39.903128866645304], [-95.19969981792934, 39.90335325975909], [-95.20068721176031, 39.903802135216], [-95.20131562734336, 39.9041611712158], [-95.20176443161802, 39.904385577375656], [-95.20275186124152, 39.905058830956925], [-95.20346995196034, 39.905642378104226], [-95.2040983186226, 39.906360478466254], [-95.20450231777778, 39.90698882114622], [-95.20539998007702, 39.90829042281178], [-95.20584881653026, 39.909502303134026], [-95.20598346019331, 39.910803952340714], [-95.20607319627081, 39.91206066171076], [-95.2059385523957, 39.912958346968516], [-95.20584881653026, 39.914035521571996], [-95.20557953015867, 39.915112672725506], [-95.20522043056118, 39.91623480987009], [-95.20472669221564, 39.91713250104669], [-95.20432277109084, 39.918119914284155], [-95.20369440195292, 39.91915224816774], [-95.2031109452793, 39.91987030334181], [-95.20266205077618, 39.9204987243984], [-95.20216833460321, 39.92126169002084], [-95.20189906562818, 39.92180033088699], [-95.20167462270952, 39.92233891308353], [-95.2011809150952, 39.923281465251485], [-95.20082184322422, 39.92426887392182], [-95.20059748416661, 39.925121683956526], [-95.20046277361698, 39.925794927219364], [-95.20037304637685, 39.92844307902563], [-95.20037304637685, 39.9310462837485], [-95.20064230813763, 39.93297629004053], [-95.20109118672369, 39.93468186311811], [-95.20194397024167, 39.93611810153202], [-95.20297630840479, 39.937419682692585], [-95.20441250455279, 39.93894577028043], [-95.20526533779278, 39.939753601008796], [-95.20620784046407, 39.94024736217389], [-95.20732991432284, 39.94074110696586], [-95.20872131022266, 39.94114504947584], [-95.20979852273265, 39.9415040541471], [-95.21078593233163, 39.94204272379008], [-95.21172852630725, 39.94244667422974], [-95.21271596933872, 39.94294036877266], [-95.21374826375498, 39.943209648894246], [-95.21473566213301, 39.94352384865273], [-95.21644125213577, 39.9439726504682], [-95.2180121411163, 39.94410730988168], [-95.22025637742088, 39.94442146365313], [-95.22160285008259, 39.94437661306882], [-95.22748251171926, 39.9440175492219], [-95.23066923095644, 39.943793168958784], [-95.23111810699275, 39.943793107365835], [-95.23470876434202, 39.94383798121584], [-95.2367733710667, 39.94392776041718], [-95.23834434172825, 39.944241991633945], [-95.24139638184765, 39.94496010804925], [-95.24382009253806, 39.94581289625624], [-95.24503190675158, 39.946306602734474], [-95.24539101791711, 39.946486168011496], [-95.24794932198243, 39.94769799608649], [-95.2502384027618, 39.94864054780519], [-95.2511360674522, 39.94931374938721], [-95.25270695480015, 39.95066025884322], [-95.25508580010062, 39.95245561818968], [-95.2564771648395, 39.95371235724841], [-95.25665671623398, 39.95389186470429], [-95.25764413943239, 39.954879340305474], [-95.25854176095694, 39.956091155724415], [-95.25988825949578, 39.95788650255441], [-95.2618631547629, 39.96062435593424], [-95.2646908031288, 39.96390087160105], [-95.26630661935891, 39.965741100105895], [-95.26989725507032, 39.969376639768676], [-95.27232097774264, 39.97103732656775], [-95.27474464353061, 39.97211447380778], [-95.27977158766608, 39.97404443938429], [-95.28210547372723, 39.97485233533562], [-95.28394574924945, 39.97548070530667], [-95.28560644110803, 39.97610909214765], [-95.28865845058934, 39.97736585815707], [-95.2896458673591, 39.97781463098437], [-95.29539097176944, 39.980642276100404], [-95.29920602163939, 39.98270693827731], [-95.30032808708812, 39.983335318993475], [-95.30095648203073, 39.98364951024712], [-95.30162970729225, 39.984008590556364], [-95.30234784420719, 39.984547132943185], [-95.30320062351915, 39.98539998078167], [-95.3036943352502, 39.98589369292769], [-95.30400859016204, 39.986162927878055], [-95.30580386413695, 39.98791339538102], [-95.3069708861241, 39.98921500825484], [-95.30764410212755, 39.990696145357084], [-95.3080929437683, 39.99249153407174], [-95.30831732602057, 39.99379311507459], [-95.30831732602057, 39.99522941239005], [-95.30831732602057, 39.99536404398607], [-95.30818268061081, 39.99706962868781], [-95.30813785205508, 39.99895471935061], [-95.30813785205508, 39.99904444222266], [-95.30818268061081, 39.99922402313465], [-95.30827249735977, 39.99980744146358], [-95.30827249735977, 39.99998704068343], [-95.30854178891587, 39.99998697968971], [-95.30934967115778, 39.999987026829075], [-95.3096189677629, 39.999987041162505], [-95.30979852612367, 39.99998702308924], [-95.31038195507548, 39.99998702718699], [-95.31060642603701, 39.99998698248413], [-95.31289545770547, 39.99998698052862], [-95.3197626210303, 39.99998700985511], [-95.32205161839616, 39.99998698296275], [-95.32294929085613, 39.999987032229434], [-95.32555254840491, 39.99998704133948], [-95.3264501957091, 39.99998698628224], [-95.32707855715537, 39.99998702907401], [-95.32896368266854, 39.99998697873802], [-95.32959199176786, 39.999987010167196], [-95.32990622868631, 39.99998702080746], [-95.33075901791888, 39.99998704060584], [-95.33107318141161, 39.999986973338544], [-95.33120780063402, 39.999987034509424], [-95.3312527269769, 39.9999870003605], [-95.33129757355663, 39.99998704794374], [-95.33138734661927, 39.99998698321676], [-95.3316117399891, 39.999986979066534], [-95.33170151354174, 39.999986992155804], [-95.33331738163153, 39.99998698406326], [-95.33825448316014, 39.99998700006447], [-95.33991514903282, 39.99998702421258], [-95.34548073998879, 39.9999870046912], [-95.34714137472669, 39.99998700374485], [-95.34929576141884, 39.99994211721791], [-95.35073203734346, 39.99994210150607], [-95.35239274356206, 39.99994209940048], [-95.35750943074946, 39.99998703508149], [-95.35921496096772, 39.9999870505673], [-95.35925990915302, 39.999987004441614], [-95.35948433125587, 39.99998702252387], [-95.35952919981375, 39.999986979971005], [-95.36087567197349, 39.999987003427975], [-95.36096541128842, 39.999986995196906], [-95.36110010036202, 39.999942120784176], [-95.36127965966936, 39.99994210018099], [-95.36168357035373, 39.999942096354935], [-95.36249148004674, 39.99994215843552], [-95.36397263727591, 39.99994216686148], [-95.3655435789576, 39.99994214226454], [-95.36585769257924, 39.999942138218785], [-95.36796726454818, 39.999942153797136], [-95.36823651599626, 39.999942110710826], [-95.36846097301198, 39.999987006551], [-95.368640475373, 39.99994215821479], [-95.36868535105047, 39.999942111753256], [-95.37043584909004, 39.99998704080541], [-95.37137835480209, 39.999986978216434], [-95.37214136209512, 39.999987021040745], [-95.37447532464228, 39.99998698923716], [-95.37523837285411, 39.99998700956271], [-95.38282364408182, 39.999987001169124], [-95.39215930984604, 39.99994215955753], [-95.39346092889697, 39.99994216744956], [-95.39422398812553, 39.999987034768296], [-95.39633347747342, 39.99998700080712], [-95.39732090404968, 39.99998697794237], [-95.39835324619482, 39.999987042806936], [-95.39934062734557, 39.999987004665314], [-95.40032810523648, 39.99998703159819], [-95.40571407100985, 39.999986984955015], [-95.40602824317776, 39.99998702430263], [-95.40692594440952, 40.0000318566419], [-95.40719521754123, 40.00003187721454], [-95.40872122881193, 40.000076766625384], [-95.41051656886656, 40.00012164570228], [-95.41320960337484, 40.000121646176645], [-95.4147356132716, 40.000166533192555], [-95.4149151793957, 40.0001665063338], [-95.41558837750878, 40.000166547907], [-95.41563328962698, 40.00016655944314], [-95.41581285853285, 40.000166531048805], [-95.41689004390338, 40.000166521581285], [-95.42021139159739, 40.00012163723427], [-95.42133349532855, 40.000121673588694], [-95.42232086866892, 40.00012167203238], [-95.42528316950487, 40.000166580063905], [-95.42627061010188, 40.000166541303486], [-95.42631553049645, 40.00016654826834], [-95.42636037099619, 40.00016655895264], [-95.42640529146031, 40.00016656587907], [-95.42645013202944, 40.000166576525025], [-95.42662973444268, 40.00016652962407], [-95.42667457518536, 40.00016654017413], [-95.42703362209693, 40.00016653085164], [-95.42815569798697, 40.00016657976798], [-95.42851483399944, 40.00016656163819], [-95.42968178160947, 40.0001665259069], [-95.43322753114477, 40.000211402183844], [-95.4344394202861, 40.00021139929848], [-95.43452919381961, 40.00021140995612], [-95.43475358829039, 40.00021143813672], [-95.43569610250711, 40.000211392856585], [-95.43601027731388, 40.000211427932584], [-95.43623475745407, 40.00021144919999], [-95.4370425893585, 40.00021145794865], [-95.43731192245475, 40.000211404934554], [-95.43753632768373, 40.00021142716466], [-95.43820954857547, 40.0002114129001], [-95.43843403722056, 40.00021142946282], [-95.43847888708595, 40.00021143496646], [-95.438523736986, 40.00021144045091], [-95.44121679314445, 40.00025629972815], [-95.44934060969715, 40.00025629701228], [-95.45203360765575, 40.00030121655926], [-95.45270691662724, 40.00030119103701], [-95.45463684567875, 40.00030118453256], [-95.45526524197506, 40.00030122583412], [-95.45656683880543, 40.00025632810408], [-95.46199769731048, 40.000031903418325], [-95.46222211791388, 40.00003187664833], [-95.4628505162058, 40.00003187645868], [-95.46307494009955, 40.00003192593794], [-95.46374821697573, 39.9999870229969], [-95.46513958456624, 39.999986986800025], [-95.46590254738405, 39.99998703242898], [-95.46635141958485, 39.999987039795734], [-95.46778764192935, 40.00003193605105], [-95.46922397970991, 40.00003191664466], [-95.47066019295833, 40.00003188511414], [-95.47335321831376, 40.00007677077826], [-95.47739266992394, 40.0000767638614], [-95.47914317264221, 40.00007677563494], [-95.48075892030035, 40.000076803581365], [-95.48273378385477, 40.00007677790832], [-95.48421497545127, 40.00007679280205], [-95.48704256937559, 40.00007681707917], [-95.48843401357998, 40.00012169776298], [-95.48942140701618, 40.000121663864974], [-95.48995999957772, 40.00012162691744], [-95.49009466849994, 40.00012165533723], [-95.49135143340358, 40.00012165958678], [-95.4931915794163, 40.00012166321178], [-95.49691694057634, 40.00012163215944], [-95.49844298852223, 40.00012167965265], [-95.50153994259365, 40.0001216941247], [-95.50441247701026, 40.000121656630505], [-95.50607310665846, 40.00012169617825], [-95.50692593053796, 40.000121653262646], [-95.5090354325185, 40.00012165267638], [-95.51096538743093, 40.000121633789924], [-95.51325442497921, 40.000121691706156], [-95.51491514601445, 40.00016656664078], [-95.51899950702902, 40.00016654907935], [-95.52043574572386, 40.00016651698935], [-95.52115387830804, 40.000121643123656], [-95.5215578617871, 40.0001216971253], [-95.52285949857585, 40.00016652948204], [-95.52492409904116, 40.00016657857819], [-95.52627056815219, 40.000166533305936], [-95.52685409843978, 40.00016652411588], [-95.52761706827162, 40.00016654880396], [-95.52766198683942, 40.00016651614201], [-95.52811085413757, 40.00016651599953], [-95.53264399839892, 40.00016656072901], [-95.53641423926535, 40.000166539994645], [-95.53780557892877, 40.00016655957319], [-95.53906232966719, 40.0002113982264], [-95.53969067511353, 40.0002114475647], [-95.53996000240645, 40.00021146591707], [-95.54013955462351, 40.00016651118287], [-95.54027417910473, 40.00007678369909], [-95.54040880389559, 39.99998697786782], [-95.54058835748933, 39.999986988992994], [-95.54072298300275, 39.999987038081315], [-95.5409025375602, 39.999987048668146], [-95.54108209266842, 40.00003186948548], [-95.54153090276068, 40.00012167470809], [-95.54184508789022, 40.0002114303464], [-95.54197971629381, 40.000211399720264], [-95.54238368345109, 40.00021145911093], [-95.5439994998629, 40.00021145072746], [-95.5448073847446, 40.000211400073056], [-95.54624369655244, 40.0002114312982], [-95.54633340213348, 40.00021143570768], [-95.54637833506992, 40.00021139502068], [-95.55023829108333, 40.00021139150574], [-95.55203359249359, 40.00021142492338], [-95.55391874621772, 40.00021142165704], [-95.55683615196219, 40.000211434312995], [-95.55813777239797, 40.000211445606666], [-95.55908027963304, 40.000211400972105], [-95.56087561157831, 40.00021145051508], [-95.56271586384632, 40.000256312819175], [-95.56433160007201, 40.00025633374273], [-95.56518439217422, 40.0002563270585], [-95.5653639415842, 40.000256299507654], [-95.56567809428363, 40.00025629246888], [-95.56572304205305, 40.000256321547496], [-95.56621674869629, 40.00025628441925], [-95.5662616167569, 40.00025631711159], [-95.56635135298109, 40.000256304373934], [-95.56715930566735, 40.00025632702288], [-95.56850578466532, 40.000211444214585], [-95.56886482424233, 40.000211459348016], [-95.57236575555056, 40.00021139712812], [-95.57604615727541, 40.000211421636266], [-95.580983317495, 40.0002563287536], [-95.5822849127212, 40.000256301057746], [-95.58300308249959, 40.00025631750109], [-95.58367629950541, 40.000256307666234], [-95.58394558846813, 40.000256302520576], [-95.59444833979848, 40.00025628742529], [-95.59588458465156, 40.000256323997895], [-95.59628852231225, 40.00025635085432], [-95.5979940852856, 40.00025632477876], [-95.59871220654703, 40.000256323144264], [-95.59965480411402, 40.000256330621156], [-95.60037294565286, 40.000256317596595], [-95.60203357130828, 40.00025629345136], [-95.60396354434008, 40.00030123165167], [-95.60674633488145, 40.00025628358366], [-95.60746448280602, 40.00025630385293], [-95.61473553240617, 40.00030117915086], [-95.61495997813701, 40.00030116423967], [-95.61769790000862, 40.00030121201077], [-95.62066017601396, 40.00030117269316], [-95.6208845641249, 40.000301227024835], [-95.62375709613715, 40.000301163447], [-95.62380200812966, 40.000301171468514], [-95.62501384284822, 40.00030118548203], [-95.62573197294284, 40.0003011701073], [-95.62627053615402, 40.00030119631788], [-95.62649494562798, 40.000301160562145], [-95.62707843029945, 40.00030118946246], [-95.62779658554751, 40.00030115992231], [-95.63098331450665, 40.000301203056075], [-95.63170143710909, 40.00030122867534], [-95.6325542441241, 40.00030118805813], [-95.63358658062741, 40.000301163689706], [-95.6352921010766, 40.00030120869564], [-95.63645908986598, 40.00030117294331], [-95.63780555151766, 40.00030122209615], [-95.63915204389819, 40.00030117586646], [-95.63978041752466, 40.0003012212181], [-95.64162065295353, 40.0003011781625], [-95.6449868783397, 40.0003012332717], [-95.64516643072854, 40.00030115854546], [-95.64539083186786, 40.0003011642293], [-95.64606412063388, 40.00034605769067], [-95.6461089693838, 40.000346060040954], [-95.6461538983982, 40.000346058466306], [-95.64628852518534, 40.00039094459656], [-95.6470964528181, 40.000435834022504], [-95.6473208612932, 40.00043583553386], [-95.647500340548, 40.000435838740465], [-95.6479043112734, 40.00043583799242], [-95.64808387253468, 40.00043583629109], [-95.64844291646185, 40.00039095285366], [-95.64857754846814, 40.00039095287381], [-95.64884689363565, 40.00034606545554], [-95.64925079333844, 40.00034606345706], [-95.64969962751606, 40.00034605680236], [-95.64987919423642, 40.000346052037976], [-95.65575890177901, 40.000346106390644], [-95.6564770048818, 40.00034605562701], [-95.65759907349711, 40.00034604376451], [-95.65867630509146, 40.000346100980856], [-95.65872116341818, 40.00034609792454], [-95.66078580675665, 40.00034611587559], [-95.66244652953563, 40.000346069527886], [-95.66442133682077, 40.00034611482964], [-95.66980734957338, 40.00034606383401], [-95.67101924595782, 40.00034605629827], [-95.67137826870783, 40.000346063094675], [-95.67178224213791, 40.000346056076154], [-95.67290428016841, 40.000346051847345], [-95.67299409871154, 40.000346107641384], [-95.67375712035962, 40.00034609301399], [-95.6747445039192, 40.00034610142798], [-95.67492406645894, 40.000346057595536], [-95.67501380779834, 40.0003461155828], [-95.67537285478686, 40.000346108668296], [-95.6760461640665, 40.00034609771897], [-95.6774823901427, 40.00034604849085], [-95.67788632497168, 40.00034609988151], [-95.67824538938643, 40.00034608310641], [-95.67936746968618, 40.00034609152879], [-95.68044469641661, 40.000346100305975], [-95.68102815223925, 40.00034608987639], [-95.68174632135917, 40.00034611157598], [-95.68206053312316, 40.00034609463516], [-95.68264400486854, 40.00034607519153], [-95.68434957680223, 40.00034608945263], [-95.68951114782404, 40.00034604288354], [-95.69022925922901, 40.00034609225975], [-95.69184504171136, 40.000390988157676], [-95.6919796922403, 40.000390936239306], [-95.6921143430752, 40.00039096220123], [-95.69314667630688, 40.00039094733957], [-95.70059731995211, 40.00039095289596], [-95.70100125179553, 40.000390922863126], [-95.70252730382737, 40.00039098304788], [-95.7032005202338, 40.00039097305145], [-95.70373914704565, 40.0003909439531], [-95.70849673434708, 40.00039094201818], [-95.70921491508572, 40.00043582689224], [-95.70993302419906, 40.00043583077089], [-95.71096534637219, 40.0004358118343], [-95.71114485805133, 40.000435869788376], [-95.71298506478738, 40.00043585175391], [-95.71352370009997, 40.00043585422637], [-95.71442138293285, 40.00043588083583], [-95.71487014911584, 40.00043585618234], [-95.71603718197699, 40.00043586564422], [-95.71953801653517, 40.00043583566659], [-95.72025617019169, 40.000435850643285], [-95.72110896885367, 40.000435853254366], [-95.72317361812263, 40.000480717663315], [-95.72465476961646, 40.0004358681064], [-95.72492405924825, 40.00043584358827], [-95.72541773329698, 40.00043582417558], [-95.72640517403786, 40.00043585243913], [-95.72721307039171, 40.00048072036669], [-95.72748237161694, 40.0004807672946], [-95.72775167406245, 40.00048073547821], [-95.72806588857162, 40.00048074819303], [-95.72855958872049, 40.000480713916446], [-95.7288737271583, 40.00048072817141], [-95.7291430359081, 40.00048069277028], [-95.73004071377167, 40.000480753195696], [-95.73031002780868, 40.00048071478777], [-95.73057934306581, 40.000480753736134], [-95.7318360298203, 40.00043581997964], [-95.73232976128187, 40.00043584596968], [-95.73381089991761, 40.00043583586815], [-95.73394556532298, 40.00043581190035], [-95.73403531564615, 40.00043582316635], [-95.73493298702974, 40.00043584559041], [-95.74220412635754, 40.00048073184945], [-95.74274270509754, 40.00048075570528], [-95.74323644673906, 40.00048073412029], [-95.74341597555856, 40.000480740607216], [-95.74386479997682, 40.00043587727463], [-95.74664758692019, 40.00043584852103], [-95.74696174053334, 40.00043581239787], [-95.74898147683878, 40.00043584069145], [-95.74974451152272, 40.00043586523651], [-95.7561627805076, 40.00043582513196], [-95.76123461358382, 40.00043582761932], [-95.7637929599396, 40.000435839498344], [-95.76697969165069, 40.0004358431673], [-95.76819156263589, 40.00043582271318], [-95.77236568756271, 40.000435806299926], [-95.77308383566076, 40.000435880328844], [-95.77312870010338, 40.00043583213542], [-95.77357750719122, 40.00043580941444], [-95.77483421716187, 40.000435827591325], [-95.77510357303176, 40.00043583780867], [-95.77779655534205, 40.00043585578397], [-95.78282350739232, 40.000435810853766], [-95.78304786655656, 40.00043586096118], [-95.78372110994113, 40.00043584427892], [-95.78448418726069, 40.00043586921492], [-95.78470855266546, 40.00043583770945], [-95.78529206750082, 40.000435839170194], [-95.78785040022836, 40.00048073619858], [-95.78811973441488, 40.00048071684676], [-95.79103713012805, 40.0004358184238], [-95.7936403475005, 40.00043580988452], [-95.79557037418542, 40.00048070542063], [-95.79714124121413, 40.0004806981706], [-95.79826331436918, 40.000480711972095], [-95.80019332946623, 40.000480732480774], [-95.80293120386352, 40.00048072294759], [-95.80333510645205, 40.00048072341948], [-95.80459187955621, 40.000480723738306], [-95.80513045871695, 40.00048076614195], [-95.80544467906047, 40.00048072220885], [-95.80710534409765, 40.0004807650957], [-95.80975342911454, 40.00048071835737], [-95.81150391981086, 40.0004807234803], [-95.8124913388664, 40.00048071241928], [-95.81428664409385, 40.000480691867864], [-95.81460083206827, 40.00052557702457], [-95.81796713183343, 40.00052561384332], [-95.8188198805792, 40.00048071881231], [-95.82061521467448, 40.00052562785159], [-95.82110895708044, 40.00052558239318], [-95.8216026230896, 40.00052561668153], [-95.82214127488194, 40.000480701151915], [-95.82241052212622, 40.00048076153272], [-95.82501373707146, 40.00048074155645], [-95.8255972429031, 40.00048069397672], [-95.82586658615503, 40.00048074140029], [-95.82595631385921, 40.000480759749145], [-95.82613585014428, 40.00048071413043], [-95.82649492432844, 40.000480700008424], [-95.82707836411141, 40.0005256001649], [-95.82775162044412, 40.00052563585691], [-95.8284697903308, 40.00052559522472], [-95.82972652786499, 40.00052563333709], [-95.83116276262031, 40.00052560609145], [-95.83152186692723, 40.00052557465825], [-95.83224000151371, 40.00048071650942], [-95.83268885005964, 40.00048069394974], [-95.83313762148349, 40.000480751549695], [-95.83381086540241, 40.000480752241515], [-95.83425972571027, 40.00052559648825], [-95.83443928687134, 40.0005256146191], [-95.83448411688205, 40.000525622140806], [-95.8350227235093, 40.00052560045773], [-95.83659366031274, 40.00048072078619], [-95.83776066168207, 40.00052561254647], [-95.83901735252812, 40.00052562898465], [-95.84067806322756, 40.00052557236934], [-95.84103714403243, 40.00052559029131], [-95.84233873941166, 40.00052564946444], [-95.84377495429547, 40.00048074788472], [-95.84431356386517, 40.00052563342219], [-95.84480734050896, 40.00052564003952], [-95.84539079750928, 40.00052565001274], [-95.85575881143379, 40.00061536611712], [-95.85580373788858, 40.00061536040841], [-95.85997785808605, 40.00066029691715], [-95.86756314468663, 40.00070513405877], [-95.8752830839102, 40.000525623236705], [-95.88215019195705, 40.000480710610084], [-95.88259901087417, 40.00048072781834], [-95.88264387684009, 40.0005255857098], [-95.88273368942173, 40.000525633246404], [-95.88291323443732, 40.000570525157286], [-95.88304783313806, 40.00057048515387], [-95.88367620604008, 40.000570518022045], [-95.8841699839908, 40.000570510693386], [-95.887491289665, 40.000570472575234], [-95.8876259791576, 40.00057050060989], [-95.88767084887006, 40.000615356007266], [-95.8974105425627, 40.00061536075399], [-95.90153976943716, 40.00061541129892], [-95.90948414381874, 40.0005705189107], [-95.92748231458742, 40.000525606853955], [-95.92784134929003, 40.000525588695716], [-95.92788624893035, 40.000525634078976], [-95.92950209392149, 40.00057051376983], [-95.9303997146859, 40.00052561908294], [-95.9307139455639, 40.00052562063956], [-95.9321052711816, 40.0005256085829], [-95.93390060338017, 40.00052558187477], [-95.93524709721618, 40.00057050945252], [-95.93749126651203, 40.000570468191896], [-95.93982525547071, 40.00052559517873], [-95.94085751538945, 40.00057048002809], [-95.9418898735561, 40.00057048246331], [-95.94296707955722, 40.000570517689454], [-95.94355052039738, 40.000570495861844], [-95.94669237671587, 40.0005255785853], [-95.94911606768837, 40.00057048864176], [-95.95284134020996, 40.000570530253384], [-95.95387366092167, 40.0005705044259], [-95.95400833729106, 40.00057053296888], [-95.95409809482217, 40.00057052727131], [-95.95782343198097, 40.00039093454681], [-95.95791319516744, 40.00048073800227], [-95.9579580364856, 40.000480696543484], [-95.95804779987158, 40.000525632621134], [-95.9581376440407, 40.000570486404214], [-95.95822740769289, 40.00057047714992], [-95.9583171714781, 40.00057046781831], [-95.95939434727777, 40.00061537286759], [-95.96042661840217, 40.00057050144238], [-95.9635236179785, 40.000570500690415], [-95.96455587880651, 40.0005704595072], [-95.96527406783383, 40.00057049513254], [-95.96639613423737, 40.00061536497834], [-95.96666546230372, 40.00061539365433], [-95.96693471090512, 40.000615347756664], [-95.96738359566962, 40.00061534082374], [-95.96949311626571, 40.00061535929379], [-95.97088444625632, 40.00061534308864], [-95.97142306280412, 40.00061538069421], [-95.97294907489281, 40.000615346923134], [-95.97528305950976, 40.000570454231614], [-95.97600113360899, 40.000570506410135], [-95.97707838171114, 40.00057053014488], [-95.98300298310203, 40.00057049278746], [-95.99184497358385, 40.00061540885448], [-95.99588445548437, 40.000660228787744], [-95.99601906377715, 40.00066028936475], [-95.99714121465892, 40.0006602983777], [-95.99925072073302, 40.000615371565296], [-96.00216810776173, 40.00061534717864], [-96.00652177009499, 40.00066029966088], [-96.00715013534536, 40.000660278438524], [-96.007239890809, 40.00066023110897], [-96.0080029790318, 40.000660246456455], [-96.0091250283021, 40.00066029911783], [-96.010695899771, 40.0006602449716], [-96.01078574118789, 40.00066026842571], [-96.01392752974957, 40.000660246566795], [-96.01469054042543, 40.0006602993058], [-96.01675520552197, 40.00066029005701], [-96.01971751198698, 40.00066029507661], [-96.02263491201275, 40.000705157143464], [-96.02389165890195, 40.00070516719737], [-96.02429558993293, 40.0007051659192], [-96.0248341957219, 40.00070510836301], [-96.0249687873593, 40.000705135697366], [-96.02523813300506, 40.00070518145155], [-96.03762592850336, 40.00070514894135], [-96.0391519072751, 40.000705169044146], [-96.03946613637187, 40.000705105725025], [-96.03969056364441, 40.00070511684853], [-96.04094725857261, 40.00070517608989], [-96.04404424467435, 40.00070517823928], [-96.04951998006119, 40.00070511952335], [-96.04969953525527, 40.00070511196072], [-96.05001373792325, 40.00070517705571], [-96.05028303270562, 40.00070516642567], [-96.0505074190078, 40.00070515844032], [-96.0506869771074, 40.0007051491742], [-96.05086645496208, 40.00070514381436], [-96.05104601411809, 40.00074999598551], [-96.05131531345575, 40.0007500606912], [-96.0514499635702, 40.000750053772286], [-96.05167435416305, 40.00075004325919], [-96.0582273594312, 40.00070510660335], [-96.05961870039185, 40.00070517968896], [-96.06132425314942, 40.00070511330084], [-96.06150384306477, 40.00070516339106], [-96.07083952940665, 40.0006602559405], [-96.07133329805704, 40.000660220792355], [-96.08147692046751, 40.000705149099055], [-96.0825091626306, 40.000705135536954], [-96.08385571811951, 40.000750017178845], [-96.08614473648716, 40.000750007909396], [-96.08933146609104, 40.00070513975749], [-96.08995979569413, 40.000705133070035], [-96.09637811462298, 40.00070510869146], [-96.09929554155379, 40.00070517648617], [-96.10243736096376, 40.00070513746668], [-96.10513040793529, 40.00075002503803], [-96.10872107872756, 40.0007051080575], [-96.1092596206757, 40.00075006090433], [-96.11033679961281, 40.00075000198177], [-96.11168332010469, 40.00075000909259], [-96.1189993060539, 40.000750062061066], [-96.12169227166059, 40.00075001615174], [-96.12357738553678, 40.000749991035526], [-96.12380179808389, 40.0007499937076], [-96.1238915633324, 40.00075001024366], [-96.12501364001265, 40.000750015370386], [-96.12523805780944, 40.000750014942696], [-96.12546247642648, 40.00075001403066], [-96.1258664320041, 40.00070518432629], [-96.12600108445385, 40.00066023134002], [-96.12613573719887, 40.00052563987439], [-96.12613573719887, 40.000435845426395], [-96.14718603468417, 40.000480764468605], [-96.15405315552012, 40.00052562520507], [-96.15441223222618, 40.00052559506542], [-96.15441223222618, 40.00057052971577], [-96.1544571371892, 40.00066027696294], [-96.15450196127505, 40.00070517184306], [-96.15468150067538, 40.00075001260485], [-96.15495085121309, 40.000794920721205], [-96.1553996635137, 40.00075002456056], [-96.15625247253892, 40.000750057765806], [-96.15634220427039, 40.000750050572165], [-96.15728475945858, 40.000749990025405], [-96.1583170636875, 40.00074999004348], [-96.16060610914785, 40.00079490327987], [-96.16163846906078, 40.00075001417215], [-96.16199750908888, 40.000750040041], [-96.16262585440472, 40.00075002274337], [-96.1627605064436, 40.0007500405239], [-96.16307472265285, 40.00075002789212], [-96.16320937567303, 40.00075004509107], [-96.16383773335201, 40.00075002046662], [-96.16469049739965, 40.00079492696272], [-96.16581259037935, 40.00079492030211], [-96.16751818495361, 40.00079490395428], [-96.16958274911997, 40.000794945880976], [-96.17083951996047, 40.00079489800832], [-96.17258992905624, 40.000839771770934], [-96.17285927698079, 40.00083978130526], [-96.17416087208765, 40.00079495054638], [-96.17541757439791, 40.00083978923656], [-96.17640501866974, 40.000839831411795], [-96.17676414474143, 40.000839806218266], [-96.17703342996313, 40.000839809245996], [-96.17757200393437, 40.00083981320788], [-96.17802081917017, 40.00083976237111], [-96.17851456017293, 40.000839811266815], [-96.17869408861912, 40.000839758332724], [-96.179187835012, 40.00083980402921], [-96.17990595977166, 40.000794886741616], [-96.18053432579512, 40.000794925761845], [-96.18264384664526, 40.00083976344471], [-96.18425964868908, 40.000839762037124], [-96.18583056518649, 40.00083979303012], [-96.18726681581009, 40.00083981444128], [-96.18749121781066, 40.00083977048629], [-96.18865816993873, 40.00083979674119], [-96.1896007336436, 40.00083978087673], [-96.19153067429096, 40.00083982818403], [-96.19305676177179, 40.00083981420992], [-96.19543559042935, 40.00083975790262], [-96.19934042961033, 40.000839792178276], [-96.20153966194424, 40.00083977570464], [-96.20171917639294, 40.00083976531705], [-96.21181792643979, 40.0008397810889], [-96.21352349684547, 40.00083978064533], [-96.21424161598638, 40.00083981473472], [-96.21464558697602, 40.00079490895586], [-96.21527398253825, 40.00079491117129], [-96.2160818596489, 40.00083980981235], [-96.21617159742661, 40.00083983326412], [-96.21671026980101, 40.000839803303194], [-96.21778746663432, 40.00083982169493], [-96.21823625018764, 40.00083977045374], [-96.21908903700069, 40.00083980338126], [-96.2202560189483, 40.0008398170221], [-96.22375693482194, 40.00083978796103], [-96.22779641253774, 40.00083980917905], [-96.23004056368235, 40.00092957656362], [-96.23215007347304, 40.00092958071944], [-96.23399028247997, 40.00092960072022], [-96.23502265434949, 40.00092952725664], [-96.23551636475128, 40.00088471323989], [-96.23663844847584, 40.00092956466832], [-96.2371769748623, 40.0009296019123], [-96.23744628031976, 40.000929539303534], [-96.23767070242826, 40.00088469976675], [-96.23771558694749, 40.00088470217002], [-96.2391967943177, 40.000884692589764], [-96.24157561515277, 40.00083975932819], [-96.24224884774424, 40.000839772418615], [-96.24242831825151, 40.00088470797932], [-96.2427874228759, 40.000839780620666], [-96.24301186432237, 40.00083978139506], [-96.24337089130019, 40.00079493440408], [-96.24381977922965, 40.00075000337248], [-96.24449295516125, 40.00061537347492], [-96.24476229240274, 40.00061536999556], [-96.24494185121362, 40.000615367287786], [-96.24512132951574, 40.00070514985115], [-96.24530088936623, 40.00070514650268], [-96.2454355595953, 40.00070514378753], [-96.24565992959755, 40.0006602916807], [-96.24597416240618, 40.00061535442529], [-96.2460639435011, 40.0006602816362], [-96.24628831577678, 40.00075006076388], [-96.24664736172468, 40.0008398349143], [-96.24714108368369, 40.00088467333185], [-96.24875686954881, 40.00088469569784], [-96.25221288020882, 40.00088465459431], [-96.2530657295603, 40.00088466421705], [-96.25661145240363, 40.000884641645314], [-96.25809262480388, 40.000884700690975], [-96.25831704057973, 40.000884672736284], [-96.2593493311783, 40.00088469564902], [-96.26020211649455, 40.00088465539239], [-96.26078558660456, 40.000884649595704], [-96.2612344384353, 40.00088465955786], [-96.26163839164693, 40.000884675540185], [-96.26437624893008, 40.0008846880875], [-96.26460068741594, 40.00083979616319], [-96.269537890782, 40.0008398088438], [-96.27034574570989, 40.00083978341525], [-96.27236551004002, 40.000839765945294], [-96.27447500005908, 40.00083976897848], [-96.27474430525973, 40.00083977439047], [-96.2750585231576, 40.00083976535814], [-96.27532783088608, 40.00083976925591], [-96.2755073159743, 40.00083980039258], [-96.27555222786151, 40.00083978643343], [-96.27644990493218, 40.000884695630894], [-96.27703336549675, 40.00088468526478], [-96.2781105565552, 40.00088468049546], [-96.28071382504785, 40.00083980041084], [-96.28726674465047, 40.00088469384353], [-96.28995975433787, 40.00083980457338], [-96.2958843478606, 40.000884685858004], [-96.29700646827362, 40.000884713737356], [-96.29835292591922, 40.00083977962838], [-96.29889150090767, 40.000839835007646], [-96.29947500970819, 40.00083978527875], [-96.29978919030319, 40.00083978815871], [-96.30104592852851, 40.000839790164015], [-96.30185386823267, 40.000705147841835], [-96.30248217389719, 40.000615367881075], [-96.30257195553894, 40.00061539902125], [-96.30284130124036, 40.00061541397826], [-96.30409801992435, 40.00061538377088], [-96.30418772278854, 40.00066026628616], [-96.30445707547402, 40.000705125346414], [-96.3045917117002, 40.000750058925725], [-96.30486098502519, 40.00079492123048], [-96.30522004497067, 40.000839811596336], [-96.30553425453522, 40.00083979707727], [-96.30665630543874, 40.00083981187572], [-96.30867611285525, 40.000884699139846], [-96.30966349172918, 40.0008846837857], [-96.3106061112557, 40.00088467935689], [-96.3124911497105, 40.00088465805775], [-96.3125809457694, 40.00088468050448], [-96.31383769857887, 40.000884696710166], [-96.31460070176351, 40.00088469560165], [-96.31500459591555, 40.00088468183893], [-96.3170243492727, 40.00088465416443], [-96.32061501210083, 40.00092956376399], [-96.3217820362069, 40.00092955057437], [-96.32267964957444, 40.000929561620424], [-96.323532491588, 40.000929590804226], [-96.32743728083926, 40.00092953371736], [-96.32837984437276, 40.000929541401085], [-96.3293224221342, 40.000929540518314], [-96.33048936560772, 40.00097444529537], [-96.33138702302935, 40.000974463353465], [-96.33156658851838, 40.000974479858186], [-96.33192563990337, 40.00092959178873], [-96.33215007849537, 40.00092957332921], [-96.33304767864125, 40.000929581496806], [-96.33354143724875, 40.000929582585755], [-96.3339004999853, 40.000929534284595], [-96.33789512081862, 40.00092959077043], [-96.33861321724459, 40.00092954520736], [-96.3396455409604, 40.000929541619925], [-96.34054324878706, 40.00092956289835], [-96.34175503684163, 40.000929547849694], [-96.3417999964807, 40.0009295831845], [-96.34188975354641, 40.00092958468513], [-96.3420692680644, 40.000929587453335], [-96.34220390429122, 40.00092955032899], [-96.34242829864694, 40.000929592057396], [-96.34310156770296, 40.00092955390058], [-96.34323620615291, 40.000929593428914], [-96.34516621811476, 40.00092953395616], [-96.34606384289721, 40.00092959431912], [-96.34785921227798, 40.00092953130081], [-96.34830804238548, 40.00092958979286], [-96.34862222537713, 40.00092953599026], [-96.34987897312503, 40.000929545236865], [-96.35068681455851, 40.000929575439514], [-96.35127032070218, 40.000929572793446], [-96.35203337540949, 40.00092955237936], [-96.35266169922285, 40.00097442710677], [-96.35355935040296, 40.00097442697433], [-96.35423265811691, 40.000974476930345], [-96.35477122833275, 40.00097442460792], [-96.3548161161576, 40.00097445874639], [-96.35607282597843, 40.00097447973591], [-96.35611771473684, 40.00097443531909], [-96.35661141203032, 40.0009744178542], [-96.36002259170486, 40.000974427423614], [-96.36109975523091, 40.00097442026093], [-96.36926850327362, 40.00097447555923], [-96.3700764325536, 40.00097444151817], [-96.37236550029333, 40.00097446054961], [-96.37317338830769, 40.00097440683438], [-96.37501362556962, 40.00097441212713], [-96.37649476999266, 40.00097441695754], [-96.37667430256731, 40.000974442236746], [-96.37851448019681, 40.00097447229902], [-96.37887355742681, 40.000974437559755], [-96.37923263671304, 40.00097447956593], [-96.38300284972915, 40.000974468990194], [-96.38327213612871, 40.0009744531234], [-96.38367606789559, 40.000974428011304], [-96.38542655015159, 40.00097445250236], [-96.38816440070202, 40.0009744575029], [-96.38870301896539, 40.00097447623374], [-96.38897232983064, 40.000974445555116], [-96.3966921995823, 40.00097443413257], [-96.39714105463946, 40.00097445497964], [-96.3975899129047, 40.00097447388238], [-96.39790409935368, 40.0009744400618], [-96.39969941101629, 40.00097442176966], [-96.40118056958275, 40.00097441707887], [-96.40216794679546, 40.000974458668566], [-96.40441212485949, 40.00101936328683], [-96.40625238468338, 40.00097441056784], [-96.40706022158017, 40.00101935183812], [-96.40782330553004, 40.00097442601874], [-96.40849654612869, 40.00101931345657], [-96.40988789496822, 40.00101932739092], [-96.41083048102927, 40.000974433967684], [-96.41141397829264, 40.00101935602342], [-96.41208717609845, 40.00097446228164], [-96.41316442132494, 40.00101934662499], [-96.41594711263112, 40.00101932190516], [-96.4163510920663, 40.00101933433398], [-96.41715897746796, 40.00101935896536], [-96.41864014119402, 40.000974441340745], [-96.41931341634785, 40.000974420720645], [-96.41998661745058, 40.00101931982375], [-96.42070476073701, 40.001019300497234], [-96.42169220082393, 40.00101932540895], [-96.42272451156897, 40.00101935011622], [-96.42285915851195, 40.00101929513515], [-96.42330803790911, 40.001019289563004], [-96.42375683924698, 40.00097444515226], [-96.42398128174652, 40.000974479669544], [-96.42460959498403, 40.000974424969804], [-96.42591126023609, 40.00101930020088], [-96.42662938986331, 40.00101932229048], [-96.42864908701107, 40.001019347892466], [-96.43250906425112, 40.00101934826319], [-96.43300279366514, 40.00101931013827], [-96.43524693405166, 40.001019313071104], [-96.43551628178473, 40.001019326343624], [-96.43838879986711, 40.00101930148345], [-96.4409022590007, 40.00101935649199], [-96.44467243241327, 40.0010193359253], [-96.445031562499, 40.001019323793635], [-96.44548035604954, 40.00101931366059], [-96.44651265024113, 40.00101935779029], [-96.44853241574644, 40.00097442120773], [-96.44983400622442, 40.00101933797052], [-96.450956122178, 40.00101933267517], [-96.45284123736376, 40.00101932606764], [-96.4595288588914, 40.00101935832542], [-96.46006743772955, 40.001019353946255], [-96.4604713748734, 40.001019290337354], [-96.46132413955313, 40.001019306839524], [-96.46213203250579, 40.00101932420277], [-96.46370296505987, 40.001019348582695], [-96.46635111565355, 40.00101936031211], [-96.46648577447972, 40.00101933111223], [-96.46715899159997, 40.0010193429861], [-96.46738342600678, 40.001019292471085], [-96.46742831298383, 40.00101936029041], [-96.46832597790454, 40.00101931347693], [-96.46908899091807, 40.00097445281408], [-96.47007637580009, 40.001019290350186], [-96.47030082057101, 40.00101931149119], [-96.47097407834572, 40.00101929855599], [-96.47205127317662, 40.00101933295373], [-96.47263476815372, 40.001019333530536], [-96.47402615094681, 40.001019342425636], [-96.47510331647257, 40.00101934960927], [-96.47707820827516, 40.001019305401385], [-96.48152163537931, 40.00097442256796], [-96.48255394952056, 40.00101928913893], [-96.48372089472016, 40.001019338205104], [-96.48551621203586, 40.00101929342834], [-96.48708715648021, 40.00101930668275], [-96.487760430325, 40.00101934962348], [-96.48843362998942, 40.00101931476137], [-96.48978013214884, 40.00101930532329], [-96.49574964736199, 40.00101930191365], [-96.49664730756301, 40.00101934416314], [-96.49727569354617, 40.00101935259699], [-96.50001352460492, 40.00106423813728], [-96.5009112452423, 40.00101932839439], [-96.50140494006321, 40.00101930777258], [-96.50171915587669, 40.001019298021745], [-96.50234751081715, 40.001019358201425], [-96.50513023072085, 40.001019337692], [-96.5061176899595, 40.00101933181302], [-96.50759882629737, 40.00101934888517], [-96.5078681571208, 40.00101934804944], [-96.5092595009509, 40.00101931876272], [-96.5101571898372, 40.001019330931], [-96.51132415556873, 40.00101933005307], [-96.51320919927568, 40.00101934245207], [-96.5146454994165, 40.001019293250785], [-96.5153187407023, 40.00101933111867], [-96.51594714908578, 40.0010193132831], [-96.51989685701966, 40.001019338493606], [-96.52007639134193, 40.001019293733016], [-96.52034569377786, 40.00106417883546], [-96.52532771012464, 40.00106423828599], [-96.52586636070804, 40.00106423071522], [-96.52600098337193, 40.00106421118299], [-96.52694351279982, 40.0010642163309], [-96.52712306705656, 40.001109072748], [-96.52887354418223, 40.00101932866437], [-96.52968140410442, 40.00097442343511], [-96.5305790563829, 40.0009744327394], [-96.53179092336605, 40.00097442033037], [-96.53228461438867, 40.000929586832946], [-96.53556114317762, 40.000884682970536], [-96.53910689733583, 40.00083977246944], [-96.53915175374459, 40.00097447436002], [-96.53915175374459, 40.00101930917711], [-96.53924154806634, 40.001064221864695], [-96.53933134251497, 40.001109056457096], [-96.539421055681, 40.0011090608216], [-96.53982501072532, 40.00110910469897], [-96.54193454117352, 40.001109068685686], [-96.54287706279788, 40.00110909832265], [-96.54390939931285, 40.00110911524352], [-96.54485195021672, 40.00110912688415], [-96.5451661369565, 40.0011090768737], [-96.54570471151487, 40.00115397003896], [-96.54848754153424, 40.00110906316275], [-96.55261678251392, 40.001109111155316], [-96.55400812994095, 40.00115399257215], [-96.55414281222816, 40.00115401436306], [-96.5548160650819, 40.001153973957436], [-96.55795784304603, 40.00110911095459], [-96.55881069860573, 40.0011090942759], [-96.5593492258144, 40.001109091259316], [-96.56383759120867, 40.00101931619813], [-96.56980706817572, 40.001064243606194], [-96.5698519462313, 40.001064193593976], [-96.56998658058764, 40.00106419938132], [-96.57025593160276, 40.00106420581073], [-96.57057008086863, 40.00106424380451], [-96.57658441979895, 40.00110907765699], [-96.57667418548697, 40.00115396021626], [-96.57671906837835, 40.00115398518817], [-96.57676395130136, 40.00119884265378], [-96.57680883425597, 40.001198867584094], [-96.57689860025997, 40.00119883941674], [-96.57703324950296, 40.00119883600434], [-96.57707813264716, 40.00119886081775], [-96.57725766553993, 40.001198881907], [-96.57739231554127, 40.00115396758064], [-96.57833487351338, 40.00115401353428], [-96.58013026057887, 40.001153954768796], [-96.58102789160534, 40.001153957306336], [-96.58125232170185, 40.00110908429465], [-96.58138698013889, 40.00106424291517], [-96.58156652516385, 40.001019346248356], [-96.58161141149908, 40.00097445876865], [-96.5817908756922, 40.00097447666579], [-96.58223974204495, 40.00097446948922], [-96.58574060066412, 40.000929568807855], [-96.5861446052539, 40.00092952363462], [-96.58829901371651, 40.00092958645404], [-96.58928638018618, 40.00092956666274], [-96.59341565866823, 40.00092953757176], [-96.59395431532842, 40.00092959756789], [-96.59426841838291, 40.00092957286651], [-96.59543546124517, 40.00092956360077], [-96.59678195031107, 40.00092953767726], [-96.60095604311812, 40.000884658682374], [-96.60113556170951, 40.00088464301065], [-96.60127026210051, 40.00088468604519], [-96.60144978157491, 40.00088466982771], [-96.60158440113956, 40.00088471709655], [-96.60477118657315, 40.000884652798405], [-96.60477118657315, 40.00092956185468], [-96.6048160077339, 40.001064228276654], [-96.60495071588448, 40.00115400630669], [-96.60499553717118, 40.00119885452021], [-96.60517506711281, 40.00119883175918], [-96.60679085928378, 40.00119884677631], [-96.60863113716373, 40.00119889692018], [-96.6089004068352, 40.00119889449647], [-96.60952876147905, 40.00119883103526], [-96.60957366747543, 40.001198841734585], [-96.61006739101813, 40.00110907699659], [-96.61020202873704, 40.00110911300018], [-96.61042647989876, 40.001064182956405], [-96.61047130502544, 40.0010641979243], [-96.61069575713255, 40.001064175901945], [-96.61105484954255, 40.00106418829253], [-96.61109967510981, 40.00106420298786], [-96.61338875485514, 40.00097447441768], [-96.61352339956812, 40.0009744281514], [-96.61428644596666, 40.00092953696702], [-96.61446592049683, 40.00092958074809], [-96.61504941996354, 40.00092955331578], [-96.61742821955865, 40.00097441350461], [-96.61846054096291, 40.00101936551233], [-96.61904399535915, 40.0010193201134], [-96.61962753658825, 40.00101934472772], [-96.62012125623914, 40.00101935385332], [-96.6203456607012, 40.00106422359015], [-96.62070472578013, 40.001064207104825], [-96.62133311489521, 40.00124370826028], [-96.62137794766618, 40.00128862630704], [-96.6214676948166, 40.00133354981801], [-96.62160235653549, 40.00137840070347], [-96.62178193310638, 40.00133351928228], [-96.62191659548654, 40.00133353998218], [-96.62209609142417, 40.00128866267018], [-96.62339773733709, 40.001288623856205], [-96.62501350084347, 40.00128861558868], [-96.62568676805571, 40.00128862301225], [-96.62779628668105, 40.001288633856554], [-96.62846950163656, 40.00128862781199], [-96.6305341912085, 40.00128865824039], [-96.63250902153723, 40.00128865068492], [-96.63358618291105, 40.001288640287925], [-96.63789500953426, 40.001288642317604], [-96.63856824910198, 40.00128865310101], [-96.64292193243399, 40.00133352935971], [-96.6455252002695, 40.00128860116179], [-96.64732051775036, 40.001333484267505], [-96.64848746844645, 40.00133348156874], [-96.6504623627294, 40.00128864247246], [-96.65104578245315, 40.0013334968116], [-96.65221280092544, 40.001333529988436], [-96.6526615908295, 40.001333483230596], [-96.65306552889362, 40.0013335160378], [-96.65481603811436, 40.00133353131365], [-96.65741921779484, 40.00133347640175], [-96.66056106792084, 40.00133349551031], [-96.66154848935048, 40.00133354695954], [-96.6629399261761, 40.00133350519445], [-96.66298478805624, 40.00133349735267], [-96.66316431745751, 40.001333539059274], [-96.66329898522972, 40.0013335104909], [-96.663658046291, 40.00133351453905], [-96.66379263353049, 40.00133349001947], [-96.6662163940689, 40.00133349867639], [-96.66881962813099, 40.001333491716196], [-96.66949286595244, 40.00133347556015], [-96.67106378163659, 40.00133352474095], [-96.67232049288842, 40.00133348733146], [-96.67438512581437, 40.00133350504954], [-96.67631512972278, 40.001333527205574], [-96.6776167341655, 40.00133349434994], [-96.6787836644491, 40.001333494025744], [-96.68084834177706, 40.00133354784065], [-96.68259879231462, 40.001333528958696], [-96.68336176345294, 40.00133347696214], [-96.68793986191716, 40.00133350962106], [-96.68991474528639, 40.0013335162856], [-96.69085732833142, 40.00133348644544], [-96.69139590678154, 40.00133347936092], [-96.69265260735658, 40.00137843343368], [-96.69341561610375, 40.00137838976595], [-96.69413375024433, 40.00133353633163], [-96.69565981188921, 40.0013784029053], [-96.69835278685574, 40.00137837930544], [-96.70180881939268, 40.00137842306438], [-96.7060727609575, 40.001468167921296], [-96.70679087297583, 40.001468139281144], [-96.70759877896631, 40.001468129141216], [-96.70934922226779, 40.00151306907179], [-96.70957361221159, 40.001513011445], [-96.71069573690112, 40.00151301835803], [-96.71226659734424, 40.0015579495182], [-96.71271547995016, 40.00155789429063], [-96.71329897486778, 40.00155790863908], [-96.71374778302874, 40.001513029416934], [-96.71469030666007, 40.00151303922799], [-96.71778727866092, 40.00151306586798], [-96.71832583732467, 40.00151301028542], [-96.71917862563237, 40.00151304290489], [-96.71962747470492, 40.00151304033266], [-96.71994170356932, 40.00151305106694], [-96.72074952940673, 40.001513030099076], [-96.7225449064987, 40.00146816175799], [-96.72371183450245, 40.001468168316975], [-96.72469932696497, 40.001468135199325], [-96.72483396022045, 40.0014681916968], [-96.72532767232374, 40.00146813434386], [-96.72721274509713, 40.001468186776464], [-96.72766156839666, 40.00146815402966], [-96.72882858889733, 40.0014232793186], [-96.72995064025005, 40.001423256614736], [-96.73057903671696, 40.001423301774985], [-96.73111762046766, 40.00142326219613], [-96.73197041447668, 40.00142327664843], [-96.73412482283712, 40.00142330627866], [-96.73915175565392, 40.00142324388843], [-96.74193450206543, 40.001423279244776], [-96.74592912649746, 40.00142329183171], [-96.74655743334172, 40.00142325394295], [-96.74732050808471, 40.00142331258195], [-96.74857723658945, 40.00142328922413], [-96.74880159954067, 40.00142331172763], [-96.75010319770826, 40.001423307308706], [-96.7504174114815, 40.001423312728065], [-96.7507764681322, 40.001423275926534], [-96.75109068517571, 40.001423279295366], [-96.7511355267758, 40.001423315826905], [-96.7541876057042, 40.00142325374219], [-96.7548608369486, 40.0014232784195], [-96.75504037735449, 40.00142325244246], [-96.75611763024993, 40.00142324592064], [-96.75755383196261, 40.001423255241974], [-96.75809247708648, 40.00142324026377], [-96.7599326775203, 40.0014232642335], [-96.7653635628506, 40.00142325352304], [-96.76558798399728, 40.00142323951349], [-96.76581240592154, 40.001423302965655], [-96.76648567635965, 40.00142325654258], [-96.76796679791565, 40.00142323821193], [-96.76850536625882, 40.00142325635481], [-96.76868494450203, 40.00142328457753], [-96.7688644415419, 40.0014232393129], [-96.78425940806551, 40.00146812656551], [-96.78677285214701, 40.00146818561134], [-96.78726662835545, 40.001468167445196], [-96.7875359104099, 40.001468131243236], [-96.78816429403278, 40.00146817075677], [-96.78861313152791, 40.001468130508506], [-96.78973515711904, 40.00146814305361], [-96.79103676052803, 40.00146813746768], [-96.79301169074091, 40.00146814401498], [-96.79449284609453, 40.00146816787103], [-96.79709602457993, 40.001423293141315], [-96.79974418264956, 40.00142326552845], [-96.80019301846093, 40.00142325764458], [-96.80153946275935, 40.00146812410016], [-96.80320015942202, 40.00146816863991], [-96.80351438540097, 40.0014681825139], [-96.80535456705279, 40.001513070758655], [-96.80575848045193, 40.00151303045533], [-96.80607271880139, 40.001513036513224], [-96.8062522375414, 40.001513008884935], [-96.80782312941685, 40.0015130412942], [-96.81033658632836, 40.001513046245684], [-96.81208702999866, 40.0014681650206], [-96.81258075339981, 40.00146819592371], [-96.81733839843172, 40.00151302084101], [-96.82007626033933, 40.001513006594955], [-96.82200628305087, 40.001513049556095], [-96.82478907033561, 40.00151300338392], [-96.83852330145969, 40.001557904519295], [-96.83865800761596, 40.00155789988142], [-96.84090216970873, 40.001557932583395], [-96.84103679898962, 40.00155792966784], [-96.84305651695114, 40.00155792827092], [-96.84346050077, 40.00155790571964], [-96.84386440529654, 40.001557964360366], [-96.84588421085313, 40.00155790754398], [-96.84619839754501, 40.001557961609784], [-96.85028271686348, 40.00151307424503], [-96.8505071859676, 40.00151304564897], [-96.85553405644077, 40.00151306364694], [-96.85602778197368, 40.00151306158113], [-96.85800263963901, 40.001513034504576], [-96.85894521570243, 40.00151301477247], [-96.85984288867593, 40.001513075172454], [-96.86015706076935, 40.001513013597055], [-96.86069565670611, 40.00151306099799], [-96.8619523705629, 40.001513032367], [-96.86217679798503, 40.001513061135], [-96.86231147117222, 40.00151303042756], [-96.86240122617845, 40.00151301147433], [-96.86285008487913, 40.00151306656595], [-96.8652288583937, 40.00151305890243], [-96.8678770057619, 40.001513081255844], [-96.86985181263843, 40.00151308512221], [-96.87021095667492, 40.001513055647266], [-96.87039048851904, 40.00151300389826], [-96.87218575225589, 40.00146812688994], [-96.87276929109949, 40.001468177800305], [-96.87398114713932, 40.00146818452395], [-96.87483393606713, 40.00146814101669], [-96.87537248934005, 40.00146819936802], [-96.8755968810269, 40.00146812583193], [-96.87586620116905, 40.00146818990481], [-96.87595597479631, 40.001468159147], [-96.87609059455043, 40.00146819323171], [-96.8762252964177, 40.00146814434262], [-96.87631507053803, 40.00146819121028], [-96.87649461914849, 40.00146812883413], [-96.87788593300208, 40.001513006983764], [-96.87797570940246, 40.00151305239859], [-96.87833481623662, 40.001513077399146], [-96.88098292175003, 40.0015130306697], [-96.88259874680662, 40.00151302278976], [-96.89615342598846, 40.00146818284684], [-96.89696139801538, 40.00146814836384], [-96.89754483041685, 40.001468156327455], [-96.89884645924674, 40.00146816179875], [-96.89942990843869, 40.001468159082954], [-96.89965438262834, 40.001468189001194], [-96.89983391341455, 40.0014681687488], [-96.89992363805936, 40.00146819991225], [-96.90239226010661, 40.00146813962404], [-96.90607268865395, 40.00146816076161], [-96.90795776639237, 40.00146817792474], [-96.91280514748853, 40.001513077764685], [-96.91401700780898, 40.00151304687089], [-96.9156777022244, 40.0015130068158], [-96.91639584009245, 40.001513055713495], [-96.91801163809343, 40.001513013481016], [-96.91846046883471, 40.001513006452626], [-96.91917855527281, 40.00151304083383], [-96.91980697947909, 40.00151305156169], [-96.92281414711897, 40.001513016513194], [-96.92285902515013, 40.00151306105443], [-96.92335276741275, 40.00151307721979], [-96.92469921463773, 40.00151306813767], [-96.92622529252169, 40.001513053093085], [-96.9286040759373, 40.00151304303711], [-96.9290977795024, 40.00151303654981], [-96.93053402915776, 40.00151303963908], [-96.93066867917317, 40.00151300724125], [-96.93093798003207, 40.00151301984983], [-96.93322708190915, 40.00151305961201], [-96.93443890975634, 40.0015130466231], [-96.93488777089377, 40.00151305080709], [-96.93605474229038, 40.00146816857961], [-96.93632398331648, 40.001468172020715], [-96.93717676465275, 40.00151301745667], [-96.93995954141114, 40.00151303539426], [-96.94018399044975, 40.00151306465981], [-96.94503137557798, 40.00151302351646], [-96.94512116202715, 40.001513015271165], [-96.94673692945311, 40.00151303389991], [-96.95418752091523, 40.00151303243107], [-96.95571354611057, 40.0015130140551], [-96.95607266902135, 40.00151302617829], [-96.9567010364091, 40.00151307001451], [-96.95683565808093, 40.00151300830367], [-96.95899005196583, 40.00151306337331], [-96.96033657370015, 40.00151301705692], [-96.9610098039221, 40.00151306768427], [-96.96253582336858, 40.00151303592277], [-96.96352325209723, 40.00151303627058], [-96.9653635145811, 40.00151308158365], [-96.96837063557766, 40.001513012280846], [-96.97110859129506, 40.00151301639081], [-96.9733078727358, 40.00151305854027], [-96.97375667121058, 40.001513068756864], [-96.97487876272339, 40.00151304183255], [-96.97492359432734, 40.00151306859786], [-96.97501342154504, 40.00151303426719], [-96.97775124336938, 40.00155792841964], [-96.97779615888898, 40.00155794899083], [-96.97802057301998, 40.001557905577215], [-96.97811032249358, 40.00155795140467], [-96.97860406972714, 40.00155796086344], [-96.98318214484235, 40.00155795075683], [-96.984124717103, 40.001557905778604], [-96.98627910144074, 40.001557911197395], [-96.98982486524808, 40.0015130815997], [-96.99013908613067, 40.0015130472979], [-96.99040838437254, 40.0015130749153], [-96.99121628568918, 40.00151307561142], [-96.99287696178443, 40.00155796224027], [-96.9937745821036, 40.001557902685065], [-96.99628804949398, 40.00151303895283], [-96.99857712773836, 40.00155789487081], [-97.00001341725655, 40.00151306710139], [-97.00028267377316, 40.001513073823624], [-97.00050708237212, 40.001513064247014], [-97.00328991070893, 40.00151300796421], [-97.00490562836373, 40.00151305922392], [-97.00521983899266, 40.001513061736254], [-97.00656632060789, 40.00142324611252], [-97.00903492779616, 40.00142328495644], [-97.00907978259762, 40.001423296837096], [-97.00916957429345, 40.001468199968144], [-97.00921442918626, 40.001468133863035], [-97.00934907604905, 40.001468164238574], [-97.0102019005489, 40.0014233090357], [-97.01033654942239, 40.001423260202564], [-97.0108302916386, 40.00142328578213], [-97.01105465404316, 40.001423258184545], [-97.01123424291983, 40.00142329213415], [-97.01132395553677, 40.001423313957424], [-97.01307444197356, 40.00142326967203], [-97.01513906848247, 40.00142325569827], [-97.01554304607785, 40.00142324512581], [-97.01980693970796, 40.00137838029019], [-97.020166001437, 40.00137842727383], [-97.02945684717055, 40.00133350027142], [-97.02977101034908, 40.001333515719686], [-97.03093793863681, 40.00137836846238], [-97.0355609845516, 40.001557956598695], [-97.03609954193568, 40.001557953913405], [-97.03865793385792, 40.00146812637599], [-97.03933114221648, 40.00142329902637], [-97.04013906690275, 40.00137837946363], [-97.04821803469831, 40.00142329344642], [-97.04853220474934, 40.001378374527604], [-97.0496543348418, 40.00133350375536], [-97.04983386428941, 40.00133348028354], [-97.05952860121333, 40.00137837775888], [-97.08120727657749, 40.00155794940215], [-97.08147653466385, 40.001557919265224], [-97.08273327835728, 40.00155793938303], [-97.08291281510832, 40.00155794100232], [-97.08309235234378, 40.00155794230792], [-97.08717677058574, 40.001602797498045], [-97.0887027450479, 40.001602786699394], [-97.091306021465, 40.00164771961384], [-97.09749992629318, 40.00169261266225], [-97.09812824113625, 40.001692578067676], [-97.09884639288, 40.0016925629018], [-97.09969913627955, 40.00169254764856], [-97.09983380258063, 40.001692547368606], [-97.10001338544339, 40.001692596984746], [-97.10477098841542, 40.00173744437433], [-97.10513001698997, 40.00173745817557], [-97.10777819986829, 40.00169253784929], [-97.10786796087902, 40.0016925582737], [-97.11868484163445, 40.00164767153645], [-97.11899901599587, 40.00164767290799], [-97.12317311671458, 40.00182720161134], [-97.123397530175, 40.00187213730824], [-97.1234873121989, 40.0018721440594], [-97.12469917597612, 40.00191700015457], [-97.12492359456517, 40.001916977599066], [-97.12510308069254, 40.00191699339976], [-97.12532750063893, 40.00191696996174], [-97.12618033617134, 40.00191698347782], [-97.13300259088814, 40.001872088839775], [-97.13354119799399, 40.001872087912], [-97.13816414696757, 40.0018272214668], [-97.13820900680633, 40.00178238380695], [-97.13829880873519, 40.00169254745875], [-97.13843347077403, 40.001647703368874], [-97.13861299319395, 40.00164769562414], [-97.13986974579281, 40.00164770546568], [-97.14139577558637, 40.00164768366429], [-97.14153036169729, 40.00160284075222], [-97.14157530595949, 40.00160279473798], [-97.14170989243172, 40.001557951577], [-97.14175483681456, 40.001557905487], [-97.14188950581351, 40.001468180924405], [-97.1424281023549, 40.001513014807735], [-97.14413364559907, 40.0016027726767], [-97.14592896233549, 40.00169257178702], [-97.14606363973841, 40.00169259385749], [-97.15324490980274, 40.00155794292954], [-97.15328986193441, 40.00155789179095], [-97.15333473191681, 40.00155792361977], [-97.16091999905562, 40.001513048123975], [-97.16100974927609, 40.00151302718974], [-97.16428620776982, 40.00146820013621], [-97.16446579954314, 40.00146814722769], [-97.16509408686153, 40.00146813319623], [-97.16527368080004, 40.00146815678183], [-97.17214077696896, 40.0014681549221], [-97.17546217117743, 40.00142325990552], [-97.17555194087144, 40.00142330417424], [-97.17564171068562, 40.001423270458176], [-97.17577636563215, 40.001423258690025], [-97.18188051379843, 40.00155791808038], [-97.18192532071012, 40.00155794251026], [-97.18192532071012, 40.00164768945584], [-97.18192532071012, 40.00169256287854], [-97.18197020986634, 40.00173745556548], [-97.18205998826883, 40.00178236744919], [-97.18210487751512, 40.001782308779966], [-97.18232932419694, 40.00178232675973], [-97.18381044447219, 40.00178233935764], [-97.18425926777671, 40.00178237246991], [-97.1849774406373, 40.00178235598108], [-97.18618926684938, 40.0017823818893], [-97.18749090060325, 40.001827222334356], [-97.19238316759343, 40.00182722905706], [-97.19458245633842, 40.00182718896103], [-97.19808332719047, 40.00182726683926], [-97.1990259036697, 40.00182722825209], [-97.19934004394331, 40.00182724284356], [-97.20055196482551, 40.00182718719817], [-97.20082121044452, 40.00182726399545], [-97.20100073553564, 40.001827235192735], [-97.20140468930336, 40.00182726533781], [-97.20230240958462, 40.00182718586518], [-97.20288581905983, 40.00187213376652], [-97.2039181882659, 40.001378404933654], [-97.21697923675846, 40.00124374207369], [-97.22101869157596, 40.00119885831063], [-97.22137776778364, 40.00119889095979], [-97.22586609399039, 40.001243770365626], [-97.23358601690641, 40.00128861919878], [-97.23385531241492, 40.0013334850225], [-97.23784994764313, 40.00137836246919], [-97.2381641045699, 40.00137842444389], [-97.2451659544214, 40.00151303558057], [-97.24521080349271, 40.00151303236247], [-97.24548006313114, 40.00151308023694], [-97.25032749642862, 40.00182724532396], [-97.25068656417072, 40.001827263242305], [-97.25073141691078, 40.001827257589994], [-97.25593791147307, 40.00182719200495], [-97.25616235752412, 40.001782351040426], [-97.25638672201553, 40.001782383358986], [-97.25652137399041, 40.001782353712166], [-97.25872070014333, 40.00187212829017], [-97.2606506120629, 40.00196185817055], [-97.26074041311962, 40.00196191084516], [-97.26078527253729, 40.001961900786846], [-97.26163810100357, 40.001961908651225], [-97.26576732252913, 40.00191696363607], [-97.26742800515295, 40.00196186367004], [-97.26810129541055, 40.00196187985656], [-97.26940286623099, 40.00196184526067], [-97.26944781371974, 40.00196190413704], [-97.27272428622105, 40.00191698569482], [-97.27483374345215, 40.00196185029447], [-97.27546215592925, 40.001961839523204], [-97.2772574406062, 40.00196191211454], [-97.27963627029425, 40.00200672921048], [-97.2816560317435, 40.00196184388273], [-97.28605457937395, 40.002006785783315], [-97.28767038869263, 40.00200677581164], [-97.28807436763245, 40.00200672909639], [-97.28915151934393, 40.00200673520528], [-97.29067756162877, 40.00200672794952], [-97.29265244247264, 40.00200677036314], [-97.2936847857185, 40.002006752843336], [-97.29440288953042, 40.00200674829452], [-97.29610841658364, 40.00200672706533], [-97.29826282789685, 40.00200672527991], [-97.30019279715563, 40.00196187670833], [-97.30032745397008, 40.0019618725665], [-97.30212282135794, 40.00200672308004], [-97.30387326590984, 40.00196184524411], [-97.3049504216578, 40.00200679998899], [-97.30683552656471, 40.00196186655072], [-97.30907973207852, 40.00196190940614], [-97.31069551375928, 40.00196188450467], [-97.31240112113548, 40.00196184673555], [-97.31361293072844, 40.00196191321479], [-97.3160815108799, 40.00196189103063], [-97.31792169820002, 40.001961907765875], [-97.32012104202114, 40.00196184261974], [-97.32119820852657, 40.0019618547624], [-97.32348721317823, 40.00196189360541], [-97.3248337613054, 40.001961880951285], [-97.32662911793325, 40.001961867732604], [-97.32671884169487, 40.0019618730094], [-97.32748186921572, 40.0019618522691], [-97.33138670045957, 40.001961908629546], [-97.33179069257714, 40.001961861013406], [-97.33210487370732, 40.00196189443168], [-97.33232924260483, 40.001961853934084], [-97.33475293532481, 40.00196185448885], [-97.3370868944688, 40.00200674796489], [-97.33865777218611, 40.00196189351604], [-97.339510591949, 40.00196186104716], [-97.3396901560001, 40.00196184373293], [-97.34197920654759, 40.00200675839049], [-97.34458240805374, 40.00200676439992], [-97.34561471693914, 40.002006743195004], [-97.34709587595697, 40.002006722146824], [-97.3492951746944, 40.00200679428536], [-97.35023771772306, 40.00200674623168], [-97.3503723089211, 40.00200676465156], [-97.35050698280502, 40.00200677765926], [-97.35091092363466, 40.00200674296966], [-97.35104559858388, 40.00196189291028], [-97.35109043534578, 40.00191698615074], [-97.3598875834022, 40.00200674748401], [-97.36235619496146, 40.002051666700794], [-97.36267035232997, 40.0020516168078], [-97.36917845897547, 40.00196188653223], [-97.36994146788645, 40.001961892490165], [-97.3706147035829, 40.00196184813919], [-97.3719163444166, 40.00196187755042], [-97.37698809982035, 40.00196187276404], [-97.37811019644627, 40.00196190616313], [-97.37819998806025, 40.001961866332664], [-97.37842442638518, 40.00196188586539], [-97.381207127132, 40.00196190995506], [-97.38327179815437, 40.00196188816386], [-97.38484266879871, 40.00196187991512], [-97.3879845184866, 40.00196186900263], [-97.39570443416054, 40.001961853898585], [-97.39749976177795, 40.00196188734668], [-97.39902584381761, 40.001961897758086], [-97.40023771066875, 40.00196189047849], [-97.40230229692342, 40.00196191650834], [-97.40355901059672, 40.00196188625582], [-97.4068355158854, 40.0019618483626], [-97.4103363912538, 40.00200676843777], [-97.41231128072492, 40.00200674893957], [-97.41262550293773, 40.00200678996239], [-97.41504916242432, 40.001961851336894], [-97.41594682669187, 40.00196187397241], [-97.4161712239727, 40.002006757314334], [-97.41662010324002, 40.00200672308344], [-97.4168445027271, 40.00196188873581], [-97.41706890294947, 40.00200677005113], [-97.41729330390714, 40.00200679279707], [-97.41805635516454, 40.002006783285694], [-97.41814611675356, 40.00200679157719], [-97.41850516428606, 40.002006746077605], [-97.42317303598249, 40.00200673558046], [-97.42510299770262, 40.00200672743874], [-97.42519276852457, 40.00205166492606], [-97.42541719609387, 40.00205166984581], [-97.4256416243981, 40.00200673892718], [-97.43479777049512, 40.00200673048585], [-97.43497733764647, 40.00200679549861], [-97.4351569052679, 40.00200678231976], [-97.43547106721422, 40.00200676380178], [-97.4358301229895, 40.00200674069986], [-97.43704198105311, 40.0020067293177], [-97.43829867200434, 40.002006782064036], [-97.44458238947365, 40.002006741728856], [-97.4466020922734, 40.00200674498657], [-97.44812811284122, 40.00200679821624], [-97.45091092411332, 40.00200673716279], [-97.45243695788656, 40.002006731446215], [-97.45391812131189, 40.00200679241935], [-97.45459135795441, 40.00200679374177], [-97.45544413934155, 40.00200674717007], [-97.45831664840232, 40.00200679827875], [-97.4610096418146, 40.0020516827551], [-97.46235617808374, 40.00200673781447], [-97.46289476695368, 40.0020067302149], [-97.4632088907057, 40.00200679291707], [-97.46334362175344, 40.00205167876736], [-97.47200609424189, 40.00191697162942], [-97.47887322557854, 40.00173749126827], [-97.47905274278683, 40.00173748964743], [-97.48125199043821, 40.001782348633974], [-97.48134175208466, 40.00178230683387], [-97.4814764360625, 40.00178231918759], [-97.48165596005747, 40.0017823129862], [-97.48793959467321, 40.00169257959159], [-97.48807429155147, 40.00169258327473], [-97.49085706738678, 40.00178234051227], [-97.49655717399727, 40.001917030524105], [-97.49898090481288, 40.00200672278252], [-97.49960931784682, 40.002006791968306], [-97.49978880647983, 40.002051611822914], [-97.49992344391104, 40.00205168305142], [-97.50014786774705, 40.00209654829684], [-97.50032744038165, 40.002096509234946], [-97.50055186553205, 40.00214137351892], [-97.50077620881184, 40.00218632047142], [-97.5040975824303, 40.002141389187486], [-97.50477089686422, 40.00209654607143], [-97.50566849444908, 40.002051632021285], [-97.50575828789236, 40.00205164662272], [-97.50580314335443, 40.00205161763936], [-97.50593779252249, 40.00200675089401], [-97.50607244195325, 40.00200673616638], [-97.50629688579077, 40.0020516654266], [-97.50746388985948, 40.00209655967912], [-97.50863083104939, 40.002096515977506], [-97.50912451110274, 40.00209655544016], [-97.50984265005373, 40.002096506068405], [-97.5102914803651, 40.002051640922524], [-97.51069545492389, 40.00200672711074], [-97.51118914974136, 40.0020067566706], [-97.51240101365062, 40.00187208325888], [-97.51298452350582, 40.00187211296108], [-97.51437586287751, 40.00187207677995], [-97.51558770009147, 40.00200679299456], [-97.51594676093298, 40.00200674897317], [-97.5176075035688, 40.00200676828079], [-97.51881931485494, 40.00200674074387], [-97.52842433398843, 40.00205166495789], [-97.52968104062846, 40.002006785536466], [-97.53731126386212, 40.00205161446423], [-97.53753564388644, 40.00205163372175], [-97.53865772021254, 40.002006783968106], [-97.54736511181189, 40.002051669852705], [-97.54880136508145, 40.002006778413445], [-97.54911554945384, 40.002006754369276], [-97.55113525749583, 40.002006760107626], [-97.55306525207182, 40.002006747572736], [-97.55490552567451, 40.00205164864686], [-97.55535431780375, 40.002051614810725], [-97.55679057134607, 40.002051626963976], [-97.55750870927679, 40.002051664402615], [-97.55961819463212, 40.002006800116995], [-97.56244585056058, 40.00205167554312], [-97.56594678770927, 40.002051668142336], [-97.56729330452355, 40.00205165423895], [-97.57155717120678, 40.00205162798275], [-97.57474393539222, 40.00205166747466], [-97.57519277319541, 40.002051629778364], [-97.57644950140362, 40.002051624910564], [-97.5766290240485, 40.00205162372708], [-97.57734711926919, 40.00205161583894], [-97.5784243587165, 40.00205166698639], [-97.5847080233552, 40.002051633277375], [-97.58551593360879, 40.00205167966563], [-97.58636867822516, 40.00205166073447], [-97.59238301232645, 40.002051656633384], [-97.59301136363726, 40.00205167804085], [-97.59346023674192, 40.00205164337262], [-97.59372954545312, 40.00205163828257], [-97.59525559270622, 40.002051651554545], [-97.59637761032475, 40.00205162797038], [-97.60257157250105, 40.00205166499199], [-97.60351411555659, 40.002051609796275], [-97.60607246377246, 40.002051663938666], [-97.60786773152844, 40.00205163334829], [-97.61065052525515, 40.002051614550155], [-97.61114427034677, 40.002051671571586], [-97.61136864092174, 40.002051622804395], [-97.61172770153154, 40.00205166396617], [-97.61199699820357, 40.002051616153025], [-97.61338842229546, 40.00205167948443], [-97.61397187227664, 40.00205165905949], [-97.61401679779686, 40.002051660406735], [-97.61760745818971, 40.00205162158771], [-97.61868465929047, 40.00205168093124], [-97.61953739669372, 40.00205164585904], [-97.6202106744162, 40.00205167087598], [-97.62164694473046, 40.00205163664386], [-97.6233525024453, 40.002096509944224], [-97.62366669303549, 40.00209651186657], [-97.6282447520146, 40.00209652833201], [-97.63053381143492, 40.00209650398349], [-97.6312968203468, 40.002096538186876], [-97.63152125579276, 40.00209652297879], [-97.63295751077668, 40.00209650164976], [-97.63690726094596, 40.00209652082588], [-97.64224840687737, 40.002096501081205], [-97.64467209910401, 40.002096559416294], [-97.6455697689051, 40.00209655013347], [-97.64700598180399, 40.002096508766314], [-97.64907066717237, 40.00214138270961], [-97.64942967353633, 40.00214138549416], [-97.65032732168322, 40.0020964973164], [-97.65185336654875, 40.002096525082116], [-97.65481565256243, 40.00209654545782], [-97.65746380276937, 40.00209649960846], [-97.6605607788864, 40.00209656077866], [-97.663164023854, 40.002096552863485], [-97.66365772653228, 40.00209653895862], [-97.66379235074145, 40.002141413203425], [-97.6692232377372, 40.002141412001876], [-97.67065952245171, 40.002141376558924], [-97.67366665786079, 40.00214143136559], [-97.67766127336033, 40.00214140878874], [-97.6786038367613, 40.00214142657049], [-97.68273306314042, 40.00214139612332], [-97.68282283703454, 40.00214142709399], [-97.68430404006918, 40.00214142620099], [-97.68780488866474, 40.002141386954094], [-97.68951048724111, 40.002141426549485], [-97.69265228304901, 40.00214144258651], [-97.69354998850739, 40.00214143894793], [-97.69444762262198, 40.002141432922436], [-97.70001317730893, 40.00214142391367], [-97.7070149602132, 40.002141425315244], [-97.7083614668616, 40.002141444030904], [-97.71958230959426, 40.00214141998184], [-97.7197617860458, 40.00214142804435], [-97.72573125479923, 40.00214144728631], [-97.72721245158573, 40.00214142910501], [-97.7296810164419, 40.00214141397803], [-97.7310275428611, 40.00214139469911], [-97.73502210767998, 40.00214144895525], [-97.73793950396525, 40.00209652136728], [-97.73861276004963, 40.00209654286743], [-97.73883720780235, 40.00209654719778], [-97.73897189337401, 40.00209648617674], [-97.74036327256407, 40.00214138209471], [-97.74112623445689, 40.00214137829012], [-97.74350510404759, 40.002141382470015], [-97.7446271792282, 40.00214143976316], [-97.74539018729402, 40.00214140405936], [-97.74610827619483, 40.00214141396881], [-97.74794850047287, 40.00214143957154], [-97.75001317324875, 40.002141417239486], [-97.75275104895596, 40.0021413757262], [-97.75719444780076, 40.00214138021204], [-97.76249069682929, 40.00214141146966], [-97.76329858779016, 40.00214143342738], [-97.76356788683198, 40.002141413378084], [-97.76446558536264, 40.00214139144672], [-97.76495925394356, 40.00214140409917], [-97.76702392711539, 40.0021413820616], [-97.76774207043256, 40.0021414064177], [-97.76904363570915, 40.002141385210884], [-97.76904363570915, 40.00200672619774], [-97.769088577743, 40.00200674261794], [-97.77043502780653, 40.00196189147009], [-97.77079407443587, 40.001961895151396], [-97.77097368135608, 40.00205163751093], [-97.77164692114772, 40.0021862772522], [-97.77218550101652, 40.00214144154945], [-97.77227522326588, 40.00214140489058], [-97.77317294956923, 40.00223121353496], [-97.77474387366117, 40.00227606837972], [-97.77541706645593, 40.002231196315435], [-97.77609034859141, 40.00218631428864], [-97.77757152552653, 40.002096514049974], [-97.7776163900567, 40.00209653228181], [-97.77779593139135, 40.00209652159761], [-97.7791872470702, 40.00205166246296], [-97.78228419830447, 40.0020516574372], [-97.78237401631, 40.00205160632168], [-97.78381029055346, 40.00205161189539], [-97.79126092329027, 40.002051671312245], [-97.7915301630122, 40.002051666436394], [-97.80100057112735, 40.00205165541488], [-97.80266121046058, 40.00205161839463], [-97.80378331301135, 40.00205163094129], [-97.80454637944631, 40.00205165864453], [-97.80652119836378, 40.002051608430435], [-97.80885514622912, 40.00205163418915], [-97.81249070604319, 40.002051631429886], [-97.81298437798787, 40.00205166741516], [-97.8148246015642, 40.00205161512249], [-97.81926808500792, 40.002051662071004], [-97.8215122528294, 40.00205165966768], [-97.82425007603236, 40.002051678302166], [-97.8290077649666, 40.00200673191998], [-97.82936677674226, 40.00200678513173], [-97.82972587332326, 40.00200675362858], [-97.83075819274526, 40.00200674016044], [-97.83241886509364, 40.00205163813318], [-97.83255348001606, 40.002051625938236], [-97.83282279361994, 40.002051673222866], [-97.83515677696977, 40.002051619664286], [-97.8355158198322, 40.00205165118285], [-97.83569534194395, 40.00205162755281], [-97.83641351792542, 40.002051602074246], [-97.83825368507877, 40.00205163856809], [-97.84027343356965, 40.002051610126486], [-97.85225731502437, 40.002051649745006], [-97.85602751527885, 40.00205160779657], [-97.85629675178014, 40.00205168212255], [-97.85647632636804, 40.002051621867274], [-97.85723929511093, 40.0020965174478], [-97.85746370412262, 40.00209652204507], [-97.85867559143092, 40.002096502681894], [-97.8591244192185, 40.00209650505314], [-97.86186228018525, 40.00209654233642], [-97.86208670377057, 40.00209653674796], [-97.86495927188928, 40.00205161717318], [-97.86706879058406, 40.002096523585514], [-97.87039012627898, 40.002096500134606], [-97.87056965337187, 40.00209649849575], [-97.87070434050725, 40.00209651368905], [-97.875686365639, 40.00205160838766], [-97.87604544695891, 40.00205166396989], [-97.8761800613981, 40.00205167758711], [-97.87622498829711, 40.00205165237378], [-97.87806518851266, 40.002051659944], [-97.87995028241852, 40.00205161306344], [-97.88192512100503, 40.00209654730788], [-97.8832716369843, 40.00209650283787], [-97.88529141708104, 40.002051618062495], [-97.88713160205239, 40.00209653854969], [-97.88861277113901, 40.002051679692165], [-97.88874740929687, 40.00205167669446], [-97.88991439471752, 40.002051661640635], [-97.89247269285742, 40.00209651744323], [-97.89372944886647, 40.00205165707363], [-97.89646730985166, 40.00205163296202], [-97.89696106634143, 40.00209651050427], [-97.89745474317566, 40.00209656567418], [-97.8975445407253, 40.00209650212132], [-97.89951936773639, 40.002096535800824], [-97.89978868543864, 40.002096500762], [-97.89996820344689, 40.002096530780264], [-97.90068636306336, 40.002051661009446], [-97.90207776074877, 40.00205167154911], [-97.90248166907364, 40.002051614278336], [-97.90602747071962, 40.00209652267023], [-97.90634167572757, 40.00209651541068], [-97.90782282782293, 40.00209654294625], [-97.90809209373666, 40.00209649162344], [-97.90876530449881, 40.00209651300066], [-97.90943860468266, 40.002096524242134], [-97.90970787668155, 40.002096546466326], [-97.91091973785181, 40.002096512402495], [-97.9110992838183, 40.00209652279083], [-97.91231108548173, 40.002096555669226], [-97.91558758093157, 40.00205165592543], [-97.91572226992483, 40.00205161724852], [-97.91603643444118, 40.002051663594756], [-97.91635060033707, 40.00205163115139], [-97.92779587044991, 40.00209655442804], [-97.92828959395422, 40.00209654924478], [-97.93183534505414, 40.00205162383113], [-97.93192510266245, 40.00205161347258], [-97.93300228584312, 40.002051632928804], [-97.9346181325337, 40.00209653869242], [-97.93538110541844, 40.00209654393338], [-97.93699692263151, 40.00209651671124], [-97.94094664820182, 40.002096563628015], [-97.94112618635249, 40.00209652674686], [-97.94413335095362, 40.002096534766025], [-97.94642243151164, 40.00209656416976], [-97.94660198337033, 40.00209651762769], [-97.9470507818567, 40.00209656123295], [-97.94785869270918, 40.00209650565666], [-97.94866661265931, 40.00209652148193], [-97.95086589016692, 40.00209648748992], [-97.95091078086938, 40.00209651283185], [-97.95198791675544, 40.002096509725064], [-97.95333442169579, 40.0020965633328], [-97.95355888320863, 40.00209652876767], [-97.95508490756608, 40.00209650579536], [-97.95571325062295, 40.00209653289927], [-97.95638649330581, 40.00209650123364], [-97.9571046368773, 40.002096565537194], [-97.95741881655604, 40.00209649552276], [-97.95795738973513, 40.00209654162228], [-97.95966300897089, 40.00209654444132], [-97.96114409964298, 40.00214139728725], [-97.96258040597195, 40.00214138147188], [-97.9629843229338, 40.00214141810958], [-97.96724828803995, 40.002141386598254], [-97.96859474649018, 40.00209651829154], [-97.97003103544284, 40.002141384953745], [-97.97182633304443, 40.00209650359414], [-97.97236493106675, 40.002141377276686], [-97.97353194886725, 40.00209653026051], [-97.9736216754748, 40.002096566653904], [-97.97389102228432, 40.00209650826181], [-97.9740705596652, 40.00209649678718], [-97.97815488588377, 40.0021414361145], [-97.97837934177478, 40.00214143031729], [-97.97891790570907, 40.002141376879756], [-97.97927700601423, 40.00214141365607], [-97.97968093362674, 40.002141389733836], [-97.97986048545947, 40.00214144583966], [-97.98012977246628, 40.00214137665038], [-97.98277787049004, 40.00214140667171], [-97.98663787595987, 40.002141379284126], [-97.98843317213414, 40.002186262092515], [-97.98977969443453, 40.00223116488819], [-97.9912608231852, 40.00218629032557], [-97.99305615143267, 40.00214138137171], [-97.99763425797582, 40.002186329780756], [-98.00032725578718, 40.00218626463299], [-98.01015668208045, 40.0022760429194], [-98.01020160978788, 40.002231146714294], [-98.01235600939403, 40.0022311549315], [-98.01329852744718, 40.00223118181894], [-98.01383710283257, 40.00223119408477], [-98.01392687965486, 40.002231194890385], [-98.01419621079182, 40.00223119683162], [-98.0143308351351, 40.00223120041897], [-98.01482457081528, 40.00223120435578], [-98.01527337897987, 40.002231209001174], [-98.01558756299669, 40.00223120992038], [-98.01585690033076, 40.00223120746285], [-98.03030931570564, 40.00218631140879], [-98.03811901860276, 40.0021862788414], [-98.03825360429825, 40.00218625654468], [-98.03843313551381, 40.00218629855542], [-98.03856780502599, 40.002186270054715], [-98.03870247478889, 40.00218631918046], [-98.04278679986747, 40.002186274370075], [-98.0448514402653, 40.002186304842425], [-98.04574909942373, 40.00218630364355], [-98.04637748410751, 40.00218628914835], [-98.04651216840715, 40.002186327926715], [-98.04655703548227, 40.002186316810075], [-98.04696100689357, 40.002186282083265], [-98.0474547157948, 40.00218630054888], [-98.04767913761243, 40.00218631469581], [-98.04974375108543, 40.002231149974854], [-98.05005791846142, 40.002276026273485], [-98.05319975044435, 40.002276037917035], [-98.05333444743579, 40.00227606763558], [-98.05346906142843, 40.002276025172904], [-98.0536036756713, 40.00227606033484], [-98.05364863039067, 40.00227604028124], [-98.05373837341395, 40.00227608951807], [-98.06307408660301, 40.00232095088096], [-98.06715845420186, 40.002365843535095], [-98.06724821395673, 40.002365803026656], [-98.06733797382269, 40.00236584024003], [-98.06738285379734, 40.002365819916456], [-98.06742773379976, 40.00236579957304], [-98.06760733735278, 40.002320976574765], [-98.06859470687894, 40.00218631549672], [-98.06953729178015, 40.00218625634446], [-98.07101839052287, 40.00218632158003], [-98.07321773680917, 40.00214141584066], [-98.07501301970895, 40.002186314453766], [-98.07568629347617, 40.002186268067895], [-98.07591071945338, 40.00218630348149], [-98.07604537537286, 40.00223119964769], [-98.07604537537286, 40.00227609033032], [-98.08722127159896, 40.00227609584203], [-98.08731105616965, 40.00227603762326], [-98.08740084085133, 40.00227605712389], [-98.08749062564398, 40.00227607654516], [-98.0876252197525, 40.002276072456816], [-98.09691606402332, 40.00223117652854], [-98.09709565723179, 40.002231198485354], [-98.0987563323307, 40.002231155101946], [-98.09889094730306, 40.002231213895016], [-98.09893584678306, 40.00223117964249], [-98.0994295762886, 40.00223120221661], [-98.09983350899458, 40.00232091409055], [-98.09987840905653, 40.00223117928283], [-98.10082090024274, 40.00223117601645], [-98.10095560234049, 40.00223114843781], [-98.10185328948171, 40.00227605374012], [-98.10243675874237, 40.00223118535192], [-98.10351390660837, 40.002231211016344], [-98.10427691682342, 40.00223115923553], [-98.10643136630424, 40.00227604278736], [-98.1086755239044, 40.00227608215913], [-98.11105430486626, 40.00227604266413], [-98.11114411886733, 40.00227604117696], [-98.11374735668396, 40.00227606293761], [-98.11697893370547, 40.00227608602218], [-98.11720332054067, 40.00227604186441], [-98.1183702598798, 40.002276076121255], [-98.11877421439014, 40.00227609614875], [-98.12056953931916, 40.00227607454225], [-98.12097350602411, 40.00227608582264], [-98.12160187535221, 40.00227604162126], [-98.12245465310872, 40.002276093362], [-98.12272397096386, 40.002276070130726], [-98.12317278071477, 40.00227603372942], [-98.1235318471715, 40.00232096705792], [-98.12416023856022, 40.00232090698333], [-98.12501304625415, 40.002320937181196], [-98.12644927562653, 40.002276050957164], [-98.12918714801896, 40.00232093807136], [-98.12932181925972, 40.00232095650533], [-98.12972575113768, 40.00232093880428], [-98.1304887859774, 40.00232094094709], [-98.13246366321862, 40.00227604758336], [-98.13479754918819, 40.00232090698782], [-98.13591968120683, 40.002320956927065], [-98.1364134114276, 40.00232097279916], [-98.13825359439313, 40.002320933948766], [-98.14031819839644, 40.002320927955985], [-98.1415749424712, 40.002320930813916], [-98.14175447910533, 40.00236584920519], [-98.141844247588, 40.00241071229623], [-98.14188917354602, 40.00245562266886], [-98.14193401618104, 40.00250046106197], [-98.14238286080214, 40.00236584364522], [-98.14260724247187, 40.002276055246185], [-98.15355877276613, 40.002186256635774], [-98.15387297203965, 40.00218625973941], [-98.15683529819017, 40.00223120625313], [-98.15737385521261, 40.002231155830266], [-98.16123382451428, 40.00227602251286], [-98.16141340946331, 40.00232090476928], [-98.17043491068496, 40.002410705882234], [-98.17061443483897, 40.00241069318501], [-98.17227511667782, 40.00245561493488], [-98.17519257462342, 40.00241068111558], [-98.17923202861553, 40.00250049372224], [-98.17932184312008, 40.002500437776284], [-98.18080292269805, 40.00250045973095], [-98.18708658566568, 40.00254536979921], [-98.19395373704715, 40.00236584010992], [-98.1953899866482, 40.00241069742765], [-98.19754445548735, 40.002320972086785], [-98.19790347026682, 40.00236582199666], [-98.19812793881081, 40.0023658440616], [-98.19830744740855, 40.00236578830542], [-98.19839720187213, 40.002410680996434], [-98.19853183377337, 40.002500460652605], [-98.19857671112867, 40.002500466001166], [-98.19871142677464, 40.00259023932212], [-98.19875630423981, 40.0025453629485], [-98.19893581437492, 40.00245562046695], [-98.19907044726448, 40.00236579468152], [-98.19938467505021, 40.00236582418703], [-98.19947443083151, 40.0023658341295], [-98.20064134939688, 40.00236579466864], [-98.2019430080968, 40.00236582532154], [-98.20216740557866, 40.00236584437176], [-98.20674551422506, 40.002365795767474], [-98.20688016144028, 40.002365800884924], [-98.20813688068885, 40.002365840032], [-98.21042596029662, 40.0023657935582], [-98.2115928860844, 40.002365795574434], [-98.21172754218708, 40.00236579425944], [-98.21204174071993, 40.002365790496164], [-98.21307403335805, 40.0024107357264], [-98.21311891960319, 40.00241073464946], [-98.21356778356275, 40.00241072278795], [-98.2198963063386, 40.002365828449385], [-98.22133256280415, 40.0023658610304], [-98.2214223454101, 40.0023658515558], [-98.22366652897189, 40.00236585190583], [-98.22864853580873, 40.00236580264706], [-98.22878322315611, 40.002365856474576], [-98.23609918602467, 40.00241073780483], [-98.24067723807343, 40.00241071219116], [-98.24085676714323, 40.002410742637046], [-98.24094657357386, 40.00241071587498], [-98.2438191017053, 40.00236581207512], [-98.2449411508293, 40.00236579193769], [-98.24521050192016, 40.00236586209788], [-98.24938460979547, 40.00236583773909], [-98.24978853595317, 40.00236585617114], [-98.24983344459845, 40.002365838849265], [-98.24996808722494, 40.002365792724], [-98.25032719108057, 40.00236582043277], [-98.25153899168942, 40.00245561548467], [-98.2535587871129, 40.00241068686507], [-98.25369343654329, 40.00241071356255], [-98.25373826408953, 40.00241070047123], [-98.25427686459734, 40.0024107274577], [-98.25468081755992, 40.00241072637609], [-98.25535407741488, 40.002410695072214], [-98.25607225586175, 40.00241071698906], [-98.25898961986881, 40.002410678510145], [-98.26823560246477, 40.00250045497263], [-98.26832535875069, 40.00250048770197], [-98.27214047750056, 40.002500495058904], [-98.27402556558629, 40.00267996951277], [-98.27438461953298, 40.0025902493942], [-98.27451922346229, 40.00254537824717], [-98.27456414716076, 40.00254534995996], [-98.27474367522484, 40.002500450200706], [-98.27483343942048, 40.00250047716895], [-98.27492320372518, 40.00245562789145], [-98.2751924972937, 40.00245563032566], [-98.27685320440823, 40.00245560061724], [-98.27950132787626, 40.002455572004], [-98.28134150890224, 40.00245560397169], [-98.28143128111266, 40.00245562510508], [-98.2819699166646, 40.00245559468789], [-98.28443850437837, 40.002455563255296], [-98.2859644601686, 40.00245557196552], [-98.28605423799237, 40.002455589005436], [-98.28695193870915, 40.002455605474836], [-98.28713149686321, 40.002455559952836], [-98.28722119258809, 40.00245558194929], [-98.28735590341094, 40.00245556392831], [-98.28951030772592, 40.0024555564722], [-98.29004891860907, 40.00245556689816], [-98.29179932666051, 40.002455569069326], [-98.29265207886034, 40.002455576976665], [-98.2941781205727, 40.00245562359686], [-98.29723021487342, 40.00241070157821], [-98.2973648603928, 40.002410676265306], [-98.30059642632445, 40.002455589375366], [-98.30333436331209, 40.0024556244365], [-98.30539893012856, 40.00245562466673], [-98.30584777114402, 40.00245555724386], [-98.30643127688326, 40.00245560601035], [-98.3070147872182, 40.0024555736469], [-98.31038102567467, 40.00245560305607], [-98.31145822085784, 40.002455578816615], [-98.31249048494048, 40.00245558823801], [-98.31280469507934, 40.002455613194485], [-98.31446541093588, 40.002455571723395], [-98.31608121505985, 40.002455627512134], [-98.318145802784, 40.002455625457415], [-98.32065929513277, 40.00245560988586], [-98.32074903146732, 40.00245560220839], [-98.3207938996753, 40.002455559455264], [-98.32371131052486, 40.00245562690615], [-98.32532714894934, 40.00245562509246], [-98.32680832329814, 40.00245558436687], [-98.3279752514699, 40.00241067273483], [-98.32945639509835, 40.002455627179515], [-98.33695189449779, 40.00241069403201], [-98.34354975311521, 40.00241072701382], [-98.34404345645628, 40.00241068899281], [-98.34556946933047, 40.0024107400757], [-98.34637737117978, 40.00241070292135], [-98.34651202234146, 40.002410696102686], [-98.3488908997355, 40.00241067574336], [-98.34920501319294, 40.00241068372298], [-98.34951921156284, 40.00241068468805], [-98.3541422352243, 40.00241072150756], [-98.35508472969055, 40.002410687635646], [-98.3562965735982, 40.002410683294116], [-98.36235583830408, 40.002410695587564], [-98.3624456249966, 40.002410728745815], [-98.36563237028196, 40.00241074233179], [-98.36621584418589, 40.002410716378456], [-98.36630555192738, 40.00241067440624], [-98.36747251485158, 40.00241068914766], [-98.36778670673193, 40.00241071727185], [-98.36823559040539, 40.002410708727254], [-98.36899859016724, 40.00241072861526], [-98.36994110548159, 40.00241072415835], [-98.37182625548603, 40.00241068287669], [-98.37339715270198, 40.002410680587424], [-98.37366646941456, 40.00241067875857], [-98.37380108632921, 40.00241071948712], [-98.37501298395861, 40.0024107426973], [-98.38030914252255, 40.00236580245305], [-98.38210449335189, 40.0024106725229], [-98.38219430383892, 40.002410688173285], [-98.38246356870322, 40.00241074678175], [-98.38699681367888, 40.00241073612691], [-98.38964493685395, 40.00241067910395], [-98.38982440882536, 40.00241070909844], [-98.39126070192583, 40.00241074563496], [-98.39184420911812, 40.00241073969968], [-98.39301115354891, 40.002410723819416], [-98.39435768272149, 40.00241071037617], [-98.39754436999371, 40.00241067844243], [-98.39978853981624, 40.00241074125636], [-98.40117994055745, 40.002455593923706], [-98.40275078659602, 40.00245557361497], [-98.40414215884539, 40.00245560241074], [-98.40423199584208, 40.0024555985082], [-98.40566823139044, 40.002455610439426], [-98.40575798657233, 40.00245561126957], [-98.40688006091354, 40.00241073931577], [-98.40863054389695, 40.002455571470904], [-98.41002194192613, 40.00245560331946], [-98.41078495065747, 40.00245557199068], [-98.41118883563642, 40.002455557735], [-98.41136844301677, 40.00245562119486], [-98.41145820504104, 40.002455616972135], [-98.41455510267144, 40.00250044090934], [-98.41513862443928, 40.00250046834301], [-98.4181008937302, 40.00250049357744], [-98.41841504772627, 40.00245559498743], [-98.4189985995942, 40.002455600217914], [-98.42007577717877, 40.00245562472764], [-98.42025532222748, 40.002455600763156], [-98.42191600884259, 40.00245560641636], [-98.42465389208381, 40.002455566730056], [-98.42496807357982, 40.00245559118217], [-98.4256412882222, 40.00245563180378], [-98.42694288715957, 40.002410685062735], [-98.42725707825814, 40.00241070243446], [-98.42846892274123, 40.00241069714651], [-98.42950121918057, 40.00241071801937], [-98.42968078682884, 40.0024106773521], [-98.42981542100961, 40.00241072745103], [-98.4302642591437, 40.002410707654214], [-98.43470768416445, 40.00236579676611], [-98.43529119562042, 40.002365798136985], [-98.43547069346117, 40.00236583107818], [-98.43609906481284, 40.00241068241545], [-98.43614400247849, 40.00241074405142], [-98.43749047128706, 40.00236582024283], [-98.43829836417989, 40.002365822620575], [-98.44045278778508, 40.00236579743764], [-98.44170953557585, 40.00236578952822], [-98.44179925028088, 40.002365842282515], [-98.44251739023404, 40.00241070597264], [-98.44337019558957, 40.002365791151554], [-98.44377417261964, 40.00236580855859], [-98.44552459750214, 40.002365825759995], [-98.44601830588444, 40.002365805829484], [-98.44660182165848, 40.002320962268506], [-98.44848689652403, 40.00236582556003], [-98.44947435551772, 40.00236583214443], [-98.44969874939257, 40.00236582392103], [-98.45117988297108, 40.00236585745006], [-98.45234683191951, 40.00236584689529], [-98.45854070324576, 40.002410690970095], [-98.4590344972344, 40.00241068525733], [-98.45921396817117, 40.00241068220181], [-98.46038095826067, 40.002365800264634], [-98.46172744341882, 40.00241070018546], [-98.46181726576164, 40.00241072905287], [-98.46226604423852, 40.002410741222626], [-98.46329838721933, 40.002410681257494], [-98.4640613523764, 40.00241067998065], [-98.46670952272031, 40.0024107463497], [-98.46724807552728, 40.0024106892563], [-98.47187109850694, 40.00241070177926], [-98.4724545639634, 40.002410746612924], [-98.47294828191946, 40.0024106852845], [-98.47420498749035, 40.0024107054282], [-98.47424986424012, 40.00241067853001], [-98.47626968059774, 40.00241074467705], [-98.48107219506493, 40.0024107349464], [-98.4833163538559, 40.00241068444825], [-98.48497701246463, 40.00241069266881], [-98.48618886753806, 40.00241068566751], [-98.48928583536029, 40.002410677091], [-98.49009369905511, 40.00241069761543], [-98.4904976760231, 40.00241070238064], [-98.49292133208321, 40.002365855465314], [-98.49435759088865, 40.00241068007761], [-98.49458203497097, 40.00241073393473], [-98.49965381193557, 40.00250044838374], [-98.49983337976397, 40.00250045098296], [-98.50032710974284, 40.00223118863826], [-98.50445630975226, 40.0022760754889], [-98.50930375969286, 40.0023658552275], [-98.51895368496588, 40.00245558418724], [-98.51931274535866, 40.00245561066431], [-98.5195370961392, 40.002455621481865], [-98.5230379929205, 40.00232094308567], [-98.52321753260996, 40.0023209104022], [-98.52330734450459, 40.002320968592926], [-98.52505777618646, 40.00232091150288], [-98.53035397326705, 40.00232091393696], [-98.5419338888745, 40.0022760559679], [-98.54206855630113, 40.00227604675262], [-98.54310081899462, 40.00227603643487], [-98.5431906545044, 40.00227607696977], [-98.55696976706224, 40.00241073653347], [-98.55701469302895, 40.00241067289965], [-98.55705953520511, 40.002410693194875], [-98.55876515011967, 40.00236585459332], [-98.5595730025489, 40.002410697385535], [-98.56065026427386, 40.0024106884948], [-98.56078488115506, 40.002365805533266], [-98.56082972556148, 40.0022760363321], [-98.5608746538158, 40.002276048731865], [-98.56742759064632, 40.00232091038739], [-98.56760715180013, 40.00232096056086], [-98.56765200024054, 40.002320976163844], [-98.5677417810299, 40.002365855596544], [-98.56787641049856, 40.002365818199884], [-98.56805597271462, 40.0023657898251], [-98.57523730070918, 40.002500466211586], [-98.57555143958787, 40.00245560721846], [-98.57559637656068, 40.002410681479894], [-98.57577587320436, 40.002410723339956], [-98.57802007817591, 40.00236578759658], [-98.57977051690025, 40.0024107404112], [-98.57986031202365, 40.002410676824404], [-98.58421395175688, 40.00236582974254], [-98.5934150590188, 40.00245560732659], [-98.59350478640755, 40.00245561558519], [-98.59534497594193, 40.002455633421995], [-98.59633242738902, 40.00245559209056], [-98.5998782175051, 40.00241072574403], [-98.60683509144359, 40.00236583301779], [-98.61311879782457, 40.00241067421467], [-98.61383688961757, 40.002410747330664], [-98.61424085592304, 40.0024106960305], [-98.61428573188029, 40.002410690926034], [-98.61451019594345, 40.00241073657862], [-98.61482432930957, 40.0024106995914], [-98.61536293054598, 40.00241070538575], [-98.61603616647452, 40.00241069072314], [-98.61639526721365, 40.002410714422545], [-98.61666453096626, 40.00241067775563], [-98.61814575026473, 40.002410677672735], [-98.61976155192883, 40.002365789059006], [-98.6198513103715, 40.00236585166348], [-98.61994106891986, 40.00236583645763], [-98.62155682475013, 40.00236585377571], [-98.62501285023221, 40.00236583949081], [-98.6253719093643, 40.002320909712935], [-98.62546167441145, 40.00232096733925], [-98.62564120482268, 40.00232092689283], [-98.62577585290843, 40.00232097407852], [-98.62582073565649, 40.00232096385726], [-98.62622468157763, 40.00236579876731], [-98.62631444762839, 40.00236585562897], [-98.6264042137848, 40.00236583468114], [-98.6269428129417, 40.00236586277867], [-98.62963586576741, 40.00236580473534], [-98.6297256358321, 40.00236585856566], [-98.63520138996162, 40.002410685186256], [-98.64027317883846, 40.00241069652108], [-98.64049763547305, 40.002455617345376], [-98.64072200885788, 40.00245561728998], [-98.64076690039585, 40.00250044927876], [-98.6409912745717, 40.002500448608174], [-98.64117084151488, 40.00254538475941], [-98.65252628703183, 40.002410696258345], [-98.65257118550461, 40.002410674143334], [-98.65270588108115, 40.00236583738798], [-98.65324441399063, 40.00241074752107], [-98.65360352196096, 40.00241072922995], [-98.65378303461668, 40.002365797089794], [-98.65391773232793, 40.002320958787784], [-98.65396254769381, 40.002276094363275], [-98.65616188984731, 40.00227602353708], [-98.66971660745808, 40.002410672844114], [-98.67281359705892, 40.00236580175491], [-98.68170048814719, 40.00245559952645], [-98.68183506707065, 40.002455584543085], [-98.68196973018496, 40.00245556306771], [-98.68210439353578, 40.00245561913498], [-98.68219414124947, 40.00245563261024], [-98.69013853133855, 40.00254536303864], [-98.69031804567423, 40.002545375598004], [-98.69040780299956, 40.00250045900513], [-98.69049756042992, 40.00250046509221], [-98.69058731796525, 40.00245562604809], [-98.69072199644725, 40.00245559289929], [-98.69090151214802, 40.00250044947614], [-98.69099127015592, 40.002500455124306], [-98.69139522447318, 40.00250051525383], [-98.69144014573526, 40.002500475847754], [-98.69193386152602, 40.00245561632237], [-98.69251734028619, 40.002410681009344], [-98.6925621782389, 40.00241072515312], [-98.692696860187, 40.002410689380355], [-98.69319058406299, 40.00241074645414], [-98.69678126129656, 40.002410738907315], [-98.69790328790725, 40.002365858345456], [-98.69898048918691, 40.002410690874264], [-98.70270580080366, 40.00241068673843], [-98.70355859524328, 40.00241067961906], [-98.70625165710521, 40.00241072294857], [-98.70688000699819, 40.0024106716952], [-98.70840597299546, 40.00236584624625], [-98.70930367842985, 40.002365827745415], [-98.70939345794842, 40.00236581705085], [-98.7103808716026, 40.002365862249825], [-98.71047065237937, 40.00236585059722], [-98.71994105539679, 40.0021863163024], [-98.72635930100907, 40.00241072075561], [-98.72649395818766, 40.002365803873154], [-98.72662861560181, 40.00232096451484], [-98.72891765966587, 40.00232092358955], [-98.72905232131907, 40.002320923389696], [-98.73053344703148, 40.0023209220373], [-98.73241860314226, 40.00227604344244], [-98.7350217737812, 40.002320974620694], [-98.73582972725313, 40.002276086504736], [-98.73600926428485, 40.00232094363087], [-98.73731081525672, 40.002276076225186], [-98.73802897969715, 40.00227604778773], [-98.73991406716765, 40.00227604579196], [-98.74139523366547, 40.002276053280106], [-98.74274174280653, 40.002276057664915], [-98.74435756801333, 40.002276087110374], [-98.74494102442493, 40.002276036458056], [-98.74516545130263, 40.0023209751558], [-98.74583865183016, 40.00227604210355], [-98.74723002436467, 40.002231172556385], [-98.74790332694006, 40.00223113811557], [-98.74817263281047, 40.00223117098292], [-98.7487112473719, 40.00227607530724], [-98.75346886452716, 40.00227604284892], [-98.75539878381403, 40.002231193377376], [-98.75620669869221, 40.00223115846244], [-98.75692487102395, 40.002231163753066], [-98.75710437313249, 40.00223114803602], [-98.75822643884239, 40.00227604468262], [-98.760695007187, 40.00227603445884], [-98.76172736849036, 40.002320941733856], [-98.76293917522247, 40.00232097891069], [-98.76370220552734, 40.002320955071255], [-98.76500380352807, 40.0023209147315], [-98.76617078079795, 40.00232097885468], [-98.76675431806618, 40.00232096380737], [-98.76724801269484, 40.00232092992836], [-98.7677417104777, 40.00232097134436], [-98.77003079818643, 40.00232094172946], [-98.77025521395899, 40.00232091227645], [-98.77124265109872, 40.0023209632578], [-98.7725442080013, 40.00232091611092], [-98.77335213409951, 40.002320911951465], [-98.77447418363045, 40.0023209622696], [-98.77465372651533, 40.00232091529726], [-98.77483326981708, 40.0023209457154], [-98.77694276672139, 40.00236581962862], [-98.77730186437049, 40.00232095579039], [-98.77770585121857, 40.00232093546668], [-98.77900743285, 40.0023209667362], [-98.77905232116314, 40.00232097243333], [-98.78075784417491, 40.00232096017506], [-98.78161066181158, 40.002320978889244], [-98.7817004414847, 40.002320910237415], [-98.78380995752715, 40.00232097024575], [-98.78407922044784, 40.002320919992776], [-98.78421389429256, 40.00227609228631], [-98.7842587856262, 40.00236584927131], [-98.7874005711255, 40.00236585404897], [-98.78852265626723, 40.00236583850297], [-98.78977944119812, 40.00236581329187], [-98.79022821983524, 40.002365834189824], [-98.79139524142612, 40.00236578738573], [-98.79251730037937, 40.00236581150863], [-98.79669140821424, 40.00232096185914], [-98.79705051340169, 40.00236586495949], [-98.79731982236436, 40.00236585704318], [-98.7980379561469, 40.00236583455325], [-98.80050653397208, 40.00232096368673], [-98.80162864079304, 40.002320970639474], [-98.80189788157878, 40.00232095692973], [-98.80418697053773, 40.002320928308635], [-98.80459092948207, 40.002365804873705], [-98.80580273485221, 40.00236584441805], [-98.8072839027376, 40.00236583487421], [-98.80741853283222, 40.00236582054928], [-98.8079571396395, 40.00236583274155], [-98.80840593945635, 40.00236585686341], [-98.80930363097349, 40.00236581499218], [-98.8093934427433, 40.002365799386354], [-98.81069505233073, 40.00236584857605], [-98.81249033053463, 40.00236580663014], [-98.81266987745897, 40.002365853787026], [-98.81271478527925, 40.00236584449506], [-98.81527314429427, 40.00236585719901], [-98.81617083115954, 40.00232092516267], [-98.81679915086103, 40.002365794404675], [-98.81868422458182, 40.00236586585802], [-98.81908817490536, 40.00236585438315], [-98.81958195089112, 40.00236581660927], [-98.82205054148893, 40.00232093759285], [-98.82860344002609, 40.00232090715738], [-98.83161066762098, 40.0024106951557], [-98.8317901746345, 40.002410714681], [-98.83497687164274, 40.00236585375697], [-98.84152985041587, 40.00232092570133], [-98.84197867596684, 40.002320968677274], [-98.84251727004538, 40.002320970990006], [-98.8436842366709, 40.00232092727861], [-98.84453698897491, 40.00232093783141], [-98.85014741670422, 40.00236582514124], [-98.85100023980874, 40.00236585864844], [-98.85234671976676, 40.00236579016997], [-98.85369322300313, 40.00236585910349], [-98.85530900712534, 40.002365844253255], [-98.8561618026018, 40.002365840543], [-98.85625158437563, 40.00236578964032], [-98.85643106408928, 40.00236584944906], [-98.85692482475962, 40.00236580350073], [-98.85836110718301, 40.00236584264766], [-98.85907921624833, 40.00236581892563], [-98.85966269525466, 40.00236579022066], [-98.86338800958511, 40.00241071167346], [-98.86477938904025, 40.00241069757736], [-98.86890865191316, 40.002365827247274], [-98.86926775419485, 40.00236581729614], [-98.86931261053695, 40.002365789250824], [-98.86940240745689, 40.002365804330765], [-98.87398050415786, 40.002320911109805], [-98.87429468638729, 40.0023209198637], [-98.87519229675165, 40.00232097739838], [-98.87712229919859, 40.00232096104187], [-98.87828927904009, 40.00232094391018], [-98.8795908629973, 40.00232097086606], [-98.88026413651897, 40.00227608901184], [-98.8814310791479, 40.002276042062995], [-98.8825083112849, 40.00227604948387], [-98.88273271547374, 40.00227602853862], [-98.88345088054939, 40.00227607728562], [-98.88699660172747, 40.00227607300973], [-98.88847780005057, 40.002320904353134], [-98.8891061140712, 40.00232092113174], [-98.8892856693677, 40.0023209224275], [-98.89157471987326, 40.002320974066244], [-98.89251723014198, 40.002320929949015], [-98.89399844890278, 40.0023209343606], [-98.89817253035578, 40.00232094624952], [-98.89956394034564, 40.002276056917474], [-98.90239162571389, 40.00232090430979], [-98.9037829423491, 40.00227604772141], [-98.90925869759741, 40.002276068977096], [-98.91495891143774, 40.00227604312625], [-98.91765191099533, 40.00227605703158], [-98.91904324615236, 40.00227607100118], [-98.92187096128356, 40.00227606102291], [-98.92321739982218, 40.002276075286865], [-98.9242497299445, 40.002276044663795], [-98.92433950574686, 40.00227609497974], [-98.92662857077536, 40.00227604981439], [-98.92878294686975, 40.00223114074549], [-98.93389961665548, 40.00218626155545], [-98.934842215214, 40.00218632029995], [-98.94040774457177, 40.00223116116202], [-98.95153880713183, 40.00232094103566], [-98.95266089668569, 40.00232091076857], [-98.95387272758319, 40.00232097619468], [-98.96087448330415, 40.00227604332747], [-98.96087448330415, 40.00232094514889], [-98.96100912559824, 40.00232097813503], [-98.96284940047401, 40.002276032220635], [-98.96751722349799, 40.00227604943979], [-98.96863928818298, 40.002276093876], [-98.9687291147195, 40.00227602692128], [-98.97169142547399, 40.00227602714213], [-98.97178117122385, 40.002276041699076], [-98.97182600200291, 40.00227605222314], [-98.97227490107937, 40.00223120955349], [-98.99157467046216, 40.00218632768366], [-98.99166443885143, 40.00223114629093], [-98.99175420734282, 40.00227604245124], [-98.99202351342979, 40.00223121051261], [-98.9924274321384, 40.00223119712424], [-98.99256212836112, 40.002231187922376], [-98.99287627995675, 40.00223117669804], [-98.99292120702448, 40.00223117126103], [-98.99332513032812, 40.00223115427034], [-98.99359444177637, 40.00223113985299], [-98.9945369969362, 40.00223116468306], [-98.99960879776226, 40.002231213310424], [-99.003244321272, 40.00223116202875], [-99.0033789516486, 40.00223114492765], [-99.00360336422028, 40.00223119151219], [-99.00643108468986, 40.002231139978385], [-99.00746332651167, 40.00218630423819], [-99.0146895654006, 40.00223117456269], [-99.01715815476355, 40.002231175320034], [-99.01738260646002, 40.00223119117477], [-99.01814559522013, 40.00223114444924], [-99.0182353938067, 40.00223119525854], [-99.0182802509792, 40.0022311850894], [-99.01850462154158, 40.00227602463], [-99.01863927791184, 40.002320962010714], [-99.01868421963182, 40.00232094506452], [-99.01917790568513, 40.00241068200867], [-99.01971653712584, 40.00241068243688], [-99.02025508791378, 40.00227607304091], [-99.02038974726365, 40.002276033170645], [-99.02056926531318, 40.00223116249248], [-99.02146694599209, 40.00223120565697], [-99.02600019503822, 40.00223114557919], [-99.0279301089812, 40.00223117451228], [-99.02864825203821, 40.00223114689126], [-99.02950107646102, 40.00223113976746], [-99.03062317903007, 40.0022311804365], [-99.03358545102893, 40.00218627846841], [-99.03618864131455, 40.00218627368245], [-99.03780447215655, 40.00218625980108], [-99.04642209010936, 40.00218626859589], [-99.04696065379783, 40.00218629855408], [-99.04718510561747, 40.002186254545805], [-99.04839695397895, 40.00218630374533], [-99.05391760582236, 40.002231177592314], [-99.05961774204839, 40.00227605469726], [-99.06531795000383, 40.00232094501764], [-99.06549748544265, 40.00232097554461], [-99.06612586267336, 40.00236581792809], [-99.06648485323855, 40.0023658047077], [-99.06706835346729, 40.002365857097125], [-99.06783139869295, 40.00236585477776], [-99.07003063658959, 40.002365815260966], [-99.07178114385263, 40.002320936572985], [-99.07438432160713, 40.00232097408058], [-99.08021916824468, 40.00227606848907], [-99.08039873733534, 40.00227607242755], [-99.08170028782071, 40.00227607912637], [-99.08452800999342, 40.002276069934084], [-99.08506657887224, 40.002231179044024], [-99.08547055011749, 40.00223113582285], [-99.08556025614745, 40.002231217463695], [-99.0856500466681, 40.00218632277411], [-99.08569494196642, 40.00214139057048], [-99.08897143880442, 40.00214142394013], [-99.09718508857475, 40.00214137815174], [-99.10445613383031, 40.002186299887825], [-99.10719400478878, 40.00218628348445], [-99.11388160851826, 40.00218631880546], [-99.11545258700374, 40.00218631704278], [-99.11787627176912, 40.002186319641716], [-99.11908809953003, 40.0021863023652], [-99.11998579597588, 40.002186329206154], [-99.1230826855474, 40.00214138937739], [-99.12398034246026, 40.00214138729537], [-99.1251024277851, 40.0021414122516], [-99.13237356790366, 40.00209651584144], [-99.13291212212933, 40.00209652043211], [-99.14076674559934, 40.002096527281665], [-99.14117066109023, 40.00209652002554], [-99.14332505222514, 40.002096494529326], [-99.14763383955389, 40.002096551360324], [-99.15005757098919, 40.00209655085191], [-99.15239151007728, 40.0020965543325], [-99.15427659939961, 40.00214144504327], [-99.15656564176422, 40.00214142896218], [-99.15912403079611, 40.002096529524785], [-99.16029095495492, 40.00209652382402], [-99.1603807450457, 40.00209653868143], [-99.16051538813606, 40.002096564170735], [-99.16060517847822, 40.0020965011702], [-99.160694884452, 40.00209652245422], [-99.16087446563898, 40.00209655136695], [-99.16096425638331, 40.0020964880456], [-99.16105396275888, 40.002096509009064], [-99.16284929394568, 40.002096506902774], [-99.16289423264675, 40.00209650984386], [-99.16338788424632, 40.00209651688932], [-99.16356747146509, 40.00209654098915], [-99.1637918293458, 40.002051617334516], [-99.16410606658941, 40.002096547126285], [-99.16442022059148, 40.0020965192529], [-99.16477931558165, 40.00209649249543], [-99.16666435835147, 40.00209652415117], [-99.1676069385875, 40.00209656218928], [-99.1681006191944, 40.00209654608161], [-99.16836993152485, 40.00214138386539], [-99.1688187592588, 40.0020965493481], [-99.17016525752565, 40.0020965344498], [-99.1791419830568, 40.001961852532794], [-99.1791419830568, 40.002006737091335], [-99.17950097494852, 40.00200674887528], [-99.1798600529341, 40.00200675265324], [-99.18008445636801, 40.001961871561555], [-99.18286724622378, 40.00196186142432], [-99.18695162283349, 40.001961879404504], [-99.18892650127592, 40.002006797253124], [-99.18897137007741, 40.00200679526701], [-99.19781337855657, 40.00205163930421], [-99.19898035798589, 40.00205161293599], [-99.20275057186888, 40.00200676100638], [-99.2051293996302, 40.002006739766735], [-99.20925860368463, 40.00200678969875], [-99.21029093778166, 40.002006756244405], [-99.21132328511018, 40.00200678982999], [-99.21141304771861, 40.00200676582708], [-99.21590139018515, 40.001961895126804], [-99.21617069361206, 40.00200676982324], [-99.21639511382192, 40.00200677648483], [-99.21657465043975, 40.00205167846529], [-99.22047941722504, 40.00205161836039], [-99.22218503312692, 40.00200673988767], [-99.22456384301111, 40.00200677150493], [-99.2251922020559, 40.00205163944631], [-99.22698752850815, 40.00205161519724], [-99.22896237457495, 40.00205164159905], [-99.22990492409791, 40.00205162171165], [-99.23030886518633, 40.00205167800187], [-99.2303986489344, 40.00205163702166], [-99.2331814028517, 40.00205161655321], [-99.23340587039802, 40.00205166282628], [-99.23475235059666, 40.00205164641374], [-99.23529091514543, 40.002051621971596], [-99.23780437660638, 40.002051615979894], [-99.23995882233258, 40.00205166156613], [-99.24292107821925, 40.002051616328124], [-99.24323528630555, 40.00205167279039], [-99.24332508442768, 40.00205162025233], [-99.24336989897041, 40.00205167837492], [-99.24359431028095, 40.002051631000164], [-99.24377390742308, 40.002051602847395], [-99.24458176127445, 40.002096494925276], [-99.24664641671436, 40.002096541705185], [-99.24790314520929, 40.00205161664705], [-99.24839689552144, 40.00200674898945], [-99.24862123622984, 40.00200677482285], [-99.25037175780123, 40.00196190458784], [-99.25230167966957, 40.002006738303756], [-99.25243639199914, 40.00200672495961], [-99.2540521963547, 40.00205164550675], [-99.25409701684461, 40.00205162119558], [-99.25620656780698, 40.00205161606559], [-99.25818145165982, 40.00205166549605], [-99.25894445712349, 40.00205168018733], [-99.25903418812135, 40.002051620388116], [-99.26289415294643, 40.00205165284964], [-99.26742739397159, 40.00200677449925], [-99.27290317839052, 40.002006750246494], [-99.27725680019415, 40.00200673730862], [-99.2781544867432, 40.00200673489153], [-99.28138605451443, 40.002006752329166], [-99.28273257204795, 40.00205165081842], [-99.28300184439864, 40.00205164030703], [-99.28340579689976, 40.0020067825818], [-99.28407911193806, 40.001961903096834], [-99.28488694508346, 40.002006734621105], [-99.28663740473192, 40.0020067998388], [-99.2870413753378, 40.00200672589338], [-99.28722089967458, 40.002006788913626], [-99.28829813863955, 40.00200676527987], [-99.29081155442624, 40.002006732830424], [-99.29090132071542, 40.00196184675153], [-99.29184391504899, 40.00196184329566], [-99.30979717569252, 40.00182721604138], [-99.31006653780184, 40.001827210647775], [-99.3109193121358, 40.00178235783117], [-99.3124453071439, 40.00182723460681], [-99.31334295966342, 40.00187213607153], [-99.31648477917705, 40.00187209555464], [-99.33843274279172, 40.00182723154207], [-99.3465117560607, 40.0019170082761], [-99.34749918944686, 40.00191701458711], [-99.34987795139547, 40.00191701594123], [-99.35203240959166, 40.00191699096316], [-99.35221190800674, 40.001917029041174], [-99.35584742852848, 40.00191698424284], [-99.36675411415469, 40.0018721125415], [-99.37249912472969, 40.00182724093915], [-99.37537169665532, 40.002141396600116], [-99.38506650316278, 40.00205165802912], [-99.38816339481572, 40.002051621440756], [-99.38879174920037, 40.00205161816863], [-99.38968947928818, 40.00205164510817], [-99.39211317940934, 40.002051664582986], [-99.40337883641652, 40.00196185996849], [-99.40337883641652, 40.00200672611494], [-99.40342373914672, 40.002051656404504], [-99.40351354468083, 40.00209649551959], [-99.40360326559092, 40.00214141903797], [-99.40387259835511, 40.002141421941246], [-99.40436627854217, 40.00209650279594], [-99.40450090370449, 40.00214141154373], [-99.4045458070488, 40.00214139758716], [-99.40463561381112, 40.00218631314498], [-99.40472533594823, 40.00209656015801], [-99.40481514290705, 40.00209653203115], [-99.40539863636275, 40.00205165731099], [-99.40701442739129, 40.00209652171706], [-99.4074632215153, 40.00214141171407], [-99.40804673379967, 40.00214138744402], [-99.40840580730934, 40.00214143159333], [-99.40880970333957, 40.0021413878813], [-99.41002157281238, 40.00209652290237], [-99.41123346017534, 40.00214137426131], [-99.41172718463989, 40.00214144007353], [-99.41262482687347, 40.002141444370295], [-99.41302874366046, 40.00209651841516], [-99.41406104096457, 40.00191700249802], [-99.42362118959359, 40.00227602583284], [-99.42905212384072, 40.00223116271438], [-99.4322388174271, 40.002231171383244], [-99.4365027100684, 40.002186324089415], [-99.44049736993173, 40.002186255230505], [-99.44229269914709, 40.0021413917437], [-99.44512033091043, 40.00214140683253], [-99.4462423747095, 40.00214138570129], [-99.45135911189162, 40.002141435485264], [-99.46141295353613, 40.00205164430741], [-99.46244526434697, 40.00205160533356], [-99.46415086069572, 40.00205163146565], [-99.46693362652132, 40.002051671047035], [-99.4712423887585, 40.002006780144924], [-99.47680789868139, 40.001961887721954], [-99.48017418177288, 40.00191696979049], [-99.48071275569586, 40.00196185995336], [-99.48084742092543, 40.00196188475818], [-99.48196952663345, 40.001961886759], [-99.48304670138484, 40.00196184772769], [-99.48367510220724, 40.00191698898172], [-99.4842136989401, 40.0019170005948], [-99.48690665042211, 40.00200674058257], [-99.48789407663018, 40.00200674406507], [-99.4924273309046, 40.001961885388155], [-99.492786348186, 40.00196189490089], [-99.49283121485394, 40.00191698965475], [-99.49435728974755, 40.001916976561915], [-99.49597304468276, 40.00191700656719], [-99.4975439619114, 40.00191698155985], [-99.49758891597743, 40.0019618618323], [-99.49767865454453, 40.00196184205029], [-99.4977683932089, 40.00200675806106], [-99.49817238804152, 40.002006770089764], [-99.49862116983202, 40.001961880153345], [-99.49889047400211, 40.00200674658203], [-99.4989802988004, 40.002006718637865], [-99.5003716201836, 40.002051640446346], [-99.5010448540726, 40.00205165135198], [-99.50162835048971, 40.002051681148394], [-99.50171817825793, 40.00200679284263], [-99.50337886440654, 40.002006737164386], [-99.50517411902138, 40.00200673762842], [-99.5114578165025, 40.001961900331565], [-99.51482406687875, 40.00196188295745], [-99.51531781771591, 40.001961875235615], [-99.51635012277873, 40.001961880028574], [-99.51679891818839, 40.001961851470426], [-99.5170233168039, 40.00196187524048], [-99.51783124168628, 40.00196184099554], [-99.52070379524177, 40.00196189291762], [-99.52353139524396, 40.0019618591557], [-99.52501255750437, 40.00196187612416], [-99.5289622830379, 40.00196188002224], [-99.52927648731752, 40.00196190603818], [-99.53475221594988, 40.0019618954761], [-99.53529080527551, 40.001961893169096], [-99.5379838042695, 40.001961915779134], [-99.54233750788693, 40.001961855262905], [-99.54296584906533, 40.00196191400805], [-99.54664628907676, 40.00196185237364], [-99.55203234604154, 40.001961898312885], [-99.55234646777959, 40.001961865984825], [-99.55526392687501, 40.001917029213224], [-99.56249015604641, 40.00196190528398], [-99.56383661800639, 40.0019618700942], [-99.56774149771347, 40.0019618892468], [-99.56985097286505, 40.00196184731174], [-99.57209514493364, 40.00196190984134], [-99.57644884967871, 40.001916981093046], [-99.57725675764392, 40.00191698216927], [-99.57851346231763, 40.001917010071686], [-99.58053321197733, 40.00191700472266], [-99.5805780411426, 40.00191700351528], [-99.58066786935306, 40.00191698692685], [-99.5808025269461, 40.001916968949885], [-99.58143090361818, 40.00191696261165], [-99.58515617662385, 40.001917021379825], [-99.58816334673119, 40.00187208968749], [-99.58847751972277, 40.00187210625831], [-99.58897128317756, 40.00187208091919], [-99.5905421751493, 40.001872141227295], [-99.59390839891945, 40.001872138051624], [-99.59718491222948, 40.00187213071915], [-99.59740935775231, 40.001872143583846], [-99.60180786431, 40.00187207700811], [-99.60485996631022, 40.00187214695853], [-99.6058473499902, 40.00187211565539], [-99.6064757451735, 40.001872121427645], [-99.606969445092, 40.00187209902165], [-99.60889942951276, 40.00187207654387], [-99.6093482991066, 40.001872133886266], [-99.61567680972392, 40.00187207372489], [-99.62003049187264, 40.00187207681326], [-99.6217360961194, 40.00187209153975], [-99.62532673630977, 40.00187211112548], [-99.626179545519, 40.00187211931721], [-99.62640389890015, 40.00187208131828], [-99.6272567190684, 40.00187208032735], [-99.62819925727821, 40.00182725724653], [-99.62824411199703, 40.001827234686075], [-99.62873785529855, 40.0018271895781], [-99.62932131207391, 40.00182725114742], [-99.63138595591715, 40.001827226778325], [-99.63291202230117, 40.001827252838034], [-99.63421357165726, 40.001827248227904], [-99.63547036755939, 40.00182724540062], [-99.63681681591116, 40.00182725868695], [-99.63775937659788, 40.00182720004926], [-99.63865708756028, 40.00182723736858], [-99.63946491668779, 40.00182725849769], [-99.63995864107342, 40.00182724269776], [-99.64220282535817, 40.001827208170035], [-99.64310049887689, 40.001827212717515], [-99.64413285653056, 40.00182719069226], [-99.64417771976824, 40.001827238575274], [-99.64714002101648, 40.00182722173581], [-99.65028180761813, 40.00182722738391], [-99.65301972903391, 40.00182721975535], [-99.65391734819897, 40.00182721903657], [-99.65427646653201, 40.00182724183347], [-99.65472523913763, 40.00182720160734], [-99.65566783087014, 40.001827221189615], [-99.66100890205877, 40.001827230570214], [-99.66298381353037, 40.00182723555556], [-99.66648468283522, 40.00182724491665], [-99.66801070696542, 40.001827257880215], [-99.66917766026629, 40.00182719484804], [-99.67070373322272, 40.00182724429907], [-99.6729478884165, 40.001827211762325], [-99.67537162280533, 40.001827186934364], [-99.67730156534965, 40.00182722126299], [-99.67846856240975, 40.001827212104864], [-99.67999454871945, 40.00182721875345], [-99.68192451215867, 40.001827248573186], [-99.68488686760111, 40.001827229086764], [-99.68672708611966, 40.0018271916836], [-99.68901613019591, 40.001827250885995], [-99.68977913035717, 40.00182726135632], [-99.69058702540522, 40.00182721547545], [-99.69233750539065, 40.00182726057173], [-99.69350445554797, 40.001827252515305], [-99.69494067827227, 40.001827233719624], [-99.6976786066604, 40.001827210749575], [-99.70077551534922, 40.001827237071055], [-99.7029299166415, 40.001827249131175], [-99.70378274755613, 40.00178236191634], [-99.70427642410269, 40.00178237460841], [-99.70562295303044, 40.001782322941196], [-99.70701431511121, 40.001827198199386], [-99.70840570010644, 40.00182721332906], [-99.71123335275686, 40.00182721043174], [-99.71240030895238, 40.001827236010286], [-99.71365699669484, 40.00182721095841], [-99.71397121406876, 40.00182725682612], [-99.71509330702357, 40.001827234413966], [-99.71590118915576, 40.00182723817014], [-99.7163949364991, 40.00182719096568], [-99.71670907900668, 40.001827235396505], [-99.71778630582818, 40.00182724500925], [-99.71792092825467, 40.00182721899235], [-99.71958165765837, 40.00182718829448], [-99.72133205820067, 40.0018272484352], [-99.72182575220107, 40.001827259154076], [-99.7232172108617, 40.00182723759417], [-99.72591021314436, 40.001827205977655], [-99.727122024086, 40.001827247516914], [-99.72810948252203, 40.001827209313305], [-99.72900713561118, 40.00182721939965], [-99.72954569801125, 40.001782370231], [-99.73143077844374, 40.0017823813175], [-99.73201426625009, 40.001782366289675], [-99.73282222488034, 40.0017823180877], [-99.73403404968874, 40.00178236067721], [-99.73461755542917, 40.001737492145104], [-99.73493168051898, 40.001737486532306], [-99.73497659208111, 40.00173749365242], [-99.73547028059464, 40.00173744423628], [-99.73600888409443, 40.001737476612284], [-99.73677196828805, 40.001737467465745], [-99.73749006137342, 40.00173745370994], [-99.73775936911501, 40.00173742603059], [-99.73888143720833, 40.001782313696765], [-99.73973420528498, 40.0017823069051], [-99.7406318965014, 40.00178237498482], [-99.74117044774196, 40.001782309111015], [-99.74139493725714, 40.00173742236583], [-99.74148468218988, 40.00173743796729], [-99.74188866316307, 40.00173741881528], [-99.74211306951328, 40.0017374529634], [-99.74269654581734, 40.00173746037776], [-99.74319027930375, 40.0017374503962], [-99.74435716568506, 40.00169261893179], [-99.74529973781672, 40.001647662714426], [-99.74579348646138, 40.001647717529096], [-99.74588323604998, 40.00169256659751], [-99.74588323604998, 40.00173748153953], [-99.74592815341528, 40.00182723594022], [-99.74615257045664, 40.00182726097773], [-99.74664623899507, 40.001827241030284], [-99.74996758086064, 40.00169256993407], [-99.75683475961937, 40.00133349017854], [-99.75701428225025, 40.00146815877561], [-99.7641955838022, 40.00155793075946], [-99.76495866627906, 40.001557960933475], [-99.7720951124724, 40.00173743243151], [-99.77371086473654, 40.001737458833226], [-99.77420460839893, 40.00169255264886], [-99.77429438801819, 40.0016925387822], [-99.77433923531375, 40.001737447911744], [-99.77564083837883, 40.00164766306202], [-99.78062294109802, 40.00160279489167], [-99.79889042199706, 40.00151302567299], [-99.81343259373494, 40.00137841421862], [-99.8135223295592, 40.00142328171217], [-99.81365701861097, 40.00146812083265], [-99.8138365759643, 40.001513016201756], [-99.81415073838707, 40.001513015976684], [-99.8145546388752, 40.00146814038426], [-99.81468932955556, 40.00146814638855], [-99.81500349511622, 40.001468143508006], [-99.81513818650465, 40.0014681489069], [-99.81572165298175, 40.00151307033578], [-99.81621538469675, 40.001468137009745], [-99.81715790169078, 40.001468188562725], [-99.81729251133531, 40.00146819831038], [-99.81787599253217, 40.00151302940164], [-99.8198509011939, 40.001513037305585], [-99.8206138863259, 40.00151308084419], [-99.82169106843313, 40.00151301704232], [-99.8233069096319, 40.00151301226525], [-99.8259999326602, 40.00155794157658], [-99.82734643341834, 40.00155788966068], [-99.82869287023213, 40.00155790441232], [-99.8300842900273, 40.00155794292195], [-99.83223865105738, 40.00155793121366], [-99.83246312533134, 40.00155793201951], [-99.83412379341023, 40.001557899500774], [-99.83533561349816, 40.00155792246906], [-99.83564985496035, 40.00155793212798], [-99.83681681648616, 40.001557890440544], [-99.8378490665358, 40.001602845190014], [-99.83950975399397, 40.001602807772734], [-99.84341462555638, 40.00160283249756], [-99.8448957980207, 40.001602772588946], [-99.84610760028582, 40.001647663130036], [-99.8475887341554, 40.001602819344576], [-99.84884546098202, 40.00160281161872], [-99.85005731912617, 40.00160282545467], [-99.85301966387264, 40.00160281862374], [-99.85355824429313, 40.00160282534984], [-99.85400704969908, 40.001602829949476], [-99.85432127450687, 40.00160278809002], [-99.85436616385917, 40.00160282634774], [-99.85459052579398, 40.00160279194802], [-99.8575528568632, 40.001557914924724], [-99.86545233877176, 40.001557946052785], [-99.86926740531322, 40.0015579259488], [-99.8754164069807, 40.00169260937702], [-99.88488681911477, 40.00164770663334], [-99.89063182533604, 40.00164768492908], [-99.89188858594996, 40.00160282677985], [-99.89458154796421, 40.001602815489036], [-99.89556898564537, 40.0016028399145], [-99.8973194208379, 40.00160283532582], [-99.90108962461608, 40.001602782160525], [-99.90270542807188, 40.00160278642407], [-99.90396219452191, 40.001602770835916], [-99.9066102766239, 40.001602836015785], [-99.90696935498276, 40.001602820171655], [-99.90988678361533, 40.00160282993302], [-99.91082930744926, 40.00164768292939], [-99.9112332372139, 40.00160284879089], [-99.91204118765805, 40.0016028144968], [-99.91468926230574, 40.00164766512084], [-99.91603579091294, 40.00164769659485], [-99.91621530691845, 40.00164767552571], [-99.91747201466147, 40.001647666754245], [-99.91890834756947, 40.00164768644531], [-99.91989572310692, 40.00164773200781], [-99.9211524844712, 40.00164767687443], [-99.92160130180724, 40.00164771689914], [-99.92357621106729, 40.001647660053784], [-99.92433918073382, 40.001602789290814], [-99.92456364002142, 40.0016028375077], [-99.94112553702111, 40.00155795967288], [-99.94462641631318, 40.00160277652518], [-99.94467135277415, 40.001602774133005], [-99.94480599175999, 40.00164767923324], [-99.94494063095543, 40.00164768646509], [-99.94503041895845, 40.00164768873139], [-99.94565876705077, 40.00164771705711], [-99.9464217612092, 40.0016476691135], [-99.94731940499653, 40.001647696897], [-99.94740919546894, 40.00164769702184], [-99.94776827301905, 40.00164770407707], [-99.94803756084181, 40.00164771036124], [-99.94821714337064, 40.001692606578096], [-99.94835178787586, 40.00173742894631], [-99.94853128578471, 40.00182722904972], [-99.95768745206841, 40.00173749357907], [-99.95777725329782, 40.00173748435332], [-99.96275927801, 40.001692595492365], [-99.98461740719095, 40.00155790390478], [-99.98663717734826, 40.00169255603742], [-99.9867269232519, 40.00164771173542], [-99.98690650064742, 40.00164772585858], [-99.98798371688511, 40.00164767092541], [-99.99000348001995, 40.00164765748565], [-99.99161923902524, 40.00164768670328], [-99.99283105666947, 40.001647693282344], [-99.99332478079863, 40.00164773344454], [-99.99462646160953, 40.0016476768909], [-99.99673596476451, 40.001647661856396], [-99.99871079619383, 40.00164766775536], [-99.99992262738759, 40.00164767307428], [-100.00140375837582, 40.00164769567643], [-100.00414168590123, 40.00164770659125], [-100.0052188597677, 40.001647720255], [-100.00952768858828, 40.001647658509015], [-100.01222064425987, 40.00164773400461], [-100.01343249295563, 40.00164766745036], [-100.01433014740579, 40.001647693852085], [-100.0149136832299, 40.001647659211685], [-100.01536247426353, 40.00164770923037], [-100.01765152372184, 40.00164773122629], [-100.01913270040535, 40.00164766771508], [-100.01917759011262, 40.001647716685014], [-100.0216461329084, 40.00164770240474], [-100.02411474563222, 40.001647704516394], [-100.02577543376287, 40.00164766639516], [-100.02716679010963, 40.001647716456986], [-100.0295904933688, 40.00164770749366], [-100.03111651273169, 40.00164768750234], [-100.0315653872036, 40.001647664555804], [-100.03223857521068, 40.001647715028355], [-100.0365025613158, 40.00164771842653], [-100.03762460769963, 40.001647692748826], [-100.03807343029202, 40.00169261485195], [-100.03816322923154, 40.001692540637976], [-100.03883646813983, 40.00169254648057], [-100.03924039690483, 40.001692611314404], [-100.04000344495299, 40.00169261153677], [-100.04193341691726, 40.00169257828562], [-100.04265150132352, 40.00164771550335], [-100.04296572913177, 40.00164768102132], [-100.05257075281287, 40.00164765591749], [-100.05270538823953, 40.00164768749003], [-100.05544330481064, 40.00164767078501], [-100.05602677411888, 40.001647657769034], [-100.0564306969872, 40.00164766040417], [-100.05813631196608, 40.00160282231811], [-100.0608741424299, 40.00160283404797], [-100.06145764796784, 40.001602789280575], [-100.06163720862011, 40.00160283869559], [-100.06172694639278, 40.001647715572496], [-100.06177185800532, 40.00169255510826], [-100.06181668425751, 40.00169259231927], [-100.06491367889193, 40.001647710162054], [-100.06877365536364, 40.00164766885763], [-100.0709729062037, 40.001647694800056], [-100.07173588964825, 40.00164771449072], [-100.07272338027231, 40.00160281880513], [-100.07420446629185, 40.00160280151281], [-100.0748777265411, 40.00160281889481], [-100.07505731471917, 40.00155795795091], [-100.07510214777399, 40.001557911671426], [-100.07519189934881, 40.00160277526121], [-100.07528165101557, 40.00160283012862], [-100.07631401528552, 40.001602816422434], [-100.07752581415964, 40.00160282773946], [-100.07864795998428, 40.00160284261102], [-100.08048817359723, 40.00160278337763], [-100.08071260919829, 40.00160282720287], [-100.0838544263249, 40.001602797394796], [-100.0839890244631, 40.00160279417407], [-100.08493155883878, 40.001602814140085], [-100.08555997765482, 40.00160281750936], [-100.08627807849292, 40.001602791831324], [-100.08677181893349, 40.00160280134994], [-100.08726556215336, 40.00160280842125], [-100.08901601998676, 40.00160279510586], [-100.09143964394748, 40.001602833962835], [-100.09220272012593, 40.00160278195284], [-100.09408780467254, 40.00160282753358], [-100.09485081845943, 40.001602840244686], [-100.095254749522, 40.0016027779693], [-100.0956138388785, 40.001602847110696], [-100.0961523902504, 40.00160283960387], [-100.09628709267226, 40.00160281227518], [-100.09705012557427, 40.001602808138415], [-100.09817217950874, 40.00160278804426], [-100.09920447154104, 40.00160279960293], [-100.09942886960243, 40.001602808743705], [-100.09974304493569, 40.001647734132845], [-100.10023677570743, 40.00164768435025], [-100.10292979277799, 40.001647717529984], [-100.10355816961177, 40.00164769979016], [-100.10441096172816, 40.00164767598135], [-100.10683466893218, 40.00164768004877], [-100.10831581827152, 40.001647665443684], [-100.10934814405957, 40.001647656786524], [-100.11038039653957, 40.001647722447785], [-100.11253481305698, 40.00164768041432], [-100.11280409747482, 40.001647673758896], [-100.11374668486465, 40.001647675985645], [-100.11491363452139, 40.001647728541485], [-100.1157215120987, 40.0016476870934], [-100.11617039313847, 40.00164770790897], [-100.11760667406952, 40.001647712420905], [-100.11827984003932, 40.0016477063961], [-100.11913268950998, 40.001647719058006], [-100.1197161554053, 40.00164768048323], [-100.12398004233894, 40.00164773183274], [-100.1253714210883, 40.001647707662904], [-100.12550608283675, 40.001647725827176], [-100.12712186898715, 40.0016477120769], [-100.12721167373012, 40.00164772012335], [-100.12743605781732, 40.0016476736429], [-100.12896207275801, 40.00164769970344], [-100.13062278370845, 40.001647713620784], [-100.13093698502631, 40.00164766414025], [-100.13134091096666, 40.00164770302403], [-100.13138577275188, 40.00164770891414], [-100.1315204436958, 40.001647718944284], [-100.131969319845, 40.001647676054255], [-100.13461741948981, 40.00164771194919], [-100.135245766279, 40.00164767182241], [-100.13677183102767, 40.00164766322359], [-100.13726551324592, 40.00164768493754], [-100.13748992293698, 40.00164769331431], [-100.13793874403278, 40.00164770855043], [-100.13870179641425, 40.001647725293516], [-100.13995855269732, 40.00164766703559], [-100.14063171858702, 40.00164767996503], [-100.1422026583894, 40.00164767486824], [-100.14471611771424, 40.00164770170371], [-100.14543427431259, 40.00164767449368], [-100.14588313583818, 40.001647653915434], [-100.14651147743764, 40.00164770524381], [-100.1471398235115, 40.00164767509399], [-100.14803748073071, 40.001647701579664], [-100.14978795138971, 40.001647655179774], [-100.15001239293933, 40.001647712840935], [-100.15046119228103, 40.00164767915628], [-100.15104469466554, 40.00164770457856], [-100.15149349925552, 40.00160278694562], [-100.15266052152745, 40.00164770156334], [-100.15270539415802, 40.00164769784578], [-100.15306446149555, 40.00164765984019], [-100.15414167226912, 40.00160281401897], [-100.15746296254922, 40.00164772621946], [-100.15818113737058, 40.001647692103326], [-100.1595725429075, 40.00164770021382], [-100.16033552590561, 40.00164772877472], [-100.1611882693494, 40.00164765891471], [-100.16204110650278, 40.00164772922537], [-100.16208598389875, 40.00164772127926], [-100.16347736544084, 40.00164768235345], [-100.1641057467506, 40.001647707675204], [-100.16643962703462, 40.00164766920873], [-100.1676065902804, 40.00164770696393], [-100.1693571067688, 40.001647656659465], [-100.17492262353763, 40.00160277344424], [-100.17501239142719, 40.00160282343224], [-100.17658325873967, 40.00160280133014], [-100.177795155671, 40.00160279029806], [-100.17909675572979, 40.00164769518366], [-100.1801739417167, 40.0016477094236], [-100.18192436483432, 40.00164770084498], [-100.18461739761635, 40.001647680608], [-100.18551500790313, 40.00164771690398], [-100.185919012453, 40.00164770441097], [-100.18753479256021, 40.001647660737135], [-100.18816317369964, 40.001647704301426], [-100.18829784570346, 40.00160276908304], [-100.18906081991082, 40.00160283270276], [-100.19009314994697, 40.001602844854155], [-100.19031752278063, 40.00160282676789], [-100.19031752278063, 40.00164770256796], [-100.19359408071904, 40.00164766408603], [-100.19381846241443, 40.00164771559141], [-100.19395314301119, 40.0016477262078], [-100.19498544451197, 40.0016925704325], [-100.1964665342562, 40.001647667327106], [-100.19660121887507, 40.00164767435954], [-100.19678071317081, 40.00164766519165], [-100.19687050321207, 40.00164769545159], [-100.19700518844445, 40.00164770193725], [-100.19713978836674, 40.00164771581491], [-100.19938397713953, 40.00164771789419], [-100.20108954042631, 40.00164765977592], [-100.20526370792732, 40.00164772032361], [-100.205892043652, 40.001647667089166], [-100.20719371422386, 40.001647667850975], [-100.21199620558107, 40.001647720890205], [-100.21217573101404, 40.001647683950154], [-100.21383637985241, 40.0016476931374], [-100.2153175275888, 40.00164771753986], [-100.2160805630932, 40.00164766656934], [-100.21652944075656, 40.00164766764548], [-100.21657426022094, 40.0016477202152], [-100.2187736064773, 40.00164766542602], [-100.21994048898075, 40.00164770018344], [-100.22146656038387, 40.00164768407674], [-100.22757068019752, 40.00164773355447], [-100.2286927669996, 40.00164770313883], [-100.22905180012518, 40.00164773127722], [-100.22918644861399, 40.00169257404995], [-100.23169998150344, 40.00160280921006], [-100.23174480861414, 40.001602777448184], [-100.23187946117783, 40.00160282183262], [-100.23340548077078, 40.00160280052638], [-100.23591896170608, 40.0016028438371], [-100.23780411897381, 40.00160283464214], [-100.24076638181262, 40.00164771523232], [-100.24193338162989, 40.0016476622146], [-100.2456586431434, 40.00164769601989], [-100.2491147025243, 40.00164770376624], [-100.2492942172905, 40.00164768494812], [-100.25005720186196, 40.001647713791755], [-100.25212183645093, 40.00164767550764], [-100.2532888138102, 40.00164765949084], [-100.25661013649723, 40.0016477318723], [-100.2601110337854, 40.001692609568835], [-100.26096388004707, 40.001692612864794], [-100.2621757298953, 40.0016926101245], [-100.2632080530691, 40.00169255939616], [-100.2638812988604, 40.001692589252784], [-100.26500332940675, 40.00164771330377], [-100.26581129255702, 40.00164765200069], [-100.26706796748967, 40.00164770523705], [-100.26863892160311, 40.00164768369614], [-100.2689530986244, 40.001692577582496], [-100.26922234518841, 40.001692580622795], [-100.26962630214024, 40.00169257618091], [-100.26980585816833, 40.001692597814284], [-100.27079333718777, 40.00169260239945], [-100.27155633438771, 40.00169255898956], [-100.27191536897544, 40.001692602599725], [-100.27218471005297, 40.00169258998198], [-100.27582025212027, 40.001692560532014], [-100.27757067495475, 40.00169258610278], [-100.2806227630502, 40.00169257207164], [-100.28161019037181, 40.00169256201917], [-100.28304641328151, 40.00169259111675], [-100.28475203818324, 40.00169255281019], [-100.28484174574275, 40.0016925964039], [-100.28771431836626, 40.0016925404969], [-100.28798362142678, 40.00173743710802], [-100.28820798419477, 40.001737453488886], [-100.29000333460304, 40.0017374505556], [-100.29013798947528, 40.0017374236532], [-100.29126009275168, 40.00169258664023], [-100.29494049843835, 40.00173743198906], [-100.29920441765066, 40.001737459698596], [-100.30019187870852, 40.00178237853134], [-100.30203207489495, 40.00178235100893], [-100.30517386869084, 40.001737441947405], [-100.30674480687539, 40.00173749919918], [-100.30687948690945, 40.001782314750166], [-100.30705903206282, 40.00182721929744], [-100.30710389700229, 40.00187209606806], [-100.30714876196421, 40.001916972776925], [-100.30719362694857, 40.001916984457345], [-100.30723849195539, 40.001872131121615], [-100.30732830765669, 40.001827204213896], [-100.30746290294657, 40.001737431371254], [-100.30777713065008, 40.00173749649582], [-100.30867478337507, 40.001737457777644], [-100.3088543321225, 40.001737494019835], [-100.3089890153244, 40.001737441584474], [-100.31159221677176, 40.00173748905289], [-100.31248990767314, 40.001737493371564], [-100.31540729386826, 40.0017374280262], [-100.31612545927587, 40.00173745259429], [-100.31621519824502, 40.0017374678643], [-100.31634980686697, 40.00173749061741], [-100.31706797981536, 40.00173743089033], [-100.31769633233942, 40.00173743728477], [-100.3192223618688, 40.00173746838884], [-100.31989560080581, 40.001737467128194], [-100.32160115632739, 40.00169254406082], [-100.32258860702689, 40.00173749397175], [-100.32792972939255, 40.00178236767824], [-100.32833369417695, 40.00178238007246], [-100.32873766077712, 40.00178231334105], [-100.32887228816703, 40.00178231912221], [-100.33183456997902, 40.00178236173068], [-100.33385432850537, 40.001782343306694], [-100.33717564224305, 40.001782316117676], [-100.33816309275076, 40.00178234024581], [-100.33910567314844, 40.00178235729717], [-100.34323489977652, 40.00182726238875], [-100.34431209814456, 40.00178236212619], [-100.34458139975071, 40.0017823313093], [-100.34476093460238, 40.00178231035929], [-100.34507512145434, 40.00178235039759], [-100.34615234184251, 40.00178236944317], [-100.34633187982693, 40.00178234565521], [-100.34817207914826, 40.00178232327226], [-100.35086507557921, 40.001827219027675], [-100.35301949642763, 40.00182721260717], [-100.35943783427795, 40.00182718828445], [-100.36347726439041, 40.00182719596397], [-100.36554194139141, 40.00182720104078], [-100.36751678974106, 40.00182720209573], [-100.36976097248039, 40.00182722748593], [-100.37285792148526, 40.00182720512416], [-100.37496736915699, 40.00182725966976], [-100.37505716679632, 40.00182722177342], [-100.37528157560028, 40.0018272118788], [-100.37537137355204, 40.001827251174866], [-100.37586509251176, 40.001827210135964], [-100.3759548053581, 40.001827256630044], [-100.37819902648363, 40.00178232577949], [-100.37994947369366, 40.00178235195733], [-100.38178967346003, 40.00182724676404], [-100.38479688474997, 40.001827237033766], [-100.38497641396432, 40.00182722859956], [-100.38569453438734, 40.001827191618396], [-100.3860086924425, 40.001827195109], [-100.38623312844832, 40.00173744478273], [-100.38641266051505, 40.001782369107474], [-100.38663709752377, 40.00178233358242], [-100.38704098270809, 40.001782370610904], [-100.38789383509287, 40.0018272571924], [-100.38937494823595, 40.001827195642], [-100.39004819729297, 40.00182723009214], [-100.39022773693458, 40.0018721470711], [-100.39117026162522, 40.001872111466824], [-100.39314515608223, 40.00187211412318], [-100.39503027607935, 40.00178234207402], [-100.39574839063113, 40.00178231769279], [-100.39642160141621, 40.001827251116666], [-100.39682553029111, 40.00182724832408], [-100.39776812371646, 40.00187208441239], [-100.39911458034148, 40.001916984391585], [-100.40243598278202, 40.00182720755619], [-100.40369268266075, 40.001782317971774], [-100.41244498113646, 40.001782311185245], [-100.42003025288184, 40.00173746667027], [-100.42097274480922, 40.001737489419114], [-100.43044312876988, 40.001737490801226], [-100.43757957639015, 40.00178232130273], [-100.43906072980548, 40.00178236345218], [-100.43910566038933, 40.00178231553967], [-100.43968907403281, 40.00169258941795], [-100.4398237810367, 40.00178231338737], [-100.43995840249397, 40.00178233904494], [-100.44000333352155, 40.00178236819247], [-100.44004817882504, 40.00178232763329], [-100.44009302415064, 40.001782364519975], [-100.44018280061465, 40.0018272058454], [-100.44036235380865, 40.00187211279351], [-100.44049697606351, 40.00191699045906], [-100.44063168426462, 40.001917007386254], [-100.4412151077021, 40.00191697804529], [-100.44188839877995, 40.00187207176023], [-100.44229235867026, 40.001872131931044], [-100.44260654140923, 40.001872126815215], [-100.44390813042837, 40.001872131565484], [-100.44471606994891, 40.00187207889819], [-100.44503026106187, 40.00182721373561], [-100.44534436750895, 40.001827207769686], [-100.44552393089558, 40.00187210490632], [-100.44624210223489, 40.001872133665934], [-100.44682556166833, 40.00187207141261], [-100.44704997673561, 40.00187214725748], [-100.44713976006814, 40.00182719976982], [-100.44718460889112, 40.001827233448815], [-100.44718460889112, 40.00178238123709], [-100.4486657472607, 40.00178237313932], [-100.45059575681569, 40.00178232426773], [-100.45755265492193, 40.001737435526344], [-100.46347725590168, 40.00173749717403], [-100.46836952959477, 40.00173743918814], [-100.46836952959477, 40.001782366934435], [-100.46845933394864, 40.00182725753421], [-100.46854905261785, 40.001872078345194], [-100.46872857599443, 40.001917016574765], [-100.46895304504244, 40.001916965419056], [-100.47003019537722, 40.00187209227367], [-100.47137669407756, 40.001917028628796], [-100.47281302130098, 40.00187212838628], [-100.47442881996334, 40.001827215726955], [-100.47582016074382, 40.00187212071056], [-100.47640363808141, 40.001872132606884], [-100.47680757951777, 40.00187214539297], [-100.47752574016735, 40.001827199336915], [-100.47757060395021, 40.001916995442265], [-100.47766041736382, 40.0019618767393], [-100.47788482261168, 40.001961890637276], [-100.47837849894292, 40.00196185902165], [-100.47878244912131, 40.001961863696145], [-100.47963521963975, 40.001961887115506], [-100.48008404039885, 40.001961905474865], [-100.48030845160599, 40.00196191389351], [-100.480847092225, 40.00196188086395], [-100.48129591894289, 40.001961893743555], [-100.48161006464426, 40.00196185820217], [-100.48201402912431, 40.00196184972524], [-100.48250781357531, 40.00196186721609], [-100.48277709708279, 40.00196188773671], [-100.48349521891464, 40.001961910461446], [-100.48421334639443, 40.00191700184899], [-100.48520077017693, 40.00191702821912], [-100.48600864690665, 40.00191698828694], [-100.48641263084632, 40.00191696194551], [-100.48713078126733, 40.00191695843315], [-100.48717564977038, 40.00191697403074], [-100.48726538684258, 40.00187207927382], [-100.48753468437913, 40.00178231256252], [-100.49556884952811, 40.001692597747954], [-100.50041616640718, 40.00182720413714], [-100.5030643453827, 40.00182722402621], [-100.50539828665094, 40.00182721537809], [-100.50952753494518, 40.0018272248807], [-100.50997633086801, 40.00182720129893], [-100.51011097007385, 40.00182721706507], [-100.5102007296544, 40.001827227474344], [-100.51087401512628, 40.00182721766126], [-100.51105353587141, 40.001827237018176], [-100.51118817666126, 40.00182725132272], [-100.5128488484945, 40.001872096063025], [-100.51383632405602, 40.00187209346799], [-100.51419537751217, 40.00187212110499], [-100.51433002292107, 40.0018721311339], [-100.51441978663698, 40.001872137718344], [-100.51576625293103, 40.00187214928666], [-100.51899785277614, 40.001872133485925], [-100.51967111708889, 40.00182722631144], [-100.52020973210021, 40.00182723565905], [-100.52043415595578, 40.00182723869097], [-100.5205688105329, 40.0018720856373], [-100.5207932352677, 40.00191701060585], [-100.52110743081957, 40.00200678072991], [-100.52155619765333, 40.00209655761764], [-100.52191528136076, 40.00205163462006], [-100.52236413797309, 40.00200678718153], [-100.5226334529954, 40.00191701716782], [-100.52281299678313, 40.00191701521491], [-100.52299245509826, 40.00187209822264], [-100.52371063517116, 40.00187208593018], [-100.52721150026731, 40.00187213788096], [-100.52730127659922, 40.00187213281136], [-100.52743594126183, 40.00191696975266], [-100.52757060612217, 40.001916961800646], [-100.52766038280555, 40.00191695639775], [-100.5277052711802, 40.00191695366584], [-100.52788473906963, 40.001917027841266], [-100.52792962755409, 40.00191702500785], [-100.52801940458886, 40.00191701928011], [-100.52833362490259, 40.00191699859326], [-100.52878242710251, 40.00191697516944], [-100.52927612064154, 40.00191702372463], [-100.53201405658726, 40.00191696165535], [-100.53291169918941, 40.00191695693177], [-100.53331563264152, 40.001916995540505], [-100.53367476238854, 40.00191695264747], [-100.53573935652241, 40.00191702989304], [-100.53663703555765, 40.00191699146362], [-100.53753472337026, 40.00191702236224], [-100.53775910377576, 40.0019169940239], [-100.53793859132732, 40.001961893696574], [-100.53811816506813, 40.001961864028694], [-100.53838744049916, 40.001961904230775], [-100.5387913980458, 40.00191699945016], [-100.5405418440546, 40.00191703056173], [-100.54188835048, 40.00191702872919], [-100.5428308995535, 40.00191701040066], [-100.54350416707587, 40.00191695750962], [-100.54431204310889, 40.00187211156471], [-100.54556881050944, 40.00191700082317], [-100.54606250847135, 40.00191697370713], [-100.54682550925178, 40.00191696145644], [-100.54857593664174, 40.001917021442466], [-100.54969806483807, 40.00191697428044], [-100.55001227348953, 40.00191697024743], [-100.55176267570984, 40.00191698187454], [-100.55310917483891, 40.00191699837649], [-100.55346821026197, 40.00191697702459], [-100.56064955645333, 40.00187210097176], [-100.56172675520709, 40.00191702507537], [-100.56248980008367, 40.001916977658894], [-100.56275906104355, 40.00191695960411], [-100.56284887211285, 40.00191699979829], [-100.56410554938164, 40.00187207876582], [-100.56612531881134, 40.00191698131766], [-100.56706785869346, 40.00191698866602], [-100.56801040822184, 40.00191698705742], [-100.56863877993273, 40.00191703263904], [-100.57029946043099, 40.00191701562231], [-100.5706136535579, 40.0018721135466], [-100.57119713338795, 40.00191700573869], [-100.57303733018153, 40.00191702368537], [-100.57389011886052, 40.00191701267644], [-100.57438388290511, 40.00191700736423], [-100.5752366840438, 40.00191698477687], [-100.575775281276, 40.00191695616702], [-100.57590993107577, 40.00191696791858], [-100.57640362006626, 40.001916960445975], [-100.57680757280899, 40.00191699259289], [-100.57721152732175, 40.001917023094414], [-100.57792961579766, 40.001961892656475], [-100.57909658590665, 40.0019169966891], [-100.57972494733228, 40.00196189715047], [-100.58259749895983, 40.00191698647631], [-100.58349520579242, 40.001961867489484], [-100.58443775154522, 40.00196188035008], [-100.58502123298521, 40.00196185838415], [-100.58582912984876, 40.00196185865293], [-100.58663703378569, 40.00196185233994], [-100.58704094546452, 40.00196185066749], [-100.58757952574773, 40.001961843243436], [-100.58852211321998, 40.001961894725646], [-100.5887913643475, 40.001961891310025], [-100.58897095142135, 40.00205161008087], [-100.58906070214634, 40.00196187925715], [-100.58915045295859, 40.00196190352637], [-100.58973396419513, 40.00191701498675], [-100.59000321885748, 40.00191700830599], [-100.59040723115423, 40.001872068796416], [-100.59126000866249, 40.00187207918947], [-100.5922025478269, 40.001872103772314], [-100.59256156381699, 40.00182719552478], [-100.5929655873086, 40.00187207797421], [-100.5931450966125, 40.00178236473847], [-100.5945364343852, 40.00178231464893], [-100.59489554533995, 40.00178230619536], [-100.59543408555226, 40.00182725751585], [-100.59709481903937, 40.001916972669676], [-100.59933898251607, 40.00191697039496], [-100.5995185042056, 40.00191700026136], [-100.59987754863094, 40.001916981578724], [-100.60077525169422, 40.00191695998821], [-100.60086501389046, 40.00191697366181], [-100.60117922521245, 40.001961893412734], [-100.60144851323977, 40.00196185562727], [-100.60158311459888, 40.001961840418716], [-100.60176264064776, 40.001961866205036], [-100.60185240380298, 40.00191696382793], [-100.6019870916482, 40.00191701760647], [-100.60252567319488, 40.001917014406594], [-100.60490448884526, 40.0019170323057], [-100.60566754732503, 40.00191699404561], [-100.6068793655088, 40.0019169997895], [-100.6080463579072, 40.001917021925074], [-100.60849520505829, 40.00196189365056], [-100.6086746586245, 40.00187208579629], [-100.60871958649857, 40.00187212382955], [-100.60889912640445, 40.00191697380781], [-100.60898889648807, 40.00191698012635], [-100.60916843691669, 40.00191699251958], [-100.61064952989045, 40.00196189240834], [-100.61082907354215, 40.00200673861018], [-100.61132277742767, 40.00196189110942], [-100.61172679702719, 40.00196186630764], [-100.6121307324836, 40.001961847785324], [-100.61284883477042, 40.00196188050792], [-100.61352209831058, 40.00196186427444], [-100.61446460676824, 40.00196185569649], [-100.61509303698263, 40.00196186288434], [-100.61661907058699, 40.001961879615585], [-100.6172024975019, 40.002006760588955], [-100.61810019689827, 40.00200675269145], [-100.61908759896518, 40.00200674175426], [-100.62011994497038, 40.002006753835914], [-100.62092780498516, 40.00200673204471], [-100.62209480270678, 40.0020067593303], [-100.62258848076199, 40.00200677788342], [-100.62303731251997, 40.00200675453266], [-100.62330666416928, 40.00200673478567], [-100.62371056423457, 40.00200675441462], [-100.6243389712835, 40.002006788304115], [-100.6252366539364, 40.00200672371994], [-100.62608940896047, 40.00200677575234], [-100.62649332115717, 40.002006784043346], [-100.6265382576793, 40.00200673655105], [-100.62671774622306, 40.00200672506443], [-100.62676268285402, 40.00196184213471], [-100.6268524702603, 40.00205165776088], [-100.62707681027477, 40.00209651856159], [-100.62712174707984, 40.00209654823207], [-100.62725638578303, 40.00209649812744], [-100.62788473095827, 40.00209651736023], [-100.62842337730098, 40.002096536066475], [-100.62941080348234, 40.00209650749401], [-100.62976987796758, 40.00209654322051], [-100.63048794518642, 40.00209654127768], [-100.63156518533158, 40.0020965554145], [-100.63232820578516, 40.00209649034193], [-100.63421327129593, 40.00209652502129], [-100.63524561395617, 40.00205163823523], [-100.63547006021041, 40.00205163685495], [-100.63560471103783, 40.00205165285886], [-100.6359637235803, 40.00205167412763], [-100.63605351989781, 40.00205165591002], [-100.63614323037264, 40.00200673370308], [-100.63623302686392, 40.00200679276557], [-100.63636767879893, 40.001961895879326], [-100.6365023309294, 40.002006745108744], [-100.63663698325533, 40.00205167153072], [-100.63677163577671, 40.00200677415447], [-100.6378937190788, 40.00205167258419], [-100.63820788421188, 40.00205165298645], [-100.63915047192643, 40.00200674613321], [-100.63924018539605, 40.002051644548345], [-100.63991346884858, 40.00200678563172], [-100.640317441265, 40.002006737590264], [-100.64072132950615, 40.00196186183019], [-100.64152928313102, 40.00196191245908], [-100.642022978741, 40.001961842213085], [-100.6422473554554, 40.00196191091317], [-100.64251667697705, 40.002006758228084], [-100.64278599928019, 40.002006770932525], [-100.64301037783909, 40.00200676045087], [-100.64323484287654, 40.00200674150902], [-100.6434143637355, 40.00200677722086], [-100.64390806937197, 40.002006774972294], [-100.64404273244433, 40.002006779525615], [-100.64435691839375, 40.00200674046768], [-100.64444663689615, 40.00200680004115], [-100.64480576958566, 40.001961870292774], [-100.64534434231749, 40.00196189053459], [-100.64561367282415, 40.00191698455318], [-100.64592786408978, 40.001872106976215], [-100.65687933130859, 40.00205166571338], [-100.66024557725058, 40.00214141471128], [-100.66365672763645, 40.00205167258206], [-100.66455436077095, 40.001961860386814], [-100.66473392281961, 40.00200676668212], [-100.6648686160726, 40.002006742935784], [-100.66495835437875, 40.00200678393671], [-100.66509296200027, 40.00200676785617], [-100.66621504358284, 40.00200677552288], [-100.66863873096595, 40.002006750727745], [-100.67335150338334, 40.00205162993059], [-100.6749224232239, 40.002051627198874], [-100.67757054136047, 40.002096541996615], [-100.6790965703898, 40.00209654357936], [-100.68021864880475, 40.00209656327461], [-100.68125098663559, 40.00209654411741], [-100.6826872344884, 40.00209654958437], [-100.68336048866149, 40.002096493670095], [-100.68349512288496, 40.00214143730522], [-100.68354000100267, 40.002096542057934], [-100.69166389797282, 40.002096554493896], [-100.69915941339544, 40.00209651641498], [-100.70270518854134, 40.002141388788836], [-100.70638559356055, 40.00214140447497], [-100.72043410449085, 40.002141437510275], [-100.72106247663147, 40.00209655991642], [-100.72110737280411, 40.002096554960936], [-100.72487752403308, 40.00205166203458], [-100.72555073829696, 40.0020516611775], [-100.72968001209016, 40.0020516116802], [-100.73003912911908, 40.002051625696005], [-100.73017374459968, 40.002096509518175], [-100.73030844629022, 40.00209655961941], [-100.7303981615083, 40.002141374776535], [-100.73044306215785, 40.00214144300374], [-100.73327072821678, 40.00227602194119], [-100.73331563024308, 40.00223118636736], [-100.73349515254408, 40.00214142456534], [-100.73367467518904, 40.00209648753925], [-100.73457229357274, 40.002096542623974], [-100.73861181172444, 40.002096561648465], [-100.73883624884104, 40.00209650492376], [-100.74018271077199, 40.002141381565636], [-100.74112529724385, 40.00214144095962], [-100.74220243992059, 40.00214138653042], [-100.74911447861712, 40.0021414285051], [-100.74960822744102, 40.00214141189287], [-100.75113422798343, 40.0020965213266], [-100.75171772304824, 40.002096542504304], [-100.75216657449181, 40.0020965320163], [-100.75279490128821, 40.00214143656526], [-100.75678951645976, 40.002231147918174], [-100.7577770113835, 40.002276021122924], [-100.75880925883116, 40.00232095570231], [-100.76118810881412, 40.00232091617787], [-100.76141251387416, 40.0023209710562], [-100.76513781939913, 40.00232093104315], [-100.76904269073648, 40.00227607891494], [-100.76917736216821, 40.00227608413955], [-100.77550584606875, 40.00227608920813], [-100.78156511845135, 40.00227604738522], [-100.78165488264335, 40.00227606802557], [-100.78910552270807, 40.00227603470906], [-100.78919529408475, 40.00227604851163], [-100.79655614927238, 40.00223114257137], [-100.79897985365885, 40.002231181970075], [-100.80140353422873, 40.00223117010797], [-100.80346813634358, 40.00223117365601], [-100.8054879331871, 40.00223116931003], [-100.80566742112438, 40.00223117522365], [-100.81379130759962, 40.00223121319071], [-100.8164843296286, 40.00223115614301], [-100.81922219922018, 40.002231147351154], [-100.82335145255493, 40.0022312148861], [-100.8274807139491, 40.00223120374195], [-100.82855789728588, 40.00223114980671], [-100.82963509288315, 40.00223116154859], [-100.8298146266746, 40.00223120106667], [-100.82999416080659, 40.00223116285682], [-100.83407858971168, 40.00218628630898], [-100.8343478601106, 40.0021862987532], [-100.83452740283914, 40.002186329737704], [-100.84417731331463, 40.00218627605322], [-100.84924908360716, 40.00218632323494], [-100.84947352582944, 40.00218627209582], [-100.85046095734016, 40.00218626913277], [-100.85934787270756, 40.002186304041345], [-100.86877332173702, 40.00214143830727], [-100.86913245171466, 40.00214138316503], [-100.8698954243671, 40.00214137571257], [-100.87106242170852, 40.002141390312765], [-100.87213958321985, 40.00214137527698], [-100.87550587774423, 40.00214143802702], [-100.87774999670576, 40.002141404004355], [-100.87792953540185, 40.00214144177182], [-100.88286672383931, 40.00214137101371], [-100.8860983013245, 40.0021414020552], [-100.88627785576962, 40.00214142466844], [-100.89386313405056, 40.00214142264053], [-100.89444656247287, 40.002141388067145], [-100.89965302870038, 40.00218631815788], [-100.90490441811909, 40.00218626350397], [-100.91711264550709, 40.00218626059726], [-100.91729217216447, 40.00218631244926], [-100.92231914171934, 40.002186308186204], [-100.9281539469058, 40.00214138721192], [-100.92891696101951, 40.002141429611704], [-100.93304623833372, 40.002141391644635], [-100.9373549995563, 40.00214137602926], [-100.93753456421807, 40.00214139113958], [-100.93757947698738, 40.00218625640635], [-100.93771412921663, 40.00218628884772], [-100.93820782694237, 40.00223116283382], [-100.93982359058974, 40.0022311508834], [-100.94242681791029, 40.00223120981279], [-100.94471587500388, 40.002231176024054], [-100.94538910200009, 40.00223114117214], [-100.94700490057562, 40.002231174826946], [-100.94713956605565, 40.00218631243993], [-100.9472293144096, 40.0021862765551], [-100.947363980205, 40.00218629585206], [-100.94803722580598, 40.00218632041452], [-100.9493837311955, 40.00218627840185], [-100.95055066610324, 40.00223118595308], [-100.95068533656503, 40.00223120071233], [-100.95221138510442, 40.00223119651189], [-100.95611619693672, 40.00223117148922], [-100.95746272955542, 40.00223118227969], [-100.95822571848717, 40.0022311777206], [-100.95849508115488, 40.002231186142446], [-100.96105337440258, 40.00227609853756], [-100.96226520317008, 40.00223117090399], [-100.96266917823503, 40.002276055409695], [-100.96464406736038, 40.00227608902452], [-100.96603547327194, 40.00227604673138], [-100.9694017138558, 40.002276094622395], [-100.97061356175126, 40.002276030718825], [-100.97312698974008, 40.002276039289], [-100.97900671558597, 40.002276047146395], [-100.97981463573036, 40.00227608792691], [-100.98071225607943, 40.00227606403717], [-100.98080203582387, 40.0022760750272], [-100.98093666247573, 40.0022760567909], [-100.98116106939564, 40.0022760490351], [-100.98210363592368, 40.002276052377916], [-100.98223835064246, 40.002276024127355], [-100.98394386219492, 40.002276070866735], [-100.98484152107716, 40.00227608684889], [-100.985649403982, 40.00227608817266], [-100.99399772315434, 40.00227606965237], [-100.9943119528774, 40.00227603095231], [-100.99592771190684, 40.00227604339954], [-100.99772300274999, 40.00227602899536], [-100.99983257477543, 40.00227608046656], [-101.0000569394829, 40.00227603805513], [-101.00010188149594, 40.00227606933073], [-101.00028139097394, 40.00227606425133], [-101.00126882847265, 40.00227609547276], [-101.00382713829327, 40.002276055440156], [-101.00566734836264, 40.002276097522206], [-101.00795644547816, 40.00227605425431], [-101.01343221031061, 40.00227607867907], [-101.01441960990951, 40.00227607237841], [-101.01872839658829, 40.002320978683905], [-101.02195998335658, 40.002276074382266], [-101.0232167551232, 40.00227607172343], [-101.02415930153597, 40.002276024691184], [-101.02662787796, 40.00227609126071], [-101.02761532618567, 40.0022760387214], [-101.02783975548803, 40.002276087953426], [-101.02788462415386, 40.00227603749945], [-101.02792949284051, 40.00227606439416], [-101.02923112524869, 40.00227602037823], [-101.03053268889424, 40.002276044863564], [-101.03497620593173, 40.00227604413281], [-101.03937470789374, 40.00227608710503], [-101.04372844743786, 40.002276077544145], [-101.0480821238485, 40.0022760557047], [-101.04830651432161, 40.00227606672876], [-101.04857578357543, 40.002276094757846], [-101.04871041848301, 40.00227606981432], [-101.06038009193212, 40.002365808446484], [-101.0648684831245, 40.00236584482349], [-101.06724728774361, 40.002365826109035], [-101.07007494550898, 40.00236583668094], [-101.07204978833788, 40.00236579497437], [-101.07384511130542, 40.00236584461632], [-101.07546090444926, 40.00236584067505], [-101.07810897446481, 40.00241072603691], [-101.07918621418008, 40.00236581077269], [-101.08035316540165, 40.002410713491734], [-101.08407848997608, 40.00241074738911], [-101.0864573333094, 40.00245556230906], [-101.08802818056321, 40.002410741137716], [-101.09238185834715, 40.00245560327693], [-101.09283075826245, 40.002455586337554], [-101.09310006466782, 40.002455578528775], [-101.09601741139753, 40.00245561963273], [-101.09803716418772, 40.002455567839355], [-101.10952735021016, 40.002455590171074], [-101.1121305758774, 40.00241069496457], [-101.11235494153314, 40.00245559741724], [-101.11634956565102, 40.002455560350676], [-101.12182531808995, 40.00245557828712], [-101.12415930614841, 40.00245556650279], [-101.12424904613609, 40.002455618418935], [-101.12541601896986, 40.002455556276274], [-101.12810898010474, 40.0024555847177], [-101.13053269131578, 40.00250050582874], [-101.13062243715807, 40.00250047458937], [-101.13093667782123, 40.00250050675889], [-101.13102642403449, 40.00250047515222], [-101.1358289599639, 40.002455562056475], [-101.14399764801172, 40.002545362248036], [-101.14417725088173, 40.00254534415276], [-101.15216641314072, 40.002545359833654], [-101.1603800980873, 40.00254533377007], [-101.16450931886473, 40.00254538970318], [-101.1686834742396, 40.00254532984359], [-101.17285763434826, 40.002500482621535], [-101.17680737155543, 40.002455578318056], [-101.1769868617023, 40.00245559469605], [-101.17703179910384, 40.002455553761706], [-101.1781987096352, 40.00245563070542], [-101.17878221330909, 40.00245562112535], [-101.17887200335569, 40.002455623354], [-101.18690608165407, 40.00250047398585], [-101.18955423395447, 40.002500491407645], [-101.19242674739563, 40.00250047232907], [-101.1926062660648, 40.00250046027098], [-101.19458116591063, 40.0025004439072], [-101.19610716166586, 40.00254538280312], [-101.19978762713015, 40.00250044975904], [-101.20283963083146, 40.002545379073894], [-101.20526337362784, 40.00250046716308], [-101.2057570502952, 40.0025004913076], [-101.20607127233049, 40.002500464098944], [-101.20611613657628, 40.00250049568479], [-101.2069240422714, 40.00250048563629], [-101.20818077841993, 40.00250045013425], [-101.21006591269179, 40.00250048286639], [-101.21024537707187, 40.00250044714301], [-101.21136746909126, 40.00250044496901], [-101.21397071989092, 40.00250046388542], [-101.21504789952459, 40.00254533304313], [-101.21693299219298, 40.00254532856115], [-101.21850394467855, 40.00254534745479], [-101.22191506653162, 40.00254538795568], [-101.22460808159322, 40.002545354585926], [-101.22573016406433, 40.00254536046362], [-101.22622385672386, 40.002545367896374], [-101.2275703273761, 40.002545387362645], [-101.2290964015199, 40.00254538728549], [-101.229904322499, 40.00254536048278], [-101.22999407269023, 40.00254532460387], [-101.23035316073548, 40.00254532648648], [-101.23205869545879, 40.00254537103738], [-101.2321484476072, 40.00254533319806], [-101.23910535178244, 40.002545354251644], [-101.24354884356474, 40.00254539049321], [-101.24718437966776, 40.00254533263918], [-101.2488001779275, 40.00254539655168], [-101.24987739142107, 40.00254537289638], [-101.25117895354833, 40.00254532419538], [-101.25328847183935, 40.002545366182254], [-101.25400664542053, 40.002545370584436], [-101.25405153144227, 40.002545380352174], [-101.25441053386258, 40.00254538890266], [-101.25503894258061, 40.00259021797898], [-101.2558468160176, 40.00259023594777], [-101.25634057254834, 40.00259025567473], [-101.25773190848821, 40.00254537237763], [-101.2580910107356, 40.00254535905021], [-101.26244471007327, 40.00259023661044], [-101.26262418307952, 40.002590268655844], [-101.26293841298572, 40.00259023177743], [-101.26477857645689, 40.00259025053636], [-101.26608024784676, 40.00254539514109], [-101.26711258427154, 40.00254535051271], [-101.26765111610906, 40.00254533441628], [-101.26895273870167, 40.002590227394066], [-101.26989531856826, 40.002545374935416], [-101.27011969835665, 40.00254539588708], [-101.27204969688816, 40.00254536977345], [-101.27451830206742, 40.002545329595804], [-101.27483248314886, 40.0025453406576], [-101.27510176965244, 40.00254535055537], [-101.27640340347169, 40.00259023023659], [-101.2775703642295, 40.002545319772814], [-101.2786924415063, 40.00259024996984], [-101.27999403588812, 40.002545392387646], [-101.28309099248774, 40.00254538122675], [-101.2862328596952, 40.002545353710175], [-101.28641237571806, 40.002545342462305], [-101.28659189206513, 40.00254533088754], [-101.28722024509051, 40.0025453608747], [-101.28982350130201, 40.002545350421315], [-101.29130459330855, 40.00254534642387], [-101.2926511698453, 40.00259025169801], [-101.29399759157307, 40.0025453829403], [-101.29417720813576, 40.00259027387823], [-101.29942854030342, 40.002590242999865], [-101.30485935274292, 40.002635154556756], [-101.30894373271731, 40.0026350950455], [-101.31275889093594, 40.002680037596384], [-101.31302810705888, 40.00268003815452], [-101.31594557032432, 40.00267999773242], [-101.31881811711244, 40.00267997655742], [-101.32366545154066, 40.00268001494364], [-101.32550570017318, 40.00268000692462], [-101.32941055305474, 40.00268003123298], [-101.33237281086046, 40.002680003542075], [-101.33533515651592, 40.00268004143081], [-101.33560443354668, 40.00267998030753], [-101.33587371130311, 40.00267999576438], [-101.3369060792613, 40.00267998383662], [-101.33780368629567, 40.00268004641211], [-101.3378934474425, 40.002679998099005], [-101.33941948583126, 40.00268000618958], [-101.33955417303817, 40.00268000452316], [-101.3416636615166, 40.00268004284618], [-101.34301022573082, 40.00263510155911], [-101.34314483121167, 40.00263510354846], [-101.34341412928022, 40.00263509842463], [-101.34516454111798, 40.00263512876943], [-101.34646622473248, 40.002635091998776], [-101.35907837871343, 40.00263509247682], [-101.36163675727093, 40.00263510272463], [-101.3687732037419, 40.00263515213442], [-101.36971577491364, 40.002635139131286], [-101.37169064869124, 40.00263509285624], [-101.37442850385874, 40.00263511917895], [-101.37474265325028, 40.00263515506668], [-101.37564033969069, 40.00263513061099], [-101.37869237777483, 40.00263515633175], [-101.38228305319366, 40.002635123113315], [-101.38255236985032, 40.002635096877896], [-101.38618786898712, 40.00263513016874], [-101.38950930310055, 40.00263511878889], [-101.38955416352047, 40.002635152691155], [-101.39027227937683, 40.002635116837176], [-101.39215740120943, 40.00263509980906], [-101.39278572527108, 40.002635143381184], [-101.39637638463941, 40.002635111756845], [-101.39844107831385, 40.00259026042993], [-101.39938358145359, 40.00263514409868], [-101.40046077582848, 40.002590268609765], [-101.40333332165673, 40.002635102087034], [-101.40571214440317, 40.002635136718304], [-101.40750747214314, 40.00259028030672], [-101.40871936028056, 40.002590228442834], [-101.4092130068368, 40.002590263499236], [-101.40997604590304, 40.002545359010895], [-101.41100839697866, 40.002500507971334], [-101.41136744419771, 40.00250045984363], [-101.41289347411957, 40.00241069821301], [-101.41298321582781, 40.00236583173701], [-101.41590064447882, 40.00241074315701], [-101.4164392852445, 40.00250050336403], [-101.4168432243941, 40.0025453694219], [-101.41729203794436, 40.00259025497582], [-101.41783059951645, 40.00259026807786], [-101.41827941746195, 40.00259023665936], [-101.42083783051453, 40.002590246943214], [-101.42164574567128, 40.002635105393445], [-101.42272291819168, 40.00263515821793], [-101.42433869853738, 40.00259026502986], [-101.4264033588497, 40.002590266021194], [-101.42936562066127, 40.00263514487654], [-101.43012863894482, 40.0026350918516], [-101.43205860623804, 40.00263509959606], [-101.43398861041578, 40.00259023610755], [-101.4341232511568, 40.00259027695789], [-101.43582880271943, 40.00259022873518], [-101.4396888187149, 40.00263514258281], [-101.44687014032947, 40.00263511905792], [-101.44893474119353, 40.0026351629221], [-101.45167261630678, 40.00263510354289], [-101.4521214979777, 40.00263515832129], [-101.45481448317184, 40.00259026082541], [-101.45517351283613, 40.00259022473826], [-101.46634947830123, 40.00259025852015], [-101.47034404724592, 40.002680005309735], [-101.47079292497922, 40.00263515391518], [-101.47097242462502, 40.002635149852175], [-101.47160080589742, 40.0026351200621], [-101.47330638230325, 40.002635101222985], [-101.47402448725948, 40.00263513330022], [-101.47649312557554, 40.00263515841585], [-101.4811609151858, 40.0026350964775], [-101.48376417375854, 40.00263509610157], [-101.48421302416634, 40.002635099139674], [-101.48484140073262, 40.002635148062396], [-101.48753438811566, 40.00263512345446], [-101.48762410935794, 40.002635110533795], [-101.49193290272649, 40.002635113329646], [-101.49350384073838, 40.00263511789482], [-101.4968252482241, 40.00263508654125], [-101.4991142840519, 40.002680023943874], [-101.50001194902073, 40.00267998250592], [-101.50243561463402, 40.00263515710247], [-101.50414118849196, 40.00263511966093], [-101.50427583571363, 40.00263515047887], [-101.50459004215742, 40.00263511572554], [-101.50544284356349, 40.002635120671876], [-101.50616091551701, 40.002635098864076], [-101.50687907923853, 40.00268004365725], [-101.50853972760571, 40.00263513229978], [-101.5116816204159, 40.002635101954056], [-101.51239973635737, 40.002635111901384], [-101.51643921114984, 40.00259020870866], [-101.51809992863164, 40.00263510481087], [-101.51881800308414, 40.00263515389797], [-101.51989525431725, 40.00267999063836], [-101.5217354439199, 40.00263509948434], [-101.52182519531048, 40.002635132659414], [-101.52281263925394, 40.00263508835329], [-101.52357566672478, 40.00263515311088], [-101.5242040261701, 40.00268003278447], [-101.52577494171507, 40.00263513652788], [-101.5277946638662, 40.00268000266976], [-101.52950022850777, 40.002680032665864], [-101.53008370171531, 40.0026351022963], [-101.53129558136703, 40.00267998033609], [-101.53295628051556, 40.002679981159915], [-101.53349484925384, 40.00268004021793], [-101.53910523923297, 40.00267999686838], [-101.5412148200091, 40.00263513030286], [-101.54229196066137, 40.0026799862144], [-101.54669058347764, 40.00267999511413], [-101.54731891165531, 40.00267999760179], [-101.54839611661066, 40.00268004149392], [-101.54893467997256, 40.002680024740634], [-101.54920400608657, 40.00267997225492], [-101.55019145449687, 40.00267998830341], [-101.55674438413187, 40.00272490629044], [-101.55701373079812, 40.002724909670505], [-101.55746255673643, 40.002724922399956], [-101.5623548349853, 40.00272489492027], [-101.56881796937915, 40.002679990805035], [-101.57963487108539, 40.0027249164948], [-101.5978126086519, 40.00272489838282], [-101.6246527826983, 40.002680011939724], [-101.62546075125341, 40.002724877946726], [-101.6257300176417, 40.00272487396115], [-101.62581977326062, 40.002724898223725], [-101.62617888332169, 40.00272490839509], [-101.62662766414931, 40.00272487230921], [-101.62689702038796, 40.00268004270415], [-101.62703165536828, 40.00263510930545], [-101.63906036314104, 40.00281465222028], [-101.65297416862232, 40.002814645982156], [-101.6619059392194, 40.00285954444625], [-101.66307291617348, 40.00285952729088], [-101.67568516382852, 40.002859570237106], [-101.68569405790691, 40.00290446028203], [-101.68636735639738, 40.00290441017418], [-101.69166356745986, 40.00290439584561], [-101.69938349378192, 40.002904445780885], [-101.70108903416275, 40.002904415043346], [-101.70194181483679, 40.002904427196825], [-101.71275875862983, 40.0028595402419], [-101.71361146112591, 40.00285954616528], [-101.714643835595, 40.00285950816339], [-101.74610700851814, 40.00285951994436], [-101.74642117015408, 40.00285956390286], [-101.74848579611727, 40.002859562527966], [-101.75046068630643, 40.00285952137019], [-101.7693565605067, 40.00285953791642], [-101.78075693879498, 40.002904438119295], [-101.78340505741279, 40.002904401801906], [-101.80485926885852, 40.00276973457135], [-101.8076868626536, 40.0028146621348], [-101.8128035586777, 40.00285950617596], [-101.82281253462915, 40.00294928012469], [-101.83214830664032, 40.00294933637512], [-101.83232782539186, 40.00294927473328], [-101.84072101546606, 40.00281468650538], [-101.84090054878332, 40.002814686465136], [-101.84103519897137, 40.002769740464316], [-101.85521826821397, 40.00299420517885], [-101.86172639329541, 40.003039084773306], [-101.8654965351495, 40.00303906802024], [-101.87294716609975, 40.00303904250787], [-101.87546064203367, 40.003173709628626], [-101.8830009918561, 40.003173739664774], [-101.90149293305441, 40.00317375584368], [-101.90292924783849, 40.00308398516962], [-101.90409620803241, 40.0030390664883], [-101.90423085141356, 40.003039065667224], [-101.90476942664071, 40.002994198886995], [-101.90611596366236, 40.002994164222855], [-101.9077766377681, 40.00299415562073], [-101.90952707548719, 40.00299421945927], [-101.91042471799844, 40.002994189636254], [-101.91154684705234, 40.002994153327016], [-101.91302795015442, 40.00299418524006], [-101.91468864494496, 40.00299422306886], [-101.91616979170138, 40.00299420753419], [-101.91634927856059, 40.002994164609305], [-101.91652885276717, 40.00303904992783], [-101.91670834023078, 40.003083943891816], [-101.91679817112136, 40.00312881182898], [-101.91998486646261, 40.00303905140434], [-101.93178915108105, 40.0029941955294], [-101.93277656408819, 40.00299421373969], [-101.93322543868616, 40.00299421378849], [-101.93560426176997, 40.0029941665115], [-101.94206741637126, 40.002994194757385], [-101.94960786527702, 40.00299421905083], [-101.95364730837763, 40.00299418764341], [-101.95898847828077, 40.002994204416176], [-101.97330623033878, 40.00299417569318], [-101.97339593458447, 40.00299422686672], [-101.97366530904667, 40.00299419820596], [-101.9820584083112, 40.002994172755336], [-101.98506561538046, 40.00299422481055], [-101.9898232644215, 40.00299419543009], [-101.99480534202053, 40.0029941777145], [-101.99911409531272, 40.002994229132646], [-102.00467958762928, 40.00299422322644], [-102.00472453994888, 40.00299422534185], [-102.0089883875748, 40.00303911358357], [-102.00912307574217, 40.00303905498017], [-102.00925776407786, 40.00303907338715], [-102.01365631064726, 40.00308394841561], [-102.0137909175228, 40.00308396970724], [-102.01392561169071, 40.00308398168415], [-102.01401534981319, 40.003083995652496], [-102.01410508801034, 40.00308393234418], [-102.02052339235159, 40.0030839799944], [-102.02779452219663, 40.00308395042282], [-102.03569399731802, 40.00308392786334], [-102.03708540134822, 40.003083962181144], [-102.05176215693497, 40.00308395524243], [-102.05176215693497, 40.00061536938362], [-102.05176215693497, 40.00021142902988], [-102.05176215693497, 39.999987033710724], [-102.05176215693497, 39.99868541637923], [-102.05176215693497, 39.99599239532997], [-102.05171727218928, 39.985399947700536], [-102.05171727218928, 39.985355088600535], [-102.05171727218928, 39.985130638181204], [-102.05176215693497, 39.98490625576929], [-102.05176215693497, 39.98486131909761]]]}]}, "id": "0000000000000000002f", "properties": {"ALAND": 211755344060, "AWATER": 1344141205, "DIVISION": "4", "FUNCSTAT": "A", "GEOID": "20", "INTPTLAT": "+38.4985464", "INTPTLON": "-098.3834298", "LSAD": "00", "MTFCC": "G4000", "NAME": "Kansas", "REGION": "2", "STATEFP": "20", "STATENS": "00481813", "STUSPS": "KS"}}]}