{"type": "FeatureCollection", "columns": {"count": "Long<0, 4294967295>", "label": "Integer", "system:index": "String"}, "features": [{"type": "Feature", "geometry": {"geodesic": false, "type": "Polygon", "coordinates": [[[-96.59843272871856, 39.08205239165093], [-96.59825306566174, 39.08205239165093], [-96.59825306566174, 39.08223205470775], [-96.59789373954808, 39.08223205470775], [-96.59789373954808, 39.082591380821405], [-96.59699542426397, 39.082591380821405], [-96.59699542426397, 39.082771043878225], [-96.5964564350935, 39.082771043878225], [-96.5964564350935, 39.082591380821405], [-96.59591744592302, 39.082591380821405], [-96.59591744592302, 39.082771043878225], [-96.59573778286621, 39.082771043878225], [-96.59573778286621, 39.08295070693505], [-96.59537845675256, 39.08295070693505], [-96.59537845675256, 39.08313036999188], [-96.59519879369573, 39.08313036999188], [-96.59519879369573, 39.08384902221917], [-96.5950191306389, 39.08384902221917], [-96.5950191306389, 39.084208348332815], [-96.59519879369573, 39.084208348332815], [-96.59519879369573, 39.08438801138964], [-96.59537845675256, 39.08438801138964], [-96.59537845675256, 39.08456767444647], [-96.59573778286621, 39.08456767444647], [-96.59573778286621, 39.08438801138964], [-96.59591744592302, 39.08438801138964], [-96.59591744592302, 39.084208348332815], [-96.59609710897985, 39.084208348332815], [-96.59609710897985, 39.08384902221917], [-96.59681576120715, 39.08384902221917], [-96.59681576120715, 39.08528632667376], [-96.59465980452526, 39.08528632667376], [-96.59465980452526, 39.08546598973059], [-96.59448014146844, 39.08546598973059], [-96.59448014146844, 39.085645652787406], [-96.59412081535478, 39.085645652787406], [-96.59412081535478, 39.086364305014705], [-96.59430047841161, 39.086364305014705], [-96.59430047841161, 39.08654396807153], [-96.59465980452526, 39.08654396807153], [-96.59465980452526, 39.08672363112835], [-96.5950191306389, 39.08672363112835], [-96.5950191306389, 39.08690329418518], [-96.59537845675256, 39.08690329418518], [-96.59537845675256, 39.087082957242], [-96.59555811980938, 39.087082957242], [-96.59555811980938, 39.086364305014705], [-96.59573778286621, 39.086364305014705], [-96.59573778286621, 39.08600497890106], [-96.59591744592302, 39.08600497890106], [-96.59591744592302, 39.08582531584423], [-96.59627677203667, 39.08582531584423], [-96.59627677203667, 39.085645652787406], [-96.5964564350935, 39.085645652787406], [-96.5964564350935, 39.08546598973059], [-96.59681576120715, 39.08546598973059], [-96.59681576120715, 39.08528632667376], [-96.59717508732079, 39.08528632667376], [-96.59717508732079, 39.08510666361694], [-96.59735475037762, 39.08510666361694], [-96.59735475037762, 39.084927000560114], [-96.59753441343445, 39.084927000560114], [-96.59753441343445, 39.08474733750329], [-96.59771407649127, 39.08474733750329], [-96.59771407649127, 39.08456767444647], [-96.59789373954808, 39.08456767444647], [-96.59789373954808, 39.084208348332815], [-96.59807340260491, 39.084208348332815], [-96.59807340260491, 39.084028685275996], [-96.59825306566174, 39.084028685275996], [-96.59825306566174, 39.08384902221917], [-96.59843272871856, 39.08384902221917], [-96.59843272871856, 39.08366935916234], [-96.59861239177539, 39.08366935916234], [-96.59861239177539, 39.083489696105524], [-96.59879205483222, 39.083489696105524], [-96.59879205483222, 39.08313036999188], [-96.59897171788903, 39.08313036999188], [-96.59897171788903, 39.082771043878225], [-96.59879205483222, 39.082771043878225], [-96.59879205483222, 39.082591380821405], [-96.59861239177539, 39.082591380821405], [-96.59861239177539, 39.08241171776458], [-96.59843272871856, 39.08241171776458], [-96.59843272871856, 39.08205239165093]]]}, "id": "+464211+283407", "properties": {"count": 274, "label": 1}}, {"type": "Feature", "geometry": {"geodesic": false, "type": "Polygon", "coordinates": [[[-96.59412081535478, 39.08582531584423], [-96.59394115229796, 39.08582531584423], [-96.59394115229796, 39.08600497890106], [-96.59376148924115, 39.08600497890106], [-96.59376148924115, 39.086364305014705], [-96.59358182618432, 39.086364305014705], [-96.59358182618432, 39.08672363112835], [-96.5934021631275, 39.08672363112835], [-96.5934021631275, 39.08690329418518], [-96.59304283701384, 39.08690329418518], [-96.59304283701384, 39.087082957242], [-96.5919648586729, 39.087082957242], [-96.5919648586729, 39.08726262029882], [-96.59178519561608, 39.08726262029882], [-96.59178519561608, 39.08744228335565], [-96.59160553255926, 39.08744228335565], [-96.59160553255926, 39.08798127252612], [-96.59178519561608, 39.08798127252612], [-96.59178519561608, 39.08941857698071], [-96.59214452172972, 39.08941857698071], [-96.59214452172972, 39.08959824003753], [-96.5926835109002, 39.08959824003753], [-96.5926835109002, 39.08941857698071], [-96.59286317395703, 39.08941857698071], [-96.59286317395703, 39.089238913923886], [-96.59304283701384, 39.089238913923886], [-96.59304283701384, 39.08887958781024], [-96.59322250007067, 39.08887958781024], [-96.59322250007067, 39.08869992475341], [-96.59394115229796, 39.08869992475341], [-96.59394115229796, 39.08887958781024], [-96.59412081535478, 39.08887958781024], [-96.59412081535478, 39.089238913923886], [-96.59376148924115, 39.089238913923886], [-96.59376148924115, 39.08941857698071], [-96.59358182618432, 39.08941857698071], [-96.59358182618432, 39.08959824003753], [-96.5934021631275, 39.08959824003753], [-96.5934021631275, 39.08977790309436], [-96.59322250007067, 39.08977790309436], [-96.59322250007067, 39.089957566151185], [-96.59070721727514, 39.089957566151185], [-96.59070721727514, 39.090137229208004], [-96.59052755421831, 39.090137229208004], [-96.59052755421831, 39.09031689226483], [-96.59034789116149, 39.09031689226483], [-96.59034789116149, 39.09049655532166], [-96.59016822810466, 39.09049655532166], [-96.59016822810466, 39.090676218378476], [-96.58998856504783, 39.090676218378476], [-96.58998856504783, 39.0908558814353], [-96.58944957587737, 39.0908558814353], [-96.58944957587737, 39.09175419671942], [-96.5896292389342, 39.09175419671942], [-96.5896292389342, 39.09193385977625], [-96.58998856504783, 39.09193385977625], [-96.58998856504783, 39.09211352283307], [-96.59016822810466, 39.09211352283307], [-96.59016822810466, 39.09247284894672], [-96.59034789116149, 39.09247284894672], [-96.59034789116149, 39.09265251200354], [-96.59052755421831, 39.09265251200354], [-96.59052755421831, 39.092832175060366], [-96.59088688033196, 39.092832175060366], [-96.59088688033196, 39.09265251200354], [-96.5912462064456, 39.09265251200354], [-96.5912462064456, 39.09229318588989], [-96.59142586950243, 39.09229318588989], [-96.59142586950243, 39.09193385977625], [-96.59178519561608, 39.09193385977625], [-96.59178519561608, 39.09175419671942], [-96.5919648586729, 39.09175419671942], [-96.5919648586729, 39.091574533662595], [-96.59214452172972, 39.091574533662595], [-96.59214452172972, 39.09121520754895], [-96.5926835109002, 39.09121520754895], [-96.5926835109002, 39.09103554449213], [-96.59322250007067, 39.09103554449213], [-96.59322250007067, 39.09121520754895], [-96.5934021631275, 39.09121520754895], [-96.5934021631275, 39.091574533662595], [-96.59322250007067, 39.091574533662595], [-96.59322250007067, 39.09175419671942], [-96.59286317395703, 39.09175419671942], [-96.59286317395703, 39.09193385977625], [-96.5926835109002, 39.09193385977625], [-96.5926835109002, 39.09229318588989], [-96.59250384784337, 39.09229318588989], [-96.59250384784337, 39.09247284894672], [-96.59214452172972, 39.09247284894672], [-96.59214452172972, 39.09265251200354], [-96.5919648586729, 39.09265251200354], [-96.5919648586729, 39.092832175060366], [-96.59178519561608, 39.092832175060366], [-96.59178519561608, 39.09480846868543], [-96.5919648586729, 39.09480846868543], [-96.5919648586729, 39.094988131742255], [-96.59214452172972, 39.094988131742255], [-96.59214452172972, 39.095167794799075], [-96.5926835109002, 39.095167794799075], [-96.5926835109002, 39.094988131742255], [-96.59286317395703, 39.094988131742255], [-96.59286317395703, 39.0946288056286], [-96.59304283701384, 39.0946288056286], [-96.59304283701384, 39.09444914257178], [-96.59322250007067, 39.09444914257178], [-96.59322250007067, 39.094269479514956], [-96.59358182618432, 39.094269479514956], [-96.59358182618432, 39.09408981645813], [-96.59376148924115, 39.09408981645813], [-96.59376148924115, 39.093730490344484], [-96.59394115229796, 39.093730490344484], [-96.59394115229796, 39.09355082728766], [-96.59430047841161, 39.09355082728766], [-96.59430047841161, 39.09337116423084], [-96.59448014146844, 39.09337116423084], [-96.59448014146844, 39.09301183811719], [-96.59465980452526, 39.09301183811719], [-96.59465980452526, 39.092832175060366], [-96.5950191306389, 39.092832175060366], [-96.5950191306389, 39.09301183811719], [-96.59519879369573, 39.09301183811719], [-96.59519879369573, 39.09337116423084], [-96.5950191306389, 39.09337116423084], [-96.5950191306389, 39.09480846868543], [-96.59483946758209, 39.09480846868543], [-96.59483946758209, 39.094988131742255], [-96.59448014146844, 39.094988131742255], [-96.59448014146844, 39.0953474578559], [-96.59430047841161, 39.0953474578559], [-96.59430047841161, 39.09552712091272], [-96.59412081535478, 39.09552712091272], [-96.59412081535478, 39.09570678396955], [-96.59394115229796, 39.09570678396955], [-96.59394115229796, 39.09588644702637], [-96.59358182618432, 39.09588644702637], [-96.59358182618432, 39.09624577314002], [-96.5934021631275, 39.09624577314002], [-96.5934021631275, 39.09678476231049], [-96.59358182618432, 39.09678476231049], [-96.59358182618432, 39.097323751480964], [-96.59376148924115, 39.097323751480964], [-96.59376148924115, 39.09714408842414], [-96.59394115229796, 39.09714408842414], [-96.59394115229796, 39.09696442536732], [-96.59412081535478, 39.09696442536732], [-96.59412081535478, 39.09678476231049], [-96.59430047841161, 39.09678476231049], [-96.59430047841161, 39.096605099253665], [-96.59465980452526, 39.096605099253665], [-96.59465980452526, 39.096425436196846], [-96.59483946758209, 39.096425436196846], [-96.59483946758209, 39.09624577314002], [-96.5950191306389, 39.09624577314002], [-96.5950191306389, 39.09606611008319], [-96.59519879369573, 39.09606611008319], [-96.59519879369573, 39.09588644702637], [-96.59555811980938, 39.09588644702637], [-96.59555811980938, 39.09570678396955], [-96.59573778286621, 39.09570678396955], [-96.59573778286621, 39.09552712091272], [-96.59591744592302, 39.09552712091272], [-96.59591744592302, 39.0953474578559], [-96.59609710897985, 39.0953474578559], [-96.59609710897985, 39.094988131742255], [-96.59627677203667, 39.094988131742255], [-96.59627677203667, 39.09480846868543], [-96.5964564350935, 39.09480846868543], [-96.5964564350935, 39.0946288056286], [-96.59663609815033, 39.0946288056286], [-96.59663609815033, 39.09444914257178], [-96.59681576120715, 39.09444914257178], [-96.59681576120715, 39.09337116423084], [-96.59699542426397, 39.09337116423084], [-96.59699542426397, 39.092832175060366], [-96.59681576120715, 39.092832175060366], [-96.59681576120715, 39.09229318588989], [-96.59663609815033, 39.09229318588989], [-96.59663609815033, 39.0908558814353], [-96.5964564350935, 39.0908558814353], [-96.5964564350935, 39.09049655532166], [-96.59627677203667, 39.09049655532166], [-96.59627677203667, 39.09031689226483], [-96.59609710897985, 39.09031689226483], [-96.59609710897985, 39.090137229208004], [-96.59591744592302, 39.090137229208004], [-96.59591744592302, 39.089957566151185], [-96.59573778286621, 39.089957566151185], [-96.59573778286621, 39.088520261696594], [-96.59555811980938, 39.088520261696594], [-96.59555811980938, 39.08816093558294], [-96.59537845675256, 39.08816093558294], [-96.59537845675256, 39.08762194641247], [-96.59555811980938, 39.08762194641247], [-96.59555811980938, 39.087082957242], [-96.59537845675256, 39.087082957242], [-96.59537845675256, 39.08690329418518], [-96.5950191306389, 39.08690329418518], [-96.5950191306389, 39.08672363112835], [-96.59465980452526, 39.08672363112835], [-96.59465980452526, 39.08654396807153], [-96.59430047841161, 39.08654396807153], [-96.59430047841161, 39.086364305014705], [-96.59412081535478, 39.086364305014705], [-96.59412081535478, 39.08582531584423]]]}, "id": "+464235+283386", "properties": {"count": 1194, "label": 4}}, {"type": "Feature", "geometry": {"geodesic": false, "type": "Polygon", "coordinates": [[[-96.59430047841161, 39.101635664844736], [-96.59376148924115, 39.101635664844736], [-96.59376148924115, 39.102354317072034], [-96.59394115229796, 39.102354317072034], [-96.59394115229796, 39.102533980128854], [-96.59430047841161, 39.102533980128854], [-96.59430047841161, 39.101635664844736]]]}, "id": "+464236+283298", "properties": {"count": 14, "label": 4}}, {"type": "Feature", "geometry": {"geodesic": false, "type": "Polygon", "coordinates": [[[-96.59394115229796, 39.08474733750329], [-96.59376148924115, 39.08474733750329], [-96.59376148924115, 39.084927000560114], [-96.59394115229796, 39.084927000560114], [-96.59394115229796, 39.08474733750329]]]}, "id": "+464236+283392", "properties": {"count": 1, "label": 3}}, {"type": "Feature", "geometry": {"geodesic": false, "type": "Polygon", "coordinates": [[[-96.59376148924115, 39.08618464195788], [-96.59358182618432, 39.08618464195788], [-96.59358182618432, 39.086364305014705], [-96.59376148924115, 39.086364305014705], [-96.59376148924115, 39.08618464195788]]]}, "id": "+464237+283384", "properties": {"count": 1, "label": 0}}, {"type": "Feature", "geometry": {"geodesic": false, "type": "Polygon", "coordinates": [[[-96.59394115229796, 39.07792014134398], [-96.59304283701384, 39.07792014134398], [-96.59304283701384, 39.07809980440081], [-96.59286317395703, 39.07809980440081], [-96.59286317395703, 39.07827946745763], [-96.5926835109002, 39.07827946745763], [-96.5926835109002, 39.07863879357128], [-96.59286317395703, 39.07863879357128], [-96.59286317395703, 39.0788184566281], [-96.59322250007067, 39.0788184566281], [-96.59322250007067, 39.078998119684925], [-96.5934021631275, 39.078998119684925], [-96.5934021631275, 39.07917778274175], [-96.59358182618432, 39.07917778274175], [-96.59358182618432, 39.07935744579857], [-96.5934021631275, 39.07935744579857], [-96.5934021631275, 39.07971677191222], [-96.59304283701384, 39.07971677191222], [-96.59304283701384, 39.079896434969044], [-96.59286317395703, 39.079896434969044], [-96.59286317395703, 39.08007609802587], [-96.5926835109002, 39.08007609802587], [-96.5926835109002, 39.080435424139516], [-96.59232418478655, 39.080435424139516], [-96.59232418478655, 39.08061508719634], [-96.5919648586729, 39.08061508719634], [-96.5919648586729, 39.08187272859411], [-96.59214452172972, 39.08187272859411], [-96.59214452172972, 39.08205239165093], [-96.59250384784337, 39.08205239165093], [-96.59250384784337, 39.08223205470775], [-96.5926835109002, 39.08223205470775], [-96.5926835109002, 39.08241171776458], [-96.59286317395703, 39.08241171776458], [-96.59286317395703, 39.08438801138964], [-96.59304283701384, 39.08438801138964], [-96.59304283701384, 39.08510666361694], [-96.59286317395703, 39.08510666361694], [-96.59286317395703, 39.08528632667376], [-96.5926835109002, 39.08528632667376], [-96.5926835109002, 39.08546598973059], [-96.59286317395703, 39.08546598973059], [-96.59286317395703, 39.08528632667376], [-96.59358182618432, 39.08528632667376], [-96.59358182618432, 39.08510666361694], [-96.59394115229796, 39.08510666361694], [-96.59394115229796, 39.08546598973059], [-96.59376148924115, 39.08546598973059], [-96.59376148924115, 39.08600497890106], [-96.59394115229796, 39.08600497890106], [-96.59394115229796, 39.08582531584423], [-96.59412081535478, 39.08582531584423], [-96.59412081535478, 39.085645652787406], [-96.59448014146844, 39.085645652787406], [-96.59448014146844, 39.08546598973059], [-96.59465980452526, 39.08546598973059], [-96.59465980452526, 39.08528632667376], [-96.59681576120715, 39.08528632667376], [-96.59681576120715, 39.08384902221917], [-96.59609710897985, 39.08384902221917], [-96.59609710897985, 39.084208348332815], [-96.59591744592302, 39.084208348332815], [-96.59591744592302, 39.08438801138964], [-96.59573778286621, 39.08438801138964], [-96.59573778286621, 39.08456767444647], [-96.59537845675256, 39.08456767444647], [-96.59537845675256, 39.08438801138964], [-96.59519879369573, 39.08438801138964], [-96.59519879369573, 39.084208348332815], [-96.5950191306389, 39.084208348332815], [-96.5950191306389, 39.08384902221917], [-96.59519879369573, 39.08384902221917], [-96.59519879369573, 39.08313036999188], [-96.59537845675256, 39.08313036999188], [-96.59537845675256, 39.08295070693505], [-96.59573778286621, 39.08295070693505], [-96.59573778286621, 39.082771043878225], [-96.59591744592302, 39.082771043878225], [-96.59591744592302, 39.082591380821405], [-96.59609710897985, 39.082591380821405], [-96.59609710897985, 39.08223205470775], [-96.5964564350935, 39.08223205470775], [-96.5964564350935, 39.08205239165093], [-96.59681576120715, 39.08205239165093], [-96.59681576120715, 39.081333739423634], [-96.5964564350935, 39.081333739423634], [-96.5964564350935, 39.081154076366815], [-96.59609710897985, 39.081154076366815], [-96.59609710897985, 39.081333739423634], [-96.59555811980938, 39.081333739423634], [-96.59555811980938, 39.081154076366815], [-96.59537845675256, 39.081154076366815], [-96.59537845675256, 39.08097441330999], [-96.59519879369573, 39.08097441330999], [-96.59519879369573, 39.079896434969044], [-96.5950191306389, 39.079896434969044], [-96.5950191306389, 39.07971677191222], [-96.59483946758209, 39.07971677191222], [-96.59483946758209, 39.0795371088554], [-96.59448014146844, 39.0795371088554], [-96.59448014146844, 39.07827946745763], [-96.59430047841161, 39.07827946745763], [-96.59430047841161, 39.07809980440081], [-96.59394115229796, 39.07809980440081], [-96.59394115229796, 39.07792014134398]], [[-96.59376148924115, 39.08474733750329], [-96.59376148924115, 39.084927000560114], [-96.59394115229796, 39.084927000560114], [-96.59394115229796, 39.08474733750329], [-96.59376148924115, 39.08474733750329]]]}, "id": "+464240+283430", "properties": {"count": 647, "label": 0}}, {"type": "Feature", "geometry": {"geodesic": false, "type": "Polygon", "coordinates": [[[-96.59304283701384, 39.076303173832564], [-96.59232418478655, 39.076303173832564], [-96.59232418478655, 39.07648283688939], [-96.59214452172972, 39.07648283688939], [-96.59214452172972, 39.07666249994622], [-96.5919648586729, 39.07666249994622], [-96.5919648586729, 39.07702182605986], [-96.59178519561608, 39.07702182605986], [-96.59178519561608, 39.07720148911669], [-96.59160553255926, 39.07720148911669], [-96.59160553255926, 39.077560815230335], [-96.59142586950243, 39.077560815230335], [-96.59142586950243, 39.077740478287154], [-96.5912462064456, 39.077740478287154], [-96.5912462064456, 39.07809980440081], [-96.59142586950243, 39.07809980440081], [-96.59142586950243, 39.07827946745763], [-96.59178519561608, 39.07827946745763], [-96.59178519561608, 39.07863879357128], [-96.5919648586729, 39.07863879357128], [-96.5919648586729, 39.0788184566281], [-96.59214452172972, 39.0788184566281], [-96.59214452172972, 39.078998119684925], [-96.59232418478655, 39.078998119684925], [-96.59232418478655, 39.0795371088554], [-96.59250384784337, 39.0795371088554], [-96.59250384784337, 39.07971677191222], [-96.5926835109002, 39.07971677191222], [-96.5926835109002, 39.08007609802587], [-96.59286317395703, 39.08007609802587], [-96.59286317395703, 39.079896434969044], [-96.59304283701384, 39.079896434969044], [-96.59304283701384, 39.07971677191222], [-96.5934021631275, 39.07971677191222], [-96.5934021631275, 39.07935744579857], [-96.59358182618432, 39.07935744579857], [-96.59358182618432, 39.07917778274175], [-96.5934021631275, 39.07917778274175], [-96.5934021631275, 39.078998119684925], [-96.59322250007067, 39.078998119684925], [-96.59322250007067, 39.0788184566281], [-96.59286317395703, 39.0788184566281], [-96.59286317395703, 39.07863879357128], [-96.5926835109002, 39.07863879357128], [-96.5926835109002, 39.07827946745763], [-96.59286317395703, 39.07827946745763], [-96.59286317395703, 39.07809980440081], [-96.59304283701384, 39.07809980440081], [-96.59304283701384, 39.07792014134398], [-96.59394115229796, 39.07792014134398], [-96.59394115229796, 39.07809980440081], [-96.59430047841161, 39.07809980440081], [-96.59430047841161, 39.07827946745763], [-96.59448014146844, 39.07827946745763], [-96.59448014146844, 39.0795371088554], [-96.59483946758209, 39.0795371088554], [-96.59483946758209, 39.07971677191222], [-96.5950191306389, 39.07971677191222], [-96.5950191306389, 39.079896434969044], [-96.59519879369573, 39.079896434969044], [-96.59519879369573, 39.08097441330999], [-96.59537845675256, 39.08097441330999], [-96.59537845675256, 39.081154076366815], [-96.59555811980938, 39.081154076366815], [-96.59555811980938, 39.081333739423634], [-96.59609710897985, 39.081333739423634], [-96.59609710897985, 39.081154076366815], [-96.5964564350935, 39.081154076366815], [-96.5964564350935, 39.081333739423634], [-96.59681576120715, 39.081333739423634], [-96.59681576120715, 39.08205239165093], [-96.5964564350935, 39.08205239165093], [-96.5964564350935, 39.08223205470775], [-96.59609710897985, 39.08223205470775], [-96.59609710897985, 39.082591380821405], [-96.5964564350935, 39.082591380821405], [-96.5964564350935, 39.082771043878225], [-96.59699542426397, 39.082771043878225], [-96.59699542426397, 39.082591380821405], [-96.59789373954808, 39.082591380821405], [-96.59789373954808, 39.08223205470775], [-96.59825306566174, 39.08223205470775], [-96.59825306566174, 39.08187272859411], [-96.59807340260491, 39.08187272859411], [-96.59807340260491, 39.08169306553728], [-96.59789373954808, 39.08169306553728], [-96.59789373954808, 39.081333739423634], [-96.59807340260491, 39.081333739423634], [-96.59807340260491, 39.081154076366815], [-96.59825306566174, 39.081154076366815], [-96.59825306566174, 39.08097441330999], [-96.59843272871856, 39.08097441330999], [-96.59843272871856, 39.08079475025316], [-96.59861239177539, 39.08079475025316], [-96.59861239177539, 39.08061508719634], [-96.59879205483222, 39.08061508719634], [-96.59879205483222, 39.080435424139516], [-96.59897171788903, 39.080435424139516], [-96.59897171788903, 39.08025576108269], [-96.59879205483222, 39.08025576108269], [-96.59879205483222, 39.08007609802587], [-96.59825306566174, 39.08007609802587], [-96.59825306566174, 39.079896434969044], [-96.5964564350935, 39.079896434969044], [-96.5964564350935, 39.0795371088554], [-96.59627677203667, 39.0795371088554], [-96.59627677203667, 39.07917778274175], [-96.59609710897985, 39.07917778274175], [-96.59609710897985, 39.0788184566281], [-96.59591744592302, 39.0788184566281], [-96.59591744592302, 39.07863879357128], [-96.59609710897985, 39.07863879357128], [-96.59609710897985, 39.07809980440081], [-96.59591744592302, 39.07809980440081], [-96.59591744592302, 39.07792014134398], [-96.59555811980938, 39.07792014134398], [-96.59555811980938, 39.077740478287154], [-96.59537845675256, 39.077740478287154], [-96.59537845675256, 39.077560815230335], [-96.5950191306389, 39.077560815230335], [-96.5950191306389, 39.07738115217351], [-96.59483946758209, 39.07738115217351], [-96.59483946758209, 39.07666249994622], [-96.59394115229796, 39.07666249994622], [-96.59394115229796, 39.07648283688939], [-96.59304283701384, 39.07648283688939], [-96.59304283701384, 39.076303173832564]]]}, "id": "+464244+283439", "properties": {"count": 517, "label": 2}}, {"type": "Feature", "geometry": {"geodesic": false, "type": "Polygon", "coordinates": [[[-96.58980890199102, 39.08205239165093], [-96.5896292389342, 39.08205239165093], [-96.5896292389342, 39.08223205470775], [-96.58926991282054, 39.08223205470775], [-96.58926991282054, 39.083489696105524], [-96.5889105867069, 39.083489696105524], [-96.5889105867069, 39.08366935916234], [-96.58873092365008, 39.08366935916234], [-96.58873092365008, 39.08384902221917], [-96.58855126059325, 39.08384902221917], [-96.58855126059325, 39.084208348332815], [-96.58837159753642, 39.084208348332815], [-96.58837159753642, 39.08438801138964], [-96.5881919344796, 39.08438801138964], [-96.5881919344796, 39.08456767444647], [-96.58801227142277, 39.08456767444647], [-96.58801227142277, 39.08528632667376], [-96.58783260836596, 39.08528632667376], [-96.58783260836596, 39.085645652787406], [-96.58765294530913, 39.085645652787406], [-96.58765294530913, 39.08672363112835], [-96.58783260836596, 39.08672363112835], [-96.58783260836596, 39.08744228335565], [-96.58765294530913, 39.08744228335565], [-96.58765294530913, 39.08762194641247], [-96.58693429308184, 39.08762194641247], [-96.58693429308184, 39.08869992475341], [-96.58783260836596, 39.08869992475341], [-96.58783260836596, 39.088520261696594], [-96.58801227142277, 39.088520261696594], [-96.58801227142277, 39.08816093558294], [-96.5881919344796, 39.08816093558294], [-96.5881919344796, 39.08798127252612], [-96.58873092365008, 39.08798127252612], [-96.58873092365008, 39.087801609469295], [-96.5889105867069, 39.087801609469295], [-96.5889105867069, 39.08726262029882], [-96.58909024976371, 39.08726262029882], [-96.58909024976371, 39.087082957242], [-96.58944957587737, 39.087082957242], [-96.58944957587737, 39.08690329418518], [-96.59016822810466, 39.08690329418518], [-96.59016822810466, 39.08672363112835], [-96.59034789116149, 39.08672363112835], [-96.59034789116149, 39.08618464195788], [-96.59016822810466, 39.08618464195788], [-96.59016822810466, 39.08600497890106], [-96.58998856504783, 39.08600497890106], [-96.58998856504783, 39.08582531584423], [-96.58980890199102, 39.08582531584423], [-96.58980890199102, 39.085645652787406], [-96.58998856504783, 39.085645652787406], [-96.58998856504783, 39.08546598973059], [-96.59034789116149, 39.08546598973059], [-96.59034789116149, 39.085645652787406], [-96.59250384784337, 39.085645652787406], [-96.59250384784337, 39.08546598973059], [-96.5926835109002, 39.08546598973059], [-96.5926835109002, 39.08528632667376], [-96.59286317395703, 39.08528632667376], [-96.59286317395703, 39.08510666361694], [-96.59304283701384, 39.08510666361694], [-96.59304283701384, 39.08474733750329], [-96.59250384784337, 39.08474733750329], [-96.59250384784337, 39.08456767444647], [-96.59232418478655, 39.08456767444647], [-96.59232418478655, 39.08438801138964], [-96.59214452172972, 39.08438801138964], [-96.59214452172972, 39.084208348332815], [-96.5919648586729, 39.084208348332815], [-96.5919648586729, 39.084028685275996], [-96.59178519561608, 39.084028685275996], [-96.59178519561608, 39.08384902221917], [-96.59160553255926, 39.08384902221917], [-96.59160553255926, 39.08366935916234], [-96.59142586950243, 39.08366935916234], [-96.59142586950243, 39.083489696105524], [-96.5912462064456, 39.083489696105524], [-96.5912462064456, 39.0833100330487], [-96.59088688033196, 39.0833100330487], [-96.59088688033196, 39.08313036999188], [-96.59070721727514, 39.08313036999188], [-96.59070721727514, 39.08295070693505], [-96.59034789116149, 39.08295070693505], [-96.59034789116149, 39.082771043878225], [-96.59016822810466, 39.082771043878225], [-96.59016822810466, 39.082591380821405], [-96.58998856504783, 39.082591380821405], [-96.58998856504783, 39.08223205470775], [-96.58980890199102, 39.08223205470775], [-96.58980890199102, 39.08205239165093]]]}, "id": "+464259+283407", "properties": {"count": 489, "label": 4}}, {"type": "Feature", "geometry": {"geodesic": false, "type": "Polygon", "coordinates": [[[-96.58944957587737, 39.07971677191222], [-96.5889105867069, 39.07971677191222], [-96.5889105867069, 39.079896434969044], [-96.58873092365008, 39.079896434969044], [-96.58873092365008, 39.08025576108269], [-96.58855126059325, 39.08025576108269], [-96.58855126059325, 39.080435424139516], [-96.58837159753642, 39.080435424139516], [-96.58837159753642, 39.08061508719634], [-96.5881919344796, 39.08061508719634], [-96.5881919344796, 39.08079475025316], [-96.58801227142277, 39.08079475025316], [-96.58801227142277, 39.08151340248046], [-96.5881919344796, 39.08151340248046], [-96.5881919344796, 39.08205239165093], [-96.58837159753642, 39.08205239165093], [-96.58837159753642, 39.08187272859411], [-96.58855126059325, 39.08187272859411], [-96.58855126059325, 39.08205239165093], [-96.5889105867069, 39.08205239165093], [-96.5889105867069, 39.08223205470775], [-96.58909024976371, 39.08223205470775], [-96.58909024976371, 39.08241171776458], [-96.58926991282054, 39.08241171776458], [-96.58926991282054, 39.08223205470775], [-96.5896292389342, 39.08223205470775], [-96.5896292389342, 39.08205239165093], [-96.59016822810466, 39.08205239165093], [-96.59016822810466, 39.081333739423634], [-96.5896292389342, 39.081333739423634], [-96.5896292389342, 39.081154076366815], [-96.58944957587737, 39.081154076366815], [-96.58944957587737, 39.080435424139516], [-96.5896292389342, 39.080435424139516], [-96.5896292389342, 39.08007609802587], [-96.58944957587737, 39.08007609802587], [-96.58944957587737, 39.07971677191222]]]}, "id": "+464263+283420", "properties": {"count": 105, "label": 0}}, {"type": "Feature", "geometry": {"geodesic": false, "type": "Polygon", "coordinates": [[[-96.58837159753642, 39.07702182605986], [-96.58801227142277, 39.07702182605986], [-96.58801227142277, 39.0788184566281], [-96.58783260836596, 39.0788184566281], [-96.58783260836596, 39.078998119684925], [-96.58765294530913, 39.078998119684925], [-96.58765294530913, 39.07935744579857], [-96.58783260836596, 39.07935744579857], [-96.58783260836596, 39.0795371088554], [-96.58765294530913, 39.0795371088554], [-96.58765294530913, 39.079896434969044], [-96.58783260836596, 39.079896434969044], [-96.58783260836596, 39.08025576108269], [-96.58765294530913, 39.08025576108269], [-96.58765294530913, 39.080435424139516], [-96.5881919344796, 39.080435424139516], [-96.5881919344796, 39.08061508719634], [-96.58837159753642, 39.08061508719634], [-96.58837159753642, 39.080435424139516], [-96.58855126059325, 39.080435424139516], [-96.58855126059325, 39.08025576108269], [-96.58873092365008, 39.08025576108269], [-96.58873092365008, 39.079896434969044], [-96.5889105867069, 39.079896434969044], [-96.5889105867069, 39.07971677191222], [-96.58944957587737, 39.07971677191222], [-96.58944957587737, 39.08007609802587], [-96.5896292389342, 39.08007609802587], [-96.5896292389342, 39.080435424139516], [-96.58944957587737, 39.080435424139516], [-96.58944957587737, 39.081154076366815], [-96.5896292389342, 39.081154076366815], [-96.5896292389342, 39.081333739423634], [-96.59016822810466, 39.081333739423634], [-96.59016822810466, 39.08205239165093], [-96.58980890199102, 39.08205239165093], [-96.58980890199102, 39.08223205470775], [-96.58998856504783, 39.08223205470775], [-96.58998856504783, 39.082591380821405], [-96.59016822810466, 39.082591380821405], [-96.59016822810466, 39.082771043878225], [-96.59034789116149, 39.082771043878225], [-96.59034789116149, 39.08295070693505], [-96.59070721727514, 39.08295070693505], [-96.59070721727514, 39.08313036999188], [-96.59088688033196, 39.08313036999188], [-96.59088688033196, 39.0833100330487], [-96.5912462064456, 39.0833100330487], [-96.5912462064456, 39.083489696105524], [-96.59142586950243, 39.083489696105524], [-96.59142586950243, 39.08366935916234], [-96.59160553255926, 39.08366935916234], [-96.59160553255926, 39.08384902221917], [-96.59178519561608, 39.08384902221917], [-96.59178519561608, 39.084028685275996], [-96.5919648586729, 39.084028685275996], [-96.5919648586729, 39.084208348332815], [-96.59214452172972, 39.084208348332815], [-96.59214452172972, 39.08438801138964], [-96.59232418478655, 39.08438801138964], [-96.59232418478655, 39.08456767444647], [-96.59250384784337, 39.08456767444647], [-96.59250384784337, 39.08474733750329], [-96.59304283701384, 39.08474733750329], [-96.59304283701384, 39.08438801138964], [-96.59286317395703, 39.08438801138964], [-96.59286317395703, 39.08241171776458], [-96.5926835109002, 39.08241171776458], [-96.5926835109002, 39.08223205470775], [-96.59250384784337, 39.08223205470775], [-96.59250384784337, 39.08205239165093], [-96.59214452172972, 39.08205239165093], [-96.59214452172972, 39.08187272859411], [-96.5919648586729, 39.08187272859411], [-96.5919648586729, 39.08061508719634], [-96.59232418478655, 39.08061508719634], [-96.59232418478655, 39.080435424139516], [-96.5926835109002, 39.080435424139516], [-96.5926835109002, 39.07971677191222], [-96.59250384784337, 39.07971677191222], [-96.59250384784337, 39.0795371088554], [-96.59232418478655, 39.0795371088554], [-96.59232418478655, 39.078998119684925], [-96.59214452172972, 39.078998119684925], [-96.59214452172972, 39.0788184566281], [-96.5919648586729, 39.0788184566281], [-96.5919648586729, 39.07863879357128], [-96.59178519561608, 39.07863879357128], [-96.59178519561608, 39.07827946745763], [-96.59142586950243, 39.07827946745763], [-96.59142586950243, 39.07809980440081], [-96.59106654338878, 39.07809980440081], [-96.59106654338878, 39.07827946745763], [-96.59070721727514, 39.07827946745763], [-96.59070721727514, 39.07845913051445], [-96.59034789116149, 39.07845913051445], [-96.59034789116149, 39.07827946745763], [-96.59016822810466, 39.07827946745763], [-96.59016822810466, 39.07809980440081], [-96.58998856504783, 39.07809980440081], [-96.58998856504783, 39.077740478287154], [-96.58980890199102, 39.077740478287154], [-96.58980890199102, 39.077560815230335], [-96.5896292389342, 39.077560815230335], [-96.5896292389342, 39.07738115217351], [-96.58873092365008, 39.07738115217351], [-96.58873092365008, 39.07720148911669], [-96.58837159753642, 39.07720148911669], [-96.58837159753642, 39.07702182605986]]]}, "id": "+464268+283435", "properties": {"count": 600, "label": 1}}, {"type": "Feature", "geometry": {"geodesic": false, "type": "Polygon", "coordinates": [[[-96.58783260836596, 39.0788184566281], [-96.58765294530913, 39.0788184566281], [-96.58765294530913, 39.078998119684925], [-96.58729361919548, 39.078998119684925], [-96.58729361919548, 39.07917778274175], [-96.58711395613865, 39.07917778274175], [-96.58711395613865, 39.0795371088554], [-96.58675463002501, 39.0795371088554], [-96.58675463002501, 39.07971677191222], [-96.58657496696819, 39.07971677191222], [-96.58657496696819, 39.079896434969044], [-96.58639530391136, 39.079896434969044], [-96.58639530391136, 39.080435424139516], [-96.58621564085453, 39.080435424139516], [-96.58621564085453, 39.08079475025316], [-96.5860359777977, 39.08079475025316], [-96.5860359777977, 39.08169306553728], [-96.5858563147409, 39.08169306553728], [-96.5858563147409, 39.08187272859411], [-96.58549698862724, 39.08187272859411], [-96.58549698862724, 39.08169306553728], [-96.58513766251359, 39.08169306553728], [-96.58513766251359, 39.082591380821405], [-96.58495799945678, 39.082591380821405], [-96.58495799945678, 39.082771043878225], [-96.58477833639995, 39.082771043878225], [-96.58477833639995, 39.08295070693505], [-96.58459867334312, 39.08295070693505], [-96.58459867334312, 39.08313036999188], [-96.5844190102863, 39.08313036999188], [-96.5844190102863, 39.08510666361694], [-96.58423934722947, 39.08510666361694], [-96.58423934722947, 39.085645652787406], [-96.5844190102863, 39.085645652787406], [-96.5844190102863, 39.08582531584423], [-96.58459867334312, 39.08582531584423], [-96.58459867334312, 39.08600497890106], [-96.58477833639995, 39.08600497890106], [-96.58477833639995, 39.08618464195788], [-96.58495799945678, 39.08618464195788], [-96.58495799945678, 39.086364305014705], [-96.58513766251359, 39.086364305014705], [-96.58513766251359, 39.08654396807153], [-96.58531732557041, 39.08654396807153], [-96.58531732557041, 39.08672363112835], [-96.58549698862724, 39.08672363112835], [-96.58549698862724, 39.08690329418518], [-96.58621564085453, 39.08690329418518], [-96.58621564085453, 39.08546598973059], [-96.58639530391136, 39.08546598973059], [-96.58639530391136, 39.08510666361694], [-96.58657496696819, 39.08510666361694], [-96.58657496696819, 39.084028685275996], [-96.58783260836596, 39.084028685275996], [-96.58783260836596, 39.08384902221917], [-96.58801227142277, 39.08384902221917], [-96.58801227142277, 39.083489696105524], [-96.5881919344796, 39.083489696105524], [-96.5881919344796, 39.08151340248046], [-96.58801227142277, 39.08151340248046], [-96.58801227142277, 39.08079475025316], [-96.5881919344796, 39.08079475025316], [-96.5881919344796, 39.080435424139516], [-96.58765294530913, 39.080435424139516], [-96.58765294530913, 39.08025576108269], [-96.58783260836596, 39.08025576108269], [-96.58783260836596, 39.079896434969044], [-96.58765294530913, 39.079896434969044], [-96.58765294530913, 39.0795371088554], [-96.58783260836596, 39.0795371088554], [-96.58783260836596, 39.07935744579857], [-96.58765294530913, 39.07935744579857], [-96.58765294530913, 39.078998119684925], [-96.58783260836596, 39.078998119684925], [-96.58783260836596, 39.0788184566281]]]}, "id": "+464270+283425", "properties": {"count": 519, "label": 4}}, {"type": "Feature", "geometry": {"geodesic": false, "type": "Polygon", "coordinates": [[[-96.58783260836596, 39.07648283688939], [-96.58711395613865, 39.07648283688939], [-96.58711395613865, 39.077560815230335], [-96.58693429308184, 39.077560815230335], [-96.58693429308184, 39.07792014134398], [-96.58567665168407, 39.07792014134398], [-96.58567665168407, 39.07809980440081], [-96.58549698862724, 39.07809980440081], [-96.58549698862724, 39.0795371088554], [-96.58531732557041, 39.0795371088554], [-96.58531732557041, 39.07971677191222], [-96.58513766251359, 39.07971677191222], [-96.58513766251359, 39.079896434969044], [-96.58495799945678, 39.079896434969044], [-96.58495799945678, 39.08007609802587], [-96.58477833639995, 39.08007609802587], [-96.58477833639995, 39.08025576108269], [-96.58459867334312, 39.08025576108269], [-96.58459867334312, 39.080435424139516], [-96.5844190102863, 39.080435424139516], [-96.5844190102863, 39.08079475025316], [-96.58423934722947, 39.08079475025316], [-96.58423934722947, 39.08097441330999], [-96.58405968417264, 39.08097441330999], [-96.58405968417264, 39.081154076366815], [-96.58388002111583, 39.081154076366815], [-96.58388002111583, 39.081333739423634], [-96.58405968417264, 39.081333739423634], [-96.58405968417264, 39.081154076366815], [-96.5844190102863, 39.081154076366815], [-96.5844190102863, 39.08097441330999], [-96.58459867334312, 39.08097441330999], [-96.58459867334312, 39.08079475025316], [-96.58495799945678, 39.08079475025316], [-96.58495799945678, 39.08061508719634], [-96.58549698862724, 39.08061508719634], [-96.58549698862724, 39.08079475025316], [-96.58567665168407, 39.08079475025316], [-96.58567665168407, 39.08151340248046], [-96.5858563147409, 39.08151340248046], [-96.5858563147409, 39.08169306553728], [-96.5860359777977, 39.08169306553728], [-96.5860359777977, 39.08079475025316], [-96.58621564085453, 39.08079475025316], [-96.58621564085453, 39.080435424139516], [-96.58639530391136, 39.080435424139516], [-96.58639530391136, 39.079896434969044], [-96.58657496696819, 39.079896434969044], [-96.58657496696819, 39.07971677191222], [-96.58675463002501, 39.07971677191222], [-96.58675463002501, 39.0795371088554], [-96.58711395613865, 39.0795371088554], [-96.58711395613865, 39.07917778274175], [-96.58729361919548, 39.07917778274175], [-96.58729361919548, 39.078998119684925], [-96.58765294530913, 39.078998119684925], [-96.58765294530913, 39.0788184566281], [-96.58801227142277, 39.0788184566281], [-96.58801227142277, 39.07666249994622], [-96.58783260836596, 39.07666249994622], [-96.58783260836596, 39.07648283688939]]]}, "id": "+464273+283438", "properties": {"count": 224, "label": 0}}, {"type": "Feature", "geometry": {"geodesic": false, "type": "Polygon", "coordinates": [[[-96.58711395613865, 39.09768307759461], [-96.58693429308184, 39.09768307759461], [-96.58693429308184, 39.097862740651436], [-96.58675463002501, 39.097862740651436], [-96.58675463002501, 39.098042403708256], [-96.58639530391136, 39.098042403708256], [-96.58639530391136, 39.09822206676508], [-96.5860359777977, 39.09822206676508], [-96.5860359777977, 39.09840172982191], [-96.5858563147409, 39.09840172982191], [-96.5858563147409, 39.09858139287873], [-96.58567665168407, 39.09858139287873], [-96.58567665168407, 39.098761055935555], [-96.58549698862724, 39.098761055935555], [-96.58549698862724, 39.09894071899238], [-96.58513766251359, 39.09894071899238], [-96.58513766251359, 39.0991203820492], [-96.5860359777977, 39.0991203820492], [-96.5860359777977, 39.09930004510603], [-96.58621564085453, 39.09930004510603], [-96.58621564085453, 39.09947970816285], [-96.58639530391136, 39.09947970816285], [-96.58639530391136, 39.0998390342765], [-96.58675463002501, 39.0998390342765], [-96.58675463002501, 39.10001869733332], [-96.58693429308184, 39.10001869733332], [-96.58693429308184, 39.100198360390145], [-96.58711395613865, 39.100198360390145], [-96.58711395613865, 39.10073734956062], [-96.58783260836596, 39.10073734956062], [-96.58783260836596, 39.10055768650379], [-96.58801227142277, 39.10055768650379], [-96.58801227142277, 39.09930004510603], [-96.5881919344796, 39.09930004510603], [-96.5881919344796, 39.098761055935555], [-96.58801227142277, 39.098761055935555], [-96.58801227142277, 39.09840172982191], [-96.58783260836596, 39.09840172982191], [-96.58783260836596, 39.09822206676508], [-96.5874732822523, 39.09822206676508], [-96.5874732822523, 39.098042403708256], [-96.58729361919548, 39.098042403708256], [-96.58729361919548, 39.097862740651436], [-96.58711395613865, 39.097862740651436], [-96.58711395613865, 39.09768307759461]]]}, "id": "+464274+283320", "properties": {"count": 144, "label": 4}}, {"type": "Feature", "geometry": {"geodesic": false, "type": "Polygon", "coordinates": [[[-96.58639530391136, 39.07648283688939], [-96.58621564085453, 39.07648283688939], [-96.58621564085453, 39.07738115217351], [-96.58657496696819, 39.07738115217351], [-96.58657496696819, 39.07792014134398], [-96.58693429308184, 39.07792014134398], [-96.58693429308184, 39.077560815230335], [-96.58711395613865, 39.077560815230335], [-96.58711395613865, 39.07666249994622], [-96.58639530391136, 39.07666249994622], [-96.58639530391136, 39.07648283688939]]]}, "id": "+464278+283438", "properties": {"count": 28, "label": 1}}, {"type": "Feature", "geometry": {"geodesic": false, "type": "Polygon", "coordinates": [[[-96.58531732557041, 39.08151340248046], [-96.58513766251359, 39.08151340248046], [-96.58513766251359, 39.08169306553728], [-96.58531732557041, 39.08169306553728], [-96.58531732557041, 39.08151340248046]]]}, "id": "+464284+283410", "properties": {"count": 1, "label": 0}}, {"type": "Feature", "geometry": {"geodesic": false, "type": "Polygon", "coordinates": [[[-96.58567665168407, 39.09319150117401], [-96.58477833639995, 39.09319150117401], [-96.58477833639995, 39.09337116423084], [-96.58459867334312, 39.09337116423084], [-96.58459867334312, 39.093730490344484], [-96.5844190102863, 39.093730490344484], [-96.5844190102863, 39.09391015340131], [-96.58423934722947, 39.09391015340131], [-96.58423934722947, 39.09408981645813], [-96.583700358059, 39.09408981645813], [-96.583700358059, 39.09391015340131], [-96.58298170583171, 39.09391015340131], [-96.58298170583171, 39.09408981645813], [-96.58334103194535, 39.09408981645813], [-96.58334103194535, 39.094269479514956], [-96.583700358059, 39.094269479514956], [-96.583700358059, 39.09444914257178], [-96.58423934722947, 39.09444914257178], [-96.58423934722947, 39.0946288056286], [-96.58459867334312, 39.0946288056286], [-96.58459867334312, 39.09480846868543], [-96.58495799945678, 39.09480846868543], [-96.58495799945678, 39.094988131742255], [-96.58531732557041, 39.094988131742255], [-96.58531732557041, 39.095167794799075], [-96.58567665168407, 39.095167794799075], [-96.58567665168407, 39.0953474578559], [-96.5860359777977, 39.0953474578559], [-96.5860359777977, 39.09552712091272], [-96.58621564085453, 39.09552712091272], [-96.58621564085453, 39.09570678396955], [-96.58657496696819, 39.09570678396955], [-96.58657496696819, 39.09408981645813], [-96.5858563147409, 39.09408981645813], [-96.5858563147409, 39.09391015340131], [-96.58567665168407, 39.09391015340131], [-96.58567665168407, 39.09319150117401]]]}, "id": "+464286+283345", "properties": {"count": 121, "label": 4}}, {"type": "Feature", "geometry": {"geodesic": false, "type": "Polygon", "coordinates": [[[-96.58459867334312, 39.07001496684373], [-96.5844190102863, 39.07001496684373], [-96.5844190102863, 39.070194629900556], [-96.58405968417264, 39.070194629900556], [-96.58405968417264, 39.070374292957375], [-96.58388002111583, 39.070374292957375], [-96.58388002111583, 39.0705539560142], [-96.583700358059, 39.0705539560142], [-96.583700358059, 39.07091328212785], [-96.58352069500218, 39.07091328212785], [-96.58352069500218, 39.071092945184674], [-96.58334103194535, 39.071092945184674], [-96.58334103194535, 39.0712726082415], [-96.58316136888853, 39.0712726082415], [-96.58316136888853, 39.07145227129832], [-96.58298170583171, 39.07145227129832], [-96.58298170583171, 39.071811597411966], [-96.58280204277489, 39.071811597411966], [-96.58280204277489, 39.07217092352562], [-96.58262237971806, 39.07217092352562], [-96.58262237971806, 39.072530249639264], [-96.58244271666123, 39.072530249639264], [-96.58244271666123, 39.07270991269609], [-96.58226305360441, 39.07270991269609], [-96.58226305360441, 39.07306923880974], [-96.58208339054758, 39.07306923880974], [-96.58208339054758, 39.07324890186656], [-96.58190372749077, 39.07324890186656], [-96.58190372749077, 39.07360822798021], [-96.58154440137712, 39.07360822798021], [-96.58154440137712, 39.07378789103703], [-96.580646086093, 39.07378789103703], [-96.580646086093, 39.075404858548445], [-96.58028675997934, 39.075404858548445], [-96.58028675997934, 39.07558452160527], [-96.58010709692252, 39.07558452160527], [-96.58010709692252, 39.07576418466209], [-96.57849012941111, 39.07576418466209], [-96.57849012941111, 39.07558452160527], [-96.57831046635428, 39.07558452160527], [-96.57831046635428, 39.075404858548445], [-96.57795114024064, 39.075404858548445], [-96.57795114024064, 39.075225195491626], [-96.57741215107016, 39.075225195491626], [-96.57741215107016, 39.075404858548445], [-96.57705282495652, 39.075404858548445], [-96.57705282495652, 39.07558452160527], [-96.57615450967239, 39.07558452160527], [-96.57615450967239, 39.07576418466209], [-96.57453754216098, 39.07576418466209], [-96.57453754216098, 39.07558452160527], [-96.57435787910416, 39.07558452160527], [-96.57435787910416, 39.0750455324348], [-96.57417821604733, 39.0750455324348], [-96.57417821604733, 39.074686206321154], [-96.57274091159275, 39.074686206321154], [-96.57274091159275, 39.07486586937797], [-96.57184259630863, 39.07486586937797], [-96.57184259630863, 39.07648283688939], [-96.57094428102451, 39.07648283688939], [-96.57094428102451, 39.07666249994622], [-96.57040529185403, 39.07666249994622], [-96.57040529185403, 39.07648283688939], [-96.5702256287972, 39.07648283688939], [-96.5702256287972, 39.076303173832564], [-96.57004596574039, 39.076303173832564], [-96.57004596574039, 39.076123510775744], [-96.56986630268356, 39.076123510775744], [-96.56986630268356, 39.07594384771892], [-96.56968663962674, 39.07594384771892], [-96.56968663962674, 39.07576418466209], [-96.56950697656991, 39.07576418466209], [-96.56950697656991, 39.07558452160527], [-96.56932731351309, 39.07558452160527], [-96.56932731351309, 39.075404858548445], [-96.56878832434262, 39.075404858548445], [-96.56878832434262, 39.07558452160527], [-96.56824933517214, 39.07558452160527], [-96.56824933517214, 39.07576418466209], [-96.56771034600168, 39.07576418466209], [-96.56771034600168, 39.07594384771892], [-96.56753068294485, 39.07594384771892], [-96.56753068294485, 39.076303173832564], [-96.56735101988802, 39.076303173832564], [-96.56735101988802, 39.07648283688939], [-96.56717135683121, 39.07648283688939], [-96.56717135683121, 39.07666249994622], [-96.56537472626296, 39.07666249994622], [-96.56537472626296, 39.07702182605986], [-96.56519506320615, 39.07702182605986], [-96.56519506320615, 39.07738115217351], [-96.56537472626296, 39.07738115217351], [-96.56537472626296, 39.077740478287154], [-96.56555438931979, 39.077740478287154], [-96.56555438931979, 39.07792014134398], [-96.56573405237661, 39.07792014134398], [-96.56573405237661, 39.07845913051445], [-96.56555438931979, 39.07845913051445], [-96.56555438931979, 39.07863879357128], [-96.56537472626296, 39.07863879357128], [-96.56537472626296, 39.0788184566281], [-96.56393742180838, 39.0788184566281], [-96.56393742180838, 39.078998119684925], [-96.56375775875155, 39.078998119684925], [-96.56375775875155, 39.07917778274175], [-96.56357809569472, 39.07917778274175], [-96.56357809569472, 39.0795371088554], [-96.5633984326379, 39.0795371088554], [-96.5633984326379, 39.08007609802587], [-96.56357809569472, 39.08007609802587], [-96.56357809569472, 39.08169306553728], [-96.5633984326379, 39.08169306553728], [-96.5633984326379, 39.08187272859411], [-96.56321876958108, 39.08187272859411], [-96.56321876958108, 39.08205239165093], [-96.56303910652426, 39.08205239165093], [-96.56303910652426, 39.08241171776458], [-96.56285944346743, 39.08241171776458], [-96.56285944346743, 39.082591380821405], [-96.5626797804106, 39.082591380821405], [-96.5626797804106, 39.082771043878225], [-96.56250011735378, 39.082771043878225], [-96.56250011735378, 39.08295070693505], [-96.56232045429695, 39.08295070693505], [-96.56232045429695, 39.08313036999188], [-96.56196112818331, 39.08313036999188], [-96.56196112818331, 39.0833100330487], [-96.56160180206966, 39.0833100330487], [-96.56160180206966, 39.083489696105524], [-96.5610628128992, 39.083489696105524], [-96.5610628128992, 39.08366935916234], [-96.56052382372872, 39.08366935916234], [-96.56052382372872, 39.08384902221917], [-96.55980517150142, 39.08384902221917], [-96.55980517150142, 39.084028685275996], [-96.55782887787636, 39.084028685275996], [-96.55782887787636, 39.08384902221917], [-96.5558525842513, 39.08384902221917], [-96.5558525842513, 39.08438801138964], [-96.55567292119447, 39.08438801138964], [-96.55567292119447, 39.08456767444647], [-96.55549325813764, 39.08456767444647], [-96.55549325813764, 39.084927000560114], [-96.55531359508083, 39.084927000560114], [-96.55531359508083, 39.08528632667376], [-96.555133932024, 39.08528632667376], [-96.555133932024, 39.085645652787406], [-96.55495426896718, 39.085645652787406], [-96.55495426896718, 39.08600497890106], [-96.55477460591035, 39.08600497890106], [-96.55477460591035, 39.08618464195788], [-96.5544152797967, 39.08618464195788], [-96.5544152797967, 39.086364305014705], [-96.55405595368306, 39.086364305014705], [-96.55405595368306, 39.08654396807153], [-96.55369662756941, 39.08654396807153], [-96.55369662756941, 39.08672363112835], [-96.55333730145577, 39.08672363112835], [-96.55333730145577, 39.08690329418518], [-96.55315763839894, 39.08690329418518], [-96.55315763839894, 39.087082957242], [-96.55297797534212, 39.087082957242], [-96.55297797534212, 39.08798127252612], [-96.55315763839894, 39.08798127252612], [-96.55315763839894, 39.08834059863977], [-96.55333730145577, 39.08834059863977], [-96.55333730145577, 39.09049655532166], [-96.55315763839894, 39.09049655532166], [-96.55315763839894, 39.090676218378476], [-96.55333730145577, 39.090676218378476], [-96.55333730145577, 39.09337116423084], [-96.55351696451258, 39.09337116423084], [-96.55351696451258, 39.09408981645813], [-96.55369662756941, 39.09408981645813], [-96.55369662756941, 39.094269479514956], [-96.55405595368306, 39.094269479514956], [-96.55405595368306, 39.09444914257178], [-96.5544152797967, 39.09444914257178], [-96.5544152797967, 39.0946288056286], [-96.55477460591035, 39.0946288056286], [-96.55477460591035, 39.09480846868543], [-96.55495426896718, 39.09480846868543], [-96.55495426896718, 39.09570678396955], [-96.555133932024, 39.09570678396955], [-96.555133932024, 39.09588644702637], [-96.55531359508083, 39.09588644702637], [-96.55531359508083, 39.09606611008319], [-96.55567292119447, 39.09606611008319], [-96.55567292119447, 39.09624577314002], [-96.55603224730812, 39.09624577314002], [-96.55603224730812, 39.096425436196846], [-96.55621191036495, 39.096425436196846], [-96.55621191036495, 39.096605099253665], [-96.55639157342176, 39.096605099253665], [-96.55639157342176, 39.09714408842414], [-96.55657123647859, 39.09714408842414], [-96.55657123647859, 39.097323751480964], [-96.55711022564907, 39.097323751480964], [-96.55711022564907, 39.09750341453779], [-96.55746955176271, 39.09750341453779], [-96.55746955176271, 39.09768307759461], [-96.55764921481953, 39.09768307759461], [-96.55764921481953, 39.097862740651436], [-96.55782887787636, 39.097862740651436], [-96.55782887787636, 39.098042403708256], [-96.55800854093319, 39.098042403708256], [-96.55800854093319, 39.09822206676508], [-96.55836786704683, 39.09822206676508], [-96.55836786704683, 39.09840172982191], [-96.55854753010365, 39.09840172982191], [-96.55854753010365, 39.09858139287873], [-96.5589068562173, 39.09858139287873], [-96.5589068562173, 39.098761055935555], [-96.55926618233096, 39.098761055935555], [-96.55926618233096, 39.09894071899238], [-96.55944584538777, 39.09894071899238], [-96.55944584538777, 39.0991203820492], [-96.55980517150142, 39.0991203820492], [-96.55980517150142, 39.09930004510603], [-96.56016449761508, 39.09930004510603], [-96.56016449761508, 39.09947970816285], [-96.56070348678554, 39.09947970816285], [-96.56070348678554, 39.09965937121967], [-96.5610628128992, 39.09965937121967], [-96.5610628128992, 39.0998390342765], [-96.56124247595602, 39.0998390342765], [-96.56124247595602, 39.10001869733332], [-96.56142213901283, 39.10001869733332], [-96.56142213901283, 39.100198360390145], [-96.56160180206966, 39.100198360390145], [-96.56160180206966, 39.10037802344697], [-96.56178146512649, 39.10037802344697], [-96.56178146512649, 39.10055768650379], [-96.56196112818331, 39.10055768650379], [-96.56196112818331, 39.10073734956062], [-96.56214079124014, 39.10073734956062], [-96.56214079124014, 39.100917012617444], [-96.56232045429695, 39.100917012617444], [-96.56232045429695, 39.10109667567426], [-96.56250011735378, 39.10109667567426], [-96.56250011735378, 39.10127633873109], [-96.5626797804106, 39.10127633873109], [-96.5626797804106, 39.101635664844736], [-96.56285944346743, 39.101635664844736], [-96.56285944346743, 39.10199499095838], [-96.56303910652426, 39.10199499095838], [-96.56303910652426, 39.102354317072034], [-96.56321876958108, 39.102354317072034], [-96.56321876958108, 39.10289330624251], [-96.5633984326379, 39.10289330624251], [-96.5633984326379, 39.1036119584698], [-96.56357809569472, 39.1036119584698], [-96.56357809569472, 39.103791621526625], [-96.5633984326379, 39.103791621526625], [-96.5633984326379, 39.10451027375392], [-96.56357809569472, 39.10451027375392], [-96.56357809569472, 39.10486959986757], [-96.56375775875155, 39.10486959986757], [-96.56375775875155, 39.10504926292439], [-96.56429674792201, 39.10504926292439], [-96.56429674792201, 39.10486959986757], [-96.5648357370925, 39.10486959986757], [-96.5648357370925, 39.10468993681074], [-96.56501540014932, 39.10468993681074], [-96.56501540014932, 39.10451027375392], [-96.56519506320615, 39.10451027375392], [-96.56519506320615, 39.103971284583444], [-96.5648357370925, 39.103971284583444], [-96.5648357370925, 39.103791621526625], [-96.56465607403567, 39.103791621526625], [-96.56465607403567, 39.1036119584698], [-96.56447641097884, 39.1036119584698], [-96.56447641097884, 39.10343229541298], [-96.56465607403567, 39.10343229541298], [-96.56465607403567, 39.10325263235615], [-96.5648357370925, 39.10325263235615], [-96.5648357370925, 39.10271364318568], [-96.56465607403567, 39.10271364318568], [-96.56465607403567, 39.102533980128854], [-96.56447641097884, 39.102533980128854], [-96.56447641097884, 39.10217465401521], [-96.56429674792201, 39.10217465401521], [-96.56429674792201, 39.10181532790156], [-96.5641170848652, 39.10181532790156], [-96.5641170848652, 39.101635664844736], [-96.56393742180838, 39.101635664844736], [-96.56393742180838, 39.10055768650379], [-96.5641170848652, 39.10055768650379], [-96.5641170848652, 39.09947970816285], [-96.56393742180838, 39.09947970816285], [-96.56393742180838, 39.09894071899238], [-96.56375775875155, 39.09894071899238], [-96.56375775875155, 39.09822206676508], [-96.56303910652426, 39.09822206676508], [-96.56303910652426, 39.09840172982191], [-96.56285944346743, 39.09840172982191], [-96.56285944346743, 39.098761055935555], [-96.5626797804106, 39.098761055935555], [-96.5626797804106, 39.09894071899238], [-96.56070348678554, 39.09894071899238], [-96.56070348678554, 39.098761055935555], [-96.56052382372872, 39.098761055935555], [-96.56052382372872, 39.09768307759461], [-96.56070348678554, 39.09768307759461], [-96.56070348678554, 39.09750341453779], [-96.56429674792201, 39.09750341453779], [-96.56429674792201, 39.09570678396955], [-96.56447641097884, 39.09570678396955], [-96.56447641097884, 39.09552712091272], [-96.56465607403567, 39.09552712091272], [-96.56465607403567, 39.0953474578559], [-96.5648357370925, 39.0953474578559], [-96.5648357370925, 39.095167794799075], [-96.56501540014932, 39.095167794799075], [-96.56501540014932, 39.094988131742255], [-96.56537472626296, 39.094988131742255], [-96.56537472626296, 39.0946288056286], [-96.56519506320615, 39.0946288056286], [-96.56519506320615, 39.09444914257178], [-96.56375775875155, 39.09444914257178], [-96.56375775875155, 39.0946288056286], [-96.56357809569472, 39.0946288056286], [-96.56357809569472, 39.09480846868543], [-96.56321876958108, 39.09480846868543], [-96.56321876958108, 39.094988131742255], [-96.56178146512649, 39.094988131742255], [-96.56178146512649, 39.09480846868543], [-96.55998483455825, 39.09480846868543], [-96.55998483455825, 39.094988131742255], [-96.5596255084446, 39.094988131742255], [-96.5596255084446, 39.0953474578559], [-96.55944584538777, 39.0953474578559], [-96.55944584538777, 39.09552712091272], [-96.55926618233096, 39.09552712091272], [-96.55926618233096, 39.09570678396955], [-96.55818820399001, 39.09570678396955], [-96.55818820399001, 39.09588644702637], [-96.55800854093319, 39.09588644702637], [-96.55800854093319, 39.09606611008319], [-96.55782887787636, 39.09606611008319], [-96.55782887787636, 39.096425436196846], [-96.55746955176271, 39.096425436196846], [-96.55746955176271, 39.096605099253665], [-96.55675089953542, 39.096605099253665], [-96.55675089953542, 39.096425436196846], [-96.55657123647859, 39.096425436196846], [-96.55657123647859, 39.09606611008319], [-96.55693056259224, 39.09606611008319], [-96.55693056259224, 39.09588644702637], [-96.55711022564907, 39.09588644702637], [-96.55711022564907, 39.09570678396955], [-96.5572898887059, 39.09570678396955], [-96.5572898887059, 39.09552712091272], [-96.55746955176271, 39.09552712091272], [-96.55746955176271, 39.0953474578559], [-96.5572898887059, 39.0953474578559], [-96.5572898887059, 39.095167794799075], [-96.55711022564907, 39.095167794799075], [-96.55711022564907, 39.094988131742255], [-96.55675089953542, 39.094988131742255], [-96.55675089953542, 39.09480846868543], [-96.55657123647859, 39.09480846868543], [-96.55657123647859, 39.09444914257178], [-96.55693056259224, 39.09444914257178], [-96.55693056259224, 39.094269479514956], [-96.5572898887059, 39.094269479514956], [-96.5572898887059, 39.09444914257178], [-96.55944584538777, 39.09444914257178], [-96.55944584538777, 39.094269479514956], [-96.55980517150142, 39.094269479514956], [-96.55980517150142, 39.09355082728766], [-96.55944584538777, 39.09355082728766], [-96.55944584538777, 39.09337116423084], [-96.55926618233096, 39.09337116423084], [-96.55926618233096, 39.09319150117401], [-96.55908651927413, 39.09319150117401], [-96.55908651927413, 39.09247284894672], [-96.5589068562173, 39.09247284894672], [-96.5589068562173, 39.09229318588989], [-96.55746955176271, 39.09229318588989], [-96.55746955176271, 39.09247284894672], [-96.55693056259224, 39.09247284894672], [-96.55693056259224, 39.09229318588989], [-96.55657123647859, 39.09229318588989], [-96.55657123647859, 39.091394870605775], [-96.55675089953542, 39.091394870605775], [-96.55675089953542, 39.09103554449213], [-96.55657123647859, 39.09103554449213], [-96.55657123647859, 39.0908558814353], [-96.55639157342176, 39.0908558814353], [-96.55639157342176, 39.090676218378476], [-96.55567292119447, 39.090676218378476], [-96.55567292119447, 39.0908558814353], [-96.55531359508083, 39.0908558814353], [-96.55531359508083, 39.090676218378476], [-96.555133932024, 39.090676218378476], [-96.555133932024, 39.09049655532166], [-96.55657123647859, 39.09049655532166], [-96.55657123647859, 39.09031689226483], [-96.55675089953542, 39.09031689226483], [-96.55675089953542, 39.08941857698071], [-96.55657123647859, 39.08941857698071], [-96.55657123647859, 39.089238913923886], [-96.55639157342176, 39.089238913923886], [-96.55639157342176, 39.08905925086707], [-96.555133932024, 39.08905925086707], [-96.555133932024, 39.08887958781024], [-96.55531359508083, 39.08887958781024], [-96.55531359508083, 39.08869992475341], [-96.55567292119447, 39.08869992475341], [-96.55567292119447, 39.088520261696594], [-96.5558525842513, 39.088520261696594], [-96.5558525842513, 39.08798127252612], [-96.55693056259224, 39.08798127252612], [-96.55693056259224, 39.08834059863977], [-96.55711022564907, 39.08834059863977], [-96.55711022564907, 39.08869992475341], [-96.55746955176271, 39.08869992475341], [-96.55746955176271, 39.08887958781024], [-96.55782887787636, 39.08887958781024], [-96.55782887787636, 39.08869992475341], [-96.55818820399001, 39.08869992475341], [-96.55818820399001, 39.08816093558294], [-96.55836786704683, 39.08816093558294], [-96.55836786704683, 39.08762194641247], [-96.55818820399001, 39.08762194641247], [-96.55818820399001, 39.086364305014705], [-96.55854753010365, 39.086364305014705], [-96.55854753010365, 39.08654396807153], [-96.55872719316048, 39.08654396807153], [-96.55872719316048, 39.08690329418518], [-96.5589068562173, 39.08690329418518], [-96.5589068562173, 39.087082957242], [-96.55926618233096, 39.087082957242], [-96.55926618233096, 39.08726262029882], [-96.55944584538777, 39.08726262029882], [-96.55944584538777, 39.090137229208004], [-96.5596255084446, 39.090137229208004], [-96.5596255084446, 39.09031689226483], [-96.56016449761508, 39.09031689226483], [-96.56016449761508, 39.09049655532166], [-96.56034416067189, 39.09049655532166], [-96.56034416067189, 39.0908558814353], [-96.56052382372872, 39.0908558814353], [-96.56052382372872, 39.09103554449213], [-96.56070348678554, 39.09103554449213], [-96.56070348678554, 39.09121520754895], [-96.5610628128992, 39.09121520754895], [-96.5610628128992, 39.091574533662595], [-96.56124247595602, 39.091574533662595], [-96.56124247595602, 39.09175419671942], [-96.5610628128992, 39.09175419671942], [-96.5610628128992, 39.09211352283307], [-96.56124247595602, 39.09211352283307], [-96.56124247595602, 39.09247284894672], [-96.56142213901283, 39.09247284894672], [-96.56142213901283, 39.09265251200354], [-96.56160180206966, 39.09265251200354], [-96.56160180206966, 39.092832175060366], [-96.56214079124014, 39.092832175060366], [-96.56214079124014, 39.09265251200354], [-96.56357809569472, 39.09265251200354], [-96.56357809569472, 39.092832175060366], [-96.56447641097884, 39.092832175060366], [-96.56447641097884, 39.09265251200354], [-96.56465607403567, 39.09265251200354], [-96.56465607403567, 39.09211352283307], [-96.56447641097884, 39.09211352283307], [-96.56447641097884, 39.09193385977625], [-96.56429674792201, 39.09193385977625], [-96.56429674792201, 39.09175419671942], [-96.5641170848652, 39.09175419671942], [-96.5641170848652, 39.091574533662595], [-96.56393742180838, 39.091574533662595], [-96.56393742180838, 39.091394870605775], [-96.56375775875155, 39.091394870605775], [-96.56375775875155, 39.09121520754895], [-96.56357809569472, 39.09121520754895], [-96.56357809569472, 39.09103554449213], [-96.5633984326379, 39.09103554449213], [-96.5633984326379, 39.0908558814353], [-96.56232045429695, 39.0908558814353], [-96.56232045429695, 39.087801609469295], [-96.56214079124014, 39.087801609469295], [-96.56214079124014, 39.08744228335565], [-96.56232045429695, 39.08744228335565], [-96.56232045429695, 39.087082957242], [-96.5633984326379, 39.087082957242], [-96.5633984326379, 39.08726262029882], [-96.56357809569472, 39.08726262029882], [-96.56357809569472, 39.087801609469295], [-96.5633984326379, 39.087801609469295], [-96.5633984326379, 39.08816093558294], [-96.56357809569472, 39.08816093558294], [-96.56357809569472, 39.08834059863977], [-96.56375775875155, 39.08834059863977], [-96.56375775875155, 39.088520261696594], [-96.56393742180838, 39.088520261696594], [-96.56393742180838, 39.08869992475341], [-96.56429674792201, 39.08869992475341], [-96.56429674792201, 39.08977790309436], [-96.56447641097884, 39.08977790309436], [-96.56447641097884, 39.089957566151185], [-96.5648357370925, 39.089957566151185], [-96.5648357370925, 39.090137229208004], [-96.56573405237661, 39.090137229208004], [-96.56573405237661, 39.09031689226483], [-96.56591371543344, 39.09031689226483], [-96.56591371543344, 39.09049655532166], [-96.56609337849027, 39.09049655532166], [-96.56609337849027, 39.090676218378476], [-96.56627304154708, 39.090676218378476], [-96.56627304154708, 39.0908558814353], [-96.5664527046039, 39.0908558814353], [-96.5664527046039, 39.09103554449213], [-96.56681203071756, 39.09103554449213], [-96.56681203071756, 39.09121520754895], [-96.56699169377438, 39.09121520754895], [-96.56699169377438, 39.09193385977625], [-96.56681203071756, 39.09193385977625], [-96.56681203071756, 39.09211352283307], [-96.56699169377438, 39.09211352283307], [-96.56699169377438, 39.09229318588989], [-96.56717135683121, 39.09229318588989], [-96.56717135683121, 39.09247284894672], [-96.56753068294485, 39.09247284894672], [-96.56753068294485, 39.09229318588989], [-96.56771034600168, 39.09229318588989], [-96.56771034600168, 39.09193385977625], [-96.5678900090585, 39.09193385977625], [-96.5678900090585, 39.09103554449213], [-96.56806967211533, 39.09103554449213], [-96.56806967211533, 39.09049655532166], [-96.56824933517214, 39.09049655532166], [-96.56824933517214, 39.090137229208004], [-96.56842899822897, 39.090137229208004], [-96.56842899822897, 39.08959824003753], [-96.56824933517214, 39.08959824003753], [-96.56824933517214, 39.08941857698071], [-96.56806967211533, 39.08941857698071], [-96.56806967211533, 39.089238913923886], [-96.5678900090585, 39.089238913923886], [-96.5678900090585, 39.08887958781024], [-96.56771034600168, 39.08887958781024], [-96.56771034600168, 39.08869992475341], [-96.56735101988802, 39.08869992475341], [-96.56735101988802, 39.088520261696594], [-96.56555438931979, 39.088520261696594], [-96.56555438931979, 39.08834059863977], [-96.56537472626296, 39.08834059863977], [-96.56537472626296, 39.08798127252612], [-96.56555438931979, 39.08798127252612], [-96.56555438931979, 39.087801609469295], [-96.56824933517214, 39.087801609469295], [-96.56824933517214, 39.08798127252612], [-96.56842899822897, 39.08798127252612], [-96.56842899822897, 39.08816093558294], [-96.5686086612858, 39.08816093558294], [-96.5686086612858, 39.08834059863977], [-96.56932731351309, 39.08834059863977], [-96.56932731351309, 39.088520261696594], [-96.56986630268356, 39.088520261696594], [-96.56986630268356, 39.08834059863977], [-96.57004596574039, 39.08834059863977], [-96.57004596574039, 39.08798127252612], [-96.5702256287972, 39.08798127252612], [-96.5702256287972, 39.087801609469295], [-96.57040529185403, 39.087801609469295], [-96.57040529185403, 39.087082957242], [-96.56968663962674, 39.087082957242], [-96.56968663962674, 39.08690329418518], [-96.56735101988802, 39.08690329418518], [-96.56735101988802, 39.08672363112835], [-96.56699169377438, 39.08672363112835], [-96.56699169377438, 39.086364305014705], [-96.56681203071756, 39.086364305014705], [-96.56681203071756, 39.08618464195788], [-96.56663236766073, 39.08618464195788], [-96.56663236766073, 39.08600497890106], [-96.56555438931979, 39.08600497890106], [-96.56555438931979, 39.08582531584423], [-96.56537472626296, 39.08582531584423], [-96.56537472626296, 39.08528632667376], [-96.56501540014932, 39.08528632667376], [-96.56501540014932, 39.08510666361694], [-96.56393742180838, 39.08510666361694], [-96.56393742180838, 39.08474733750329], [-96.56501540014932, 39.08474733750329], [-96.56501540014932, 39.08456767444647], [-96.56537472626296, 39.08456767444647], [-96.56537472626296, 39.084208348332815], [-96.56555438931979, 39.084208348332815], [-96.56555438931979, 39.08384902221917], [-96.56663236766073, 39.08384902221917], [-96.56663236766073, 39.084028685275996], [-96.56681203071756, 39.084028685275996], [-96.56681203071756, 39.08438801138964], [-96.56699169377438, 39.08438801138964], [-96.56699169377438, 39.08456767444647], [-96.56753068294485, 39.08456767444647], [-96.56753068294485, 39.08474733750329], [-96.56771034600168, 39.08474733750329], [-96.56771034600168, 39.08510666361694], [-96.5678900090585, 39.08510666361694], [-96.5678900090585, 39.08528632667376], [-96.56824933517214, 39.08528632667376], [-96.56824933517214, 39.08546598973059], [-96.5686086612858, 39.08546598973059], [-96.5686086612858, 39.08528632667376], [-96.57076461796768, 39.08528632667376], [-96.57076461796768, 39.08546598973059], [-96.57094428102451, 39.08546598973059], [-96.57094428102451, 39.085645652787406], [-96.57112394408134, 39.085645652787406], [-96.57112394408134, 39.08600497890106], [-96.57130360713815, 39.08600497890106], [-96.57130360713815, 39.08582531584423], [-96.5716629332518, 39.08582531584423], [-96.5716629332518, 39.08546598973059], [-96.57184259630863, 39.08546598973059], [-96.57184259630863, 39.08528632667376], [-96.57202225936545, 39.08528632667376], [-96.57202225936545, 39.08510666361694], [-96.57220192242227, 39.08510666361694], [-96.57220192242227, 39.084927000560114], [-96.57238158547909, 39.084927000560114], [-96.57238158547909, 39.08456767444647], [-96.57256124853592, 39.08456767444647], [-96.57256124853592, 39.084028685275996], [-96.57238158547909, 39.084028685275996], [-96.57238158547909, 39.08384902221917], [-96.57184259630863, 39.08384902221917], [-96.57184259630863, 39.08366935916234], [-96.5702256287972, 39.08366935916234], [-96.5702256287972, 39.08313036999188], [-96.57040529185403, 39.08313036999188], [-96.57040529185403, 39.08295070693505], [-96.57381888993369, 39.08295070693505], [-96.57381888993369, 39.082771043878225], [-96.57399855299052, 39.082771043878225], [-96.57399855299052, 39.08223205470775], [-96.57381888993369, 39.08223205470775], [-96.57381888993369, 39.08205239165093], [-96.57363922687686, 39.08205239165093], [-96.57363922687686, 39.08187272859411], [-96.57345956382004, 39.08187272859411], [-96.57345956382004, 39.08169306553728], [-96.57327990076321, 39.08169306553728], [-96.57327990076321, 39.08151340248046], [-96.57202225936545, 39.08151340248046], [-96.57202225936545, 39.081333739423634], [-96.57058495491086, 39.081333739423634], [-96.57058495491086, 39.08151340248046], [-96.56986630268356, 39.08151340248046], [-96.56986630268356, 39.081333739423634], [-96.56914765045627, 39.081333739423634], [-96.56914765045627, 39.081154076366815], [-96.5686086612858, 39.081154076366815], [-96.5686086612858, 39.081333739423634], [-96.56842899822897, 39.081333739423634], [-96.56842899822897, 39.08169306553728], [-96.56824933517214, 39.08169306553728], [-96.56824933517214, 39.08187272859411], [-96.56806967211533, 39.08187272859411], [-96.56806967211533, 39.08205239165093], [-96.56735101988802, 39.08205239165093], [-96.56735101988802, 39.08187272859411], [-96.56717135683121, 39.08187272859411], [-96.56717135683121, 39.08151340248046], [-96.56699169377438, 39.08151340248046], [-96.56699169377438, 39.081154076366815], [-96.5664527046039, 39.081154076366815], [-96.5664527046039, 39.08097441330999], [-96.56627304154708, 39.08097441330999], [-96.56627304154708, 39.08061508719634], [-96.56609337849027, 39.08061508719634], [-96.56609337849027, 39.080435424139516], [-96.56573405237661, 39.080435424139516], [-96.56573405237661, 39.08025576108269], [-96.56555438931979, 39.08025576108269], [-96.56555438931979, 39.079896434969044], [-96.56914765045627, 39.079896434969044], [-96.56914765045627, 39.07971677191222], [-96.56932731351309, 39.07971677191222], [-96.56932731351309, 39.0795371088554], [-96.56950697656991, 39.0795371088554], [-96.56950697656991, 39.07917778274175], [-96.56932731351309, 39.07917778274175], [-96.56932731351309, 39.0788184566281], [-96.56896798739945, 39.0788184566281], [-96.56896798739945, 39.07863879357128], [-96.56878832434262, 39.07863879357128], [-96.56878832434262, 39.07845913051445], [-96.5686086612858, 39.07845913051445], [-96.5686086612858, 39.07809980440081], [-96.56842899822897, 39.07809980440081], [-96.56842899822897, 39.07792014134398], [-96.56806967211533, 39.07792014134398], [-96.56806967211533, 39.077740478287154], [-96.5678900090585, 39.077740478287154], [-96.5678900090585, 39.07666249994622], [-96.56842899822897, 39.07666249994622], [-96.56842899822897, 39.07702182605986], [-96.5686086612858, 39.07702182605986], [-96.5686086612858, 39.07738115217351], [-96.56986630268356, 39.07738115217351], [-96.56986630268356, 39.077560815230335], [-96.57004596574039, 39.077560815230335], [-96.57004596574039, 39.077740478287154], [-96.5702256287972, 39.077740478287154], [-96.5702256287972, 39.07792014134398], [-96.57094428102451, 39.07792014134398], [-96.57094428102451, 39.07809980440081], [-96.57148327019497, 39.07809980440081], [-96.57148327019497, 39.07845913051445], [-96.5716629332518, 39.07845913051445], [-96.5716629332518, 39.0788184566281], [-96.57184259630863, 39.0788184566281], [-96.57184259630863, 39.078998119684925], [-96.57238158547909, 39.078998119684925], [-96.57238158547909, 39.0788184566281], [-96.57256124853592, 39.0788184566281], [-96.57256124853592, 39.07845913051445], [-96.57274091159275, 39.07845913051445], [-96.57274091159275, 39.07738115217351], [-96.57256124853592, 39.07738115217351], [-96.57256124853592, 39.07702182605986], [-96.57274091159275, 39.07702182605986], [-96.57274091159275, 39.07666249994622], [-96.57292057464957, 39.07666249994622], [-96.57292057464957, 39.07648283688939], [-96.57381888993369, 39.07648283688939], [-96.57381888993369, 39.07666249994622], [-96.57417821604733, 39.07666249994622], [-96.57417821604733, 39.07792014134398], [-96.57435787910416, 39.07792014134398], [-96.57435787910416, 39.07809980440081], [-96.57651383578605, 39.07809980440081], [-96.57651383578605, 39.07792014134398], [-96.57705282495652, 39.07792014134398], [-96.57705282495652, 39.07809980440081], [-96.57741215107016, 39.07809980440081], [-96.57741215107016, 39.0788184566281], [-96.57723248801334, 39.0788184566281], [-96.57723248801334, 39.078998119684925], [-96.5768731618997, 39.078998119684925], [-96.5768731618997, 39.07917778274175], [-96.57669349884287, 39.07917778274175], [-96.57669349884287, 39.0795371088554], [-96.57651383578605, 39.0795371088554], [-96.57651383578605, 39.07971677191222], [-96.57615450967239, 39.07971677191222], [-96.57615450967239, 39.079896434969044], [-96.57597484661558, 39.079896434969044], [-96.57597484661558, 39.08007609802587], [-96.57579518355875, 39.08007609802587], [-96.57579518355875, 39.08097441330999], [-96.57597484661558, 39.08097441330999], [-96.57597484661558, 39.08079475025316], [-96.57615450967239, 39.08079475025316], [-96.57615450967239, 39.08061508719634], [-96.57633417272922, 39.08061508719634], [-96.57633417272922, 39.080435424139516], [-96.57669349884287, 39.080435424139516], [-96.57669349884287, 39.08007609802587], [-96.5768731618997, 39.08007609802587], [-96.5768731618997, 39.079896434969044], [-96.57723248801334, 39.079896434969044], [-96.57723248801334, 39.07971677191222], [-96.57741215107016, 39.07971677191222], [-96.57741215107016, 39.0795371088554], [-96.57759181412699, 39.0795371088554], [-96.57759181412699, 39.07935744579857], [-96.57777147718382, 39.07935744579857], [-96.57777147718382, 39.07917778274175], [-96.57795114024064, 39.07917778274175], [-96.57795114024064, 39.078998119684925], [-96.57831046635428, 39.078998119684925], [-96.57831046635428, 39.0788184566281], [-96.57866979246793, 39.0788184566281], [-96.57866979246793, 39.07863879357128], [-96.57884945552476, 39.07863879357128], [-96.57884945552476, 39.07845913051445], [-96.57902911858159, 39.07845913051445], [-96.57902911858159, 39.07827946745763], [-96.57884945552476, 39.07827946745763], [-96.57884945552476, 39.07809980440081], [-96.57849012941111, 39.07809980440081], [-96.57849012941111, 39.07792014134398], [-96.57813080329746, 39.07792014134398], [-96.57813080329746, 39.076842163003036], [-96.57831046635428, 39.076842163003036], [-96.57831046635428, 39.07648283688939], [-96.57866979246793, 39.07648283688939], [-96.57866979246793, 39.076303173832564], [-96.57938844469523, 39.076303173832564], [-96.57938844469523, 39.07648283688939], [-96.57974777080888, 39.07648283688939], [-96.57974777080888, 39.07666249994622], [-96.5799274338657, 39.07666249994622], [-96.5799274338657, 39.07702182605986], [-96.58010709692252, 39.07702182605986], [-96.58010709692252, 39.07720148911669], [-96.58046642303617, 39.07720148911669], [-96.58046642303617, 39.07738115217351], [-96.580646086093, 39.07738115217351], [-96.580646086093, 39.077740478287154], [-96.58082574914982, 39.077740478287154], [-96.58082574914982, 39.07792014134398], [-96.58136473832029, 39.07792014134398], [-96.58136473832029, 39.077560815230335], [-96.58154440137712, 39.077560815230335], [-96.58154440137712, 39.07720148911669], [-96.58136473832029, 39.07720148911669], [-96.58136473832029, 39.07666249994622], [-96.58154440137712, 39.07666249994622], [-96.58154440137712, 39.07648283688939], [-96.58136473832029, 39.07648283688939], [-96.58136473832029, 39.0750455324348], [-96.58154440137712, 39.0750455324348], [-96.58154440137712, 39.07486586937797], [-96.58208339054758, 39.07486586937797], [-96.58208339054758, 39.0750455324348], [-96.58226305360441, 39.0750455324348], [-96.58226305360441, 39.075404858548445], [-96.58244271666123, 39.075404858548445], [-96.58244271666123, 39.07558452160527], [-96.58280204277489, 39.07558452160527], [-96.58280204277489, 39.075404858548445], [-96.58298170583171, 39.075404858548445], [-96.58298170583171, 39.074686206321154], [-96.58316136888853, 39.074686206321154], [-96.58316136888853, 39.07342856492338], [-96.58334103194535, 39.07342856492338], [-96.58334103194535, 39.07324890186656], [-96.583700358059, 39.07324890186656], [-96.583700358059, 39.07306923880974], [-96.58388002111583, 39.07306923880974], [-96.58388002111583, 39.07199126046879], [-96.58405968417264, 39.07199126046879], [-96.58405968417264, 39.071811597411966], [-96.58423934722947, 39.071811597411966], [-96.58423934722947, 39.071631934355146], [-96.5844190102863, 39.071631934355146], [-96.5844190102863, 39.071811597411966], [-96.58459867334312, 39.071811597411966], [-96.58459867334312, 39.07306923880974], [-96.58477833639995, 39.07306923880974], [-96.58477833639995, 39.07324890186656], [-96.58459867334312, 39.07324890186656], [-96.58459867334312, 39.0750455324348], [-96.58477833639995, 39.0750455324348], [-96.58477833639995, 39.07720148911669], [-96.5844190102863, 39.07720148911669], [-96.5844190102863, 39.07738115217351], [-96.58405968417264, 39.07738115217351], [-96.58405968417264, 39.077560815230335], [-96.58388002111583, 39.077560815230335], [-96.58388002111583, 39.07792014134398], [-96.58423934722947, 39.07792014134398], [-96.58423934722947, 39.07809980440081], [-96.58567665168407, 39.07809980440081], [-96.58567665168407, 39.07792014134398], [-96.58657496696819, 39.07792014134398], [-96.58657496696819, 39.07738115217351], [-96.58621564085453, 39.07738115217351], [-96.58621564085453, 39.07648283688939], [-96.58639530391136, 39.07648283688939], [-96.58639530391136, 39.07666249994622], [-96.58711395613865, 39.07666249994622], [-96.58711395613865, 39.07648283688939], [-96.58783260836596, 39.07648283688939], [-96.58783260836596, 39.07666249994622], [-96.58801227142277, 39.07666249994622], [-96.58801227142277, 39.07702182605986], [-96.58837159753642, 39.07702182605986], [-96.58837159753642, 39.07720148911669], [-96.58873092365008, 39.07720148911669], [-96.58873092365008, 39.07738115217351], [-96.5896292389342, 39.07738115217351], [-96.5896292389342, 39.077560815230335], [-96.58980890199102, 39.077560815230335], [-96.58980890199102, 39.07720148911669], [-96.5896292389342, 39.07720148911669], [-96.5896292389342, 39.07648283688939], [-96.58944957587737, 39.07648283688939], [-96.58944957587737, 39.076303173832564], [-96.58926991282054, 39.076303173832564], [-96.58926991282054, 39.076123510775744], [-96.58909024976371, 39.076123510775744], [-96.58909024976371, 39.07594384771892], [-96.5889105867069, 39.07594384771892], [-96.5889105867069, 39.07576418466209], [-96.58873092365008, 39.07576418466209], [-96.58873092365008, 39.07558452160527], [-96.58855126059325, 39.07558452160527], [-96.58855126059325, 39.075404858548445], [-96.58837159753642, 39.075404858548445], [-96.58837159753642, 39.075225195491626], [-96.5881919344796, 39.075225195491626], [-96.5881919344796, 39.0750455324348], [-96.58783260836596, 39.0750455324348], [-96.58783260836596, 39.075225195491626], [-96.58765294530913, 39.075225195491626], [-96.58765294530913, 39.075404858548445], [-96.5874732822523, 39.075404858548445], [-96.5874732822523, 39.07558452160527], [-96.58639530391136, 39.07558452160527], [-96.58639530391136, 39.075404858548445], [-96.5858563147409, 39.075404858548445], [-96.5858563147409, 39.075225195491626], [-96.58567665168407, 39.075225195491626], [-96.58567665168407, 39.07450654326433], [-96.58549698862724, 39.07450654326433], [-96.58549698862724, 39.07342856492338], [-96.58531732557041, 39.07342856492338], [-96.58531732557041, 39.07235058658244], [-96.58513766251359, 39.07235058658244], [-96.58513766251359, 39.07145227129832], [-96.58531732557041, 39.07145227129832], [-96.58531732557041, 39.07073361907103], [-96.58549698862724, 39.07073361907103], [-96.58549698862724, 39.070374292957375], [-96.58513766251359, 39.070374292957375], [-96.58513766251359, 39.070194629900556], [-96.58459867334312, 39.070194629900556], [-96.58459867334312, 39.07001496684373]], [[-96.55423561673989, 39.08798127252612], [-96.55423561673989, 39.08834059863977], [-96.5544152797967, 39.08834059863977], [-96.5544152797967, 39.08798127252612], [-96.55423561673989, 39.08798127252612]], [[-96.56142213901283, 39.085645652787406], [-96.56142213901283, 39.08654396807153], [-96.56160180206966, 39.08654396807153], [-96.56160180206966, 39.08672363112835], [-96.56178146512649, 39.08672363112835], [-96.56178146512649, 39.08654396807153], [-96.56196112818331, 39.08654396807153], [-96.56196112818331, 39.085645652787406], [-96.56142213901283, 39.085645652787406]]]}, "id": "+464288+283474", "properties": {"count": 7250, "label": 2}}, {"type": "Feature", "geometry": {"geodesic": false, "type": "Polygon", "coordinates": [[[-96.5844190102863, 39.071631934355146], [-96.58423934722947, 39.071631934355146], [-96.58423934722947, 39.071811597411966], [-96.58405968417264, 39.071811597411966], [-96.58405968417264, 39.07199126046879], [-96.58388002111583, 39.07199126046879], [-96.58388002111583, 39.07306923880974], [-96.583700358059, 39.07306923880974], [-96.583700358059, 39.07324890186656], [-96.58334103194535, 39.07324890186656], [-96.58334103194535, 39.07342856492338], [-96.58316136888853, 39.07342856492338], [-96.58316136888853, 39.074686206321154], [-96.58298170583171, 39.074686206321154], [-96.58298170583171, 39.075404858548445], [-96.58280204277489, 39.075404858548445], [-96.58280204277489, 39.07558452160527], [-96.58244271666123, 39.07558452160527], [-96.58244271666123, 39.075404858548445], [-96.58226305360441, 39.075404858548445], [-96.58226305360441, 39.0750455324348], [-96.58208339054758, 39.0750455324348], [-96.58208339054758, 39.07486586937797], [-96.58154440137712, 39.07486586937797], [-96.58154440137712, 39.0750455324348], [-96.58136473832029, 39.0750455324348], [-96.58136473832029, 39.07648283688939], [-96.58154440137712, 39.07648283688939], [-96.58154440137712, 39.07666249994622], [-96.58136473832029, 39.07666249994622], [-96.58136473832029, 39.07720148911669], [-96.58154440137712, 39.07720148911669], [-96.58154440137712, 39.077560815230335], [-96.58136473832029, 39.077560815230335], [-96.58136473832029, 39.07792014134398], [-96.58082574914982, 39.07792014134398], [-96.58082574914982, 39.077740478287154], [-96.580646086093, 39.077740478287154], [-96.580646086093, 39.07738115217351], [-96.58046642303617, 39.07738115217351], [-96.58046642303617, 39.07720148911669], [-96.58010709692252, 39.07720148911669], [-96.58010709692252, 39.07702182605986], [-96.5799274338657, 39.07702182605986], [-96.5799274338657, 39.07666249994622], [-96.57974777080888, 39.07666249994622], [-96.57974777080888, 39.07648283688939], [-96.57938844469523, 39.07648283688939], [-96.57938844469523, 39.076303173832564], [-96.57866979246793, 39.076303173832564], [-96.57866979246793, 39.07648283688939], [-96.57831046635428, 39.07648283688939], [-96.57831046635428, 39.076842163003036], [-96.57813080329746, 39.076842163003036], [-96.57813080329746, 39.07792014134398], [-96.57849012941111, 39.07792014134398], [-96.57849012941111, 39.07809980440081], [-96.57884945552476, 39.07809980440081], [-96.57884945552476, 39.07827946745763], [-96.57902911858159, 39.07827946745763], [-96.57902911858159, 39.07917778274175], [-96.5792087816384, 39.07917778274175], [-96.5792087816384, 39.07935744579857], [-96.57938844469523, 39.07935744579857], [-96.57938844469523, 39.0795371088554], [-96.57956810775205, 39.0795371088554], [-96.57956810775205, 39.07971677191222], [-96.57974777080888, 39.07971677191222], [-96.57974777080888, 39.079896434969044], [-96.5799274338657, 39.079896434969044], [-96.5799274338657, 39.08007609802587], [-96.58010709692252, 39.08007609802587], [-96.58010709692252, 39.08097441330999], [-96.58100541220665, 39.08097441330999], [-96.58100541220665, 39.081154076366815], [-96.58118507526346, 39.081154076366815], [-96.58118507526346, 39.081333739423634], [-96.58100541220665, 39.081333739423634], [-96.58100541220665, 39.08169306553728], [-96.58136473832029, 39.08169306553728], [-96.58136473832029, 39.081333739423634], [-96.58154440137712, 39.081333739423634], [-96.58154440137712, 39.08097441330999], [-96.58172406443394, 39.08097441330999], [-96.58172406443394, 39.08061508719634], [-96.58208339054758, 39.08061508719634], [-96.58208339054758, 39.08079475025316], [-96.58226305360441, 39.08079475025316], [-96.58226305360441, 39.08097441330999], [-96.58244271666123, 39.08097441330999], [-96.58244271666123, 39.081154076366815], [-96.58262237971806, 39.081154076366815], [-96.58262237971806, 39.081333739423634], [-96.58298170583171, 39.081333739423634], [-96.58298170583171, 39.08151340248046], [-96.58316136888853, 39.08151340248046], [-96.58316136888853, 39.081333739423634], [-96.58298170583171, 39.081333739423634], [-96.58298170583171, 39.081154076366815], [-96.58280204277489, 39.081154076366815], [-96.58280204277489, 39.079896434969044], [-96.58298170583171, 39.079896434969044], [-96.58298170583171, 39.07971677191222], [-96.58280204277489, 39.07971677191222], [-96.58280204277489, 39.0795371088554], [-96.58298170583171, 39.0795371088554], [-96.58298170583171, 39.07917778274175], [-96.58316136888853, 39.07917778274175], [-96.58316136888853, 39.078998119684925], [-96.58334103194535, 39.078998119684925], [-96.58334103194535, 39.0788184566281], [-96.583700358059, 39.0788184566281], [-96.583700358059, 39.07863879357128], [-96.58388002111583, 39.07863879357128], [-96.58388002111583, 39.077560815230335], [-96.58405968417264, 39.077560815230335], [-96.58405968417264, 39.07738115217351], [-96.5844190102863, 39.07738115217351], [-96.5844190102863, 39.07720148911669], [-96.58477833639995, 39.07720148911669], [-96.58477833639995, 39.0750455324348], [-96.58459867334312, 39.0750455324348], [-96.58459867334312, 39.07324890186656], [-96.58477833639995, 39.07324890186656], [-96.58477833639995, 39.07306923880974], [-96.58459867334312, 39.07306923880974], [-96.58459867334312, 39.071811597411966], [-96.5844190102863, 39.071811597411966], [-96.5844190102863, 39.071631934355146]]]}, "id": "+464289+283465", "properties": {"count": 853, "label": 0}}, {"type": "Feature", "geometry": {"geodesic": false, "type": "Polygon", "coordinates": [[[-96.58423934722947, 39.07792014134398], [-96.58388002111583, 39.07792014134398], [-96.58388002111583, 39.07863879357128], [-96.583700358059, 39.07863879357128], [-96.583700358059, 39.0788184566281], [-96.58334103194535, 39.0788184566281], [-96.58334103194535, 39.078998119684925], [-96.58316136888853, 39.078998119684925], [-96.58316136888853, 39.07917778274175], [-96.58298170583171, 39.07917778274175], [-96.58298170583171, 39.0795371088554], [-96.58280204277489, 39.0795371088554], [-96.58280204277489, 39.07971677191222], [-96.58298170583171, 39.07971677191222], [-96.58298170583171, 39.079896434969044], [-96.58280204277489, 39.079896434969044], [-96.58280204277489, 39.081154076366815], [-96.58298170583171, 39.081154076366815], [-96.58298170583171, 39.081333739423634], [-96.58316136888853, 39.081333739423634], [-96.58316136888853, 39.08169306553728], [-96.583700358059, 39.08169306553728], [-96.583700358059, 39.08151340248046], [-96.58388002111583, 39.08151340248046], [-96.58388002111583, 39.081154076366815], [-96.58405968417264, 39.081154076366815], [-96.58405968417264, 39.08097441330999], [-96.58423934722947, 39.08097441330999], [-96.58423934722947, 39.08079475025316], [-96.5844190102863, 39.08079475025316], [-96.5844190102863, 39.080435424139516], [-96.58459867334312, 39.080435424139516], [-96.58459867334312, 39.08025576108269], [-96.58477833639995, 39.08025576108269], [-96.58477833639995, 39.08007609802587], [-96.58495799945678, 39.08007609802587], [-96.58495799945678, 39.079896434969044], [-96.58513766251359, 39.079896434969044], [-96.58513766251359, 39.07971677191222], [-96.58531732557041, 39.07971677191222], [-96.58531732557041, 39.0795371088554], [-96.58549698862724, 39.0795371088554], [-96.58549698862724, 39.07809980440081], [-96.58423934722947, 39.07809980440081], [-96.58423934722947, 39.07792014134398]]]}, "id": "+464291+283430", "properties": {"count": 196, "label": 4}}, {"type": "Feature", "geometry": {"geodesic": false, "type": "Polygon", "coordinates": [[[-96.58388002111583, 39.100198360390145], [-96.583700358059, 39.100198360390145], [-96.583700358059, 39.10037802344697], [-96.58334103194535, 39.10037802344697], [-96.58334103194535, 39.10055768650379], [-96.58244271666123, 39.10055768650379], [-96.58244271666123, 39.10073734956062], [-96.583700358059, 39.10073734956062], [-96.583700358059, 39.10055768650379], [-96.58388002111583, 39.10055768650379], [-96.58388002111583, 39.100198360390145]]]}, "id": "+464292+283306", "properties": {"count": 11, "label": 4}}, {"type": "Feature", "geometry": {"geodesic": false, "type": "Polygon", "coordinates": [[[-96.58226305360441, 39.10073734956062], [-96.58190372749077, 39.10073734956062], [-96.58190372749077, 39.100917012617444], [-96.58226305360441, 39.100917012617444], [-96.58226305360441, 39.10073734956062]]]}, "id": "+464302+283303", "properties": {"count": 2, "label": 4}}, {"type": "Feature", "geometry": {"geodesic": false, "type": "Polygon", "coordinates": [[[-96.58208339054758, 39.08061508719634], [-96.58172406443394, 39.08061508719634], [-96.58172406443394, 39.08097441330999], [-96.58154440137712, 39.08097441330999], [-96.58154440137712, 39.081333739423634], [-96.58136473832029, 39.081333739423634], [-96.58136473832029, 39.08169306553728], [-96.58118507526346, 39.08169306553728], [-96.58118507526346, 39.08187272859411], [-96.58136473832029, 39.08187272859411], [-96.58136473832029, 39.08205239165093], [-96.58154440137712, 39.08205239165093], [-96.58154440137712, 39.08223205470775], [-96.58172406443394, 39.08223205470775], [-96.58172406443394, 39.08241171776458], [-96.58190372749077, 39.08241171776458], [-96.58190372749077, 39.08384902221917], [-96.58172406443394, 39.08384902221917], [-96.58172406443394, 39.084028685275996], [-96.58190372749077, 39.084028685275996], [-96.58190372749077, 39.08438801138964], [-96.58172406443394, 39.08438801138964], [-96.58172406443394, 39.085645652787406], [-96.58190372749077, 39.085645652787406], [-96.58190372749077, 39.08600497890106], [-96.58208339054758, 39.08600497890106], [-96.58208339054758, 39.08618464195788], [-96.58226305360441, 39.08618464195788], [-96.58226305360441, 39.086364305014705], [-96.58244271666123, 39.086364305014705], [-96.58244271666123, 39.08654396807153], [-96.58262237971806, 39.08654396807153], [-96.58262237971806, 39.08672363112835], [-96.58280204277489, 39.08672363112835], [-96.58280204277489, 39.08690329418518], [-96.58298170583171, 39.08690329418518], [-96.58298170583171, 39.08744228335565], [-96.58316136888853, 39.08744228335565], [-96.58316136888853, 39.08798127252612], [-96.58334103194535, 39.08798127252612], [-96.58334103194535, 39.08869992475341], [-96.58298170583171, 39.08869992475341], [-96.58298170583171, 39.08887958781024], [-96.58262237971806, 39.08887958781024], [-96.58262237971806, 39.08869992475341], [-96.58226305360441, 39.08869992475341], [-96.58226305360441, 39.088520261696594], [-96.58172406443394, 39.088520261696594], [-96.58172406443394, 39.08834059863977], [-96.58136473832029, 39.08834059863977], [-96.58136473832029, 39.08816093558294], [-96.58118507526346, 39.08816093558294], [-96.58118507526346, 39.08798127252612], [-96.5799274338657, 39.08798127252612], [-96.5799274338657, 39.087801609469295], [-96.57956810775205, 39.087801609469295], [-96.57956810775205, 39.08726262029882], [-96.57938844469523, 39.08726262029882], [-96.57938844469523, 39.087082957242], [-96.5792087816384, 39.087082957242], [-96.5792087816384, 39.08726262029882], [-96.57795114024064, 39.08726262029882], [-96.57795114024064, 39.086364305014705], [-96.57759181412699, 39.086364305014705], [-96.57759181412699, 39.08600497890106], [-96.57741215107016, 39.08600497890106], [-96.57741215107016, 39.08528632667376], [-96.57723248801334, 39.08528632667376], [-96.57723248801334, 39.084927000560114], [-96.57651383578605, 39.084927000560114], [-96.57651383578605, 39.08510666361694], [-96.57615450967239, 39.08510666361694], [-96.57615450967239, 39.08474733750329], [-96.57597484661558, 39.08474733750329], [-96.57597484661558, 39.08438801138964], [-96.57579518355875, 39.08438801138964], [-96.57579518355875, 39.084028685275996], [-96.57561552050193, 39.084028685275996], [-96.57561552050193, 39.08384902221917], [-96.57525619438827, 39.08384902221917], [-96.57525619438827, 39.084028685275996], [-96.57507653133146, 39.084028685275996], [-96.57507653133146, 39.084208348332815], [-96.57489686827464, 39.084208348332815], [-96.57489686827464, 39.08438801138964], [-96.57471720521781, 39.08438801138964], [-96.57471720521781, 39.08474733750329], [-96.57453754216098, 39.08474733750329], [-96.57453754216098, 39.08510666361694], [-96.57471720521781, 39.08510666361694], [-96.57471720521781, 39.085645652787406], [-96.57489686827464, 39.085645652787406], [-96.57489686827464, 39.08618464195788], [-96.57507653133146, 39.08618464195788], [-96.57507653133146, 39.086364305014705], [-96.57525619438827, 39.086364305014705], [-96.57525619438827, 39.08654396807153], [-96.5754358574451, 39.08654396807153], [-96.5754358574451, 39.08672363112835], [-96.57561552050193, 39.08672363112835], [-96.57561552050193, 39.08690329418518], [-96.57579518355875, 39.08690329418518], [-96.57579518355875, 39.087801609469295], [-96.57561552050193, 39.087801609469295], [-96.57561552050193, 39.08798127252612], [-96.5754358574451, 39.08798127252612], [-96.5754358574451, 39.08816093558294], [-96.57489686827464, 39.08816093558294], [-96.57489686827464, 39.08798127252612], [-96.57453754216098, 39.08798127252612], [-96.57453754216098, 39.08816093558294], [-96.57435787910416, 39.08816093558294], [-96.57435787910416, 39.08834059863977], [-96.57417821604733, 39.08834059863977], [-96.57417821604733, 39.088520261696594], [-96.57327990076321, 39.088520261696594], [-96.57327990076321, 39.08834059863977], [-96.57274091159275, 39.08834059863977], [-96.57274091159275, 39.088520261696594], [-96.57238158547909, 39.088520261696594], [-96.57238158547909, 39.08869992475341], [-96.57202225936545, 39.08869992475341], [-96.57202225936545, 39.08941857698071], [-96.57274091159275, 39.08941857698071], [-96.57274091159275, 39.08959824003753], [-96.57292057464957, 39.08959824003753], [-96.57292057464957, 39.08977790309436], [-96.5731002377064, 39.08977790309436], [-96.5731002377064, 39.089957566151185], [-96.57327990076321, 39.089957566151185], [-96.57327990076321, 39.090137229208004], [-96.57507653133146, 39.090137229208004], [-96.57507653133146, 39.089957566151185], [-96.5754358574451, 39.089957566151185], [-96.5754358574451, 39.08977790309436], [-96.57561552050193, 39.08977790309436], [-96.57561552050193, 39.08959824003753], [-96.57579518355875, 39.08959824003753], [-96.57579518355875, 39.08941857698071], [-96.57597484661558, 39.08941857698071], [-96.57597484661558, 39.08905925086707], [-96.57633417272922, 39.08905925086707], [-96.57633417272922, 39.08887958781024], [-96.5768731618997, 39.08887958781024], [-96.5768731618997, 39.08905925086707], [-96.57723248801334, 39.08905925086707], [-96.57723248801334, 39.089238913923886], [-96.57741215107016, 39.089238913923886], [-96.57741215107016, 39.08941857698071], [-96.57759181412699, 39.08941857698071], [-96.57759181412699, 39.08959824003753], [-96.57777147718382, 39.08959824003753], [-96.57777147718382, 39.089957566151185], [-96.57795114024064, 39.089957566151185], [-96.57795114024064, 39.09049655532166], [-96.57777147718382, 39.09049655532166], [-96.57777147718382, 39.090676218378476], [-96.57759181412699, 39.090676218378476], [-96.57759181412699, 39.0908558814353], [-96.57741215107016, 39.0908558814353], [-96.57741215107016, 39.09103554449213], [-96.57723248801334, 39.09103554449213], [-96.57723248801334, 39.09121520754895], [-96.57705282495652, 39.09121520754895], [-96.57705282495652, 39.091394870605775], [-96.5768731618997, 39.091394870605775], [-96.5768731618997, 39.09175419671942], [-96.57669349884287, 39.09175419671942], [-96.57669349884287, 39.09193385977625], [-96.57633417272922, 39.09193385977625], [-96.57633417272922, 39.09211352283307], [-96.57615450967239, 39.09211352283307], [-96.57615450967239, 39.09229318588989], [-96.57866979246793, 39.09229318588989], [-96.57866979246793, 39.09211352283307], [-96.57884945552476, 39.09211352283307], [-96.57884945552476, 39.09193385977625], [-96.57902911858159, 39.09193385977625], [-96.57902911858159, 39.09121520754895], [-96.5792087816384, 39.09121520754895], [-96.5792087816384, 39.0908558814353], [-96.57938844469523, 39.0908558814353], [-96.57938844469523, 39.090676218378476], [-96.58118507526346, 39.090676218378476], [-96.58118507526346, 39.0908558814353], [-96.58136473832029, 39.0908558814353], [-96.58136473832029, 39.09103554449213], [-96.58154440137712, 39.09103554449213], [-96.58154440137712, 39.091394870605775], [-96.58172406443394, 39.091394870605775], [-96.58172406443394, 39.091574533662595], [-96.58244271666123, 39.091574533662595], [-96.58244271666123, 39.091394870605775], [-96.58262237971806, 39.091394870605775], [-96.58262237971806, 39.091574533662595], [-96.58280204277489, 39.091574533662595], [-96.58280204277489, 39.09175419671942], [-96.58298170583171, 39.09175419671942], [-96.58298170583171, 39.09193385977625], [-96.58316136888853, 39.09193385977625], [-96.58316136888853, 39.09211352283307], [-96.58334103194535, 39.09211352283307], [-96.58334103194535, 39.09265251200354], [-96.58298170583171, 39.09265251200354], [-96.58298170583171, 39.092832175060366], [-96.58262237971806, 39.092832175060366], [-96.58262237971806, 39.09301183811719], [-96.58244271666123, 39.09301183811719], [-96.58244271666123, 39.09337116423084], [-96.58226305360441, 39.09337116423084], [-96.58226305360441, 39.09355082728766], [-96.58190372749077, 39.09355082728766], [-96.58190372749077, 39.093730490344484], [-96.58172406443394, 39.093730490344484], [-96.58172406443394, 39.0946288056286], [-96.58208339054758, 39.0946288056286], [-96.58208339054758, 39.094269479514956], [-96.58226305360441, 39.094269479514956], [-96.58226305360441, 39.09408981645813], [-96.58262237971806, 39.09408981645813], [-96.58262237971806, 39.09391015340131], [-96.583700358059, 39.09391015340131], [-96.583700358059, 39.09408981645813], [-96.58423934722947, 39.09408981645813], [-96.58423934722947, 39.09391015340131], [-96.5844190102863, 39.09391015340131], [-96.5844190102863, 39.093730490344484], [-96.58459867334312, 39.093730490344484], [-96.58459867334312, 39.09337116423084], [-96.58477833639995, 39.09337116423084], [-96.58477833639995, 39.09319150117401], [-96.58567665168407, 39.09319150117401], [-96.58567665168407, 39.09391015340131], [-96.5858563147409, 39.09391015340131], [-96.5858563147409, 39.09408981645813], [-96.58657496696819, 39.09408981645813], [-96.58657496696819, 39.09570678396955], [-96.58639530391136, 39.09570678396955], [-96.58639530391136, 39.09606611008319], [-96.58657496696819, 39.09606611008319], [-96.58657496696819, 39.096425436196846], [-96.58639530391136, 39.096425436196846], [-96.58639530391136, 39.096605099253665], [-96.58621564085453, 39.096605099253665], [-96.58621564085453, 39.09678476231049], [-96.58495799945678, 39.09678476231049], [-96.58495799945678, 39.09696442536732], [-96.58477833639995, 39.09696442536732], [-96.58477833639995, 39.09714408842414], [-96.58495799945678, 39.09714408842414], [-96.58495799945678, 39.097323751480964], [-96.58531732557041, 39.097323751480964], [-96.58531732557041, 39.09750341453779], [-96.58549698862724, 39.09750341453779], [-96.58549698862724, 39.097323751480964], [-96.58675463002501, 39.097323751480964], [-96.58675463002501, 39.09750341453779], [-96.58711395613865, 39.09750341453779], [-96.58711395613865, 39.097862740651436], [-96.58729361919548, 39.097862740651436], [-96.58729361919548, 39.098042403708256], [-96.5874732822523, 39.098042403708256], [-96.5874732822523, 39.09822206676508], [-96.58783260836596, 39.09822206676508], [-96.58783260836596, 39.09840172982191], [-96.58801227142277, 39.09840172982191], [-96.58801227142277, 39.098761055935555], [-96.5881919344796, 39.098761055935555], [-96.5881919344796, 39.09930004510603], [-96.58801227142277, 39.09930004510603], [-96.58801227142277, 39.10055768650379], [-96.58783260836596, 39.10055768650379], [-96.58783260836596, 39.10073734956062], [-96.58711395613865, 39.10073734956062], [-96.58711395613865, 39.100198360390145], [-96.58693429308184, 39.100198360390145], [-96.58693429308184, 39.10001869733332], [-96.58675463002501, 39.10001869733332], [-96.58675463002501, 39.0998390342765], [-96.58639530391136, 39.0998390342765], [-96.58639530391136, 39.09947970816285], [-96.58621564085453, 39.09947970816285], [-96.58621564085453, 39.09930004510603], [-96.5860359777977, 39.09930004510603], [-96.5860359777977, 39.0991203820492], [-96.58495799945678, 39.0991203820492], [-96.58495799945678, 39.09894071899238], [-96.58477833639995, 39.09894071899238], [-96.58477833639995, 39.098761055935555], [-96.58459867334312, 39.098761055935555], [-96.58459867334312, 39.09858139287873], [-96.5844190102863, 39.09858139287873], [-96.5844190102863, 39.09840172982191], [-96.58405968417264, 39.09840172982191], [-96.58405968417264, 39.09822206676508], [-96.58388002111583, 39.09822206676508], [-96.58388002111583, 39.098042403708256], [-96.583700358059, 39.098042403708256], [-96.583700358059, 39.097862740651436], [-96.58352069500218, 39.097862740651436], [-96.58352069500218, 39.09768307759461], [-96.58262237971806, 39.09768307759461], [-96.58262237971806, 39.098042403708256], [-96.58280204277489, 39.098042403708256], [-96.58280204277489, 39.09822206676508], [-96.58298170583171, 39.09822206676508], [-96.58298170583171, 39.09840172982191], [-96.58316136888853, 39.09840172982191], [-96.58316136888853, 39.098761055935555], [-96.58334103194535, 39.098761055935555], [-96.58334103194535, 39.09894071899238], [-96.58352069500218, 39.09894071899238], [-96.58352069500218, 39.0991203820492], [-96.58388002111583, 39.0991203820492], [-96.58388002111583, 39.10055768650379], [-96.583700358059, 39.10055768650379], [-96.583700358059, 39.10073734956062], [-96.58226305360441, 39.10073734956062], [-96.58226305360441, 39.100917012617444], [-96.58190372749077, 39.100917012617444], [-96.58190372749077, 39.10073734956062], [-96.58172406443394, 39.10073734956062], [-96.58172406443394, 39.10055768650379], [-96.58154440137712, 39.10055768650379], [-96.58154440137712, 39.10037802344697], [-96.58136473832029, 39.10037802344697], [-96.58136473832029, 39.09947970816285], [-96.58118507526346, 39.09947970816285], [-96.58118507526346, 39.09930004510603], [-96.58100541220665, 39.09930004510603], [-96.58100541220665, 39.09947970816285], [-96.58082574914982, 39.09947970816285], [-96.58082574914982, 39.0998390342765], [-96.58046642303617, 39.0998390342765], [-96.58046642303617, 39.10001869733332], [-96.58010709692252, 39.10001869733332], [-96.58010709692252, 39.100198360390145], [-96.57902911858159, 39.100198360390145], [-96.57902911858159, 39.10001869733332], [-96.57884945552476, 39.10001869733332], [-96.57884945552476, 39.09947970816285], [-96.57866979246793, 39.09947970816285], [-96.57866979246793, 39.098761055935555], [-96.57884945552476, 39.098761055935555], [-96.57884945552476, 39.09840172982191], [-96.57849012941111, 39.09840172982191], [-96.57849012941111, 39.0991203820492], [-96.57831046635428, 39.0991203820492], [-96.57831046635428, 39.09930004510603], [-96.57813080329746, 39.09930004510603], [-96.57813080329746, 39.09947970816285], [-96.57615450967239, 39.09947970816285], [-96.57615450967239, 39.09894071899238], [-96.57633417272922, 39.09894071899238], [-96.57633417272922, 39.098042403708256], [-96.57615450967239, 39.098042403708256], [-96.57615450967239, 39.097862740651436], [-96.57561552050193, 39.097862740651436], [-96.57561552050193, 39.098042403708256], [-96.57579518355875, 39.098042403708256], [-96.57579518355875, 39.09822206676508], [-96.57561552050193, 39.09822206676508], [-96.57561552050193, 39.09858139287873], [-96.5754358574451, 39.09858139287873], [-96.5754358574451, 39.098042403708256], [-96.57525619438827, 39.098042403708256], [-96.57525619438827, 39.097862740651436], [-96.57453754216098, 39.097862740651436], [-96.57453754216098, 39.09750341453779], [-96.57435787910416, 39.09750341453779], [-96.57435787910416, 39.097323751480964], [-96.57417821604733, 39.097323751480964], [-96.57417821604733, 39.09714408842414], [-96.57381888993369, 39.09714408842414], [-96.57381888993369, 39.09696442536732], [-96.57345956382004, 39.09696442536732], [-96.57345956382004, 39.09714408842414], [-96.5731002377064, 39.09714408842414], [-96.5731002377064, 39.09696442536732], [-96.57292057464957, 39.09696442536732], [-96.57292057464957, 39.096605099253665], [-96.5731002377064, 39.096605099253665], [-96.5731002377064, 39.09606611008319], [-96.57327990076321, 39.09606611008319], [-96.57327990076321, 39.09624577314002], [-96.57345956382004, 39.09624577314002], [-96.57345956382004, 39.096425436196846], [-96.57363922687686, 39.096425436196846], [-96.57363922687686, 39.096605099253665], [-96.57381888993369, 39.096605099253665], [-96.57381888993369, 39.096425436196846], [-96.57363922687686, 39.096425436196846], [-96.57363922687686, 39.09606611008319], [-96.57381888993369, 39.09606611008319], [-96.57381888993369, 39.09588644702637], [-96.57399855299052, 39.09588644702637], [-96.57399855299052, 39.09552712091272], [-96.57381888993369, 39.09552712091272], [-96.57381888993369, 39.0953474578559], [-96.57345956382004, 39.0953474578559], [-96.57345956382004, 39.095167794799075], [-96.57327990076321, 39.095167794799075], [-96.57327990076321, 39.094988131742255], [-96.5731002377064, 39.094988131742255], [-96.5731002377064, 39.0946288056286], [-96.57292057464957, 39.0946288056286], [-96.57292057464957, 39.09444914257178], [-96.57238158547909, 39.09444914257178], [-96.57238158547909, 39.0946288056286], [-96.57130360713815, 39.0946288056286], [-96.57130360713815, 39.09444914257178], [-96.57112394408134, 39.09444914257178], [-96.57112394408134, 39.094269479514956], [-96.57076461796768, 39.094269479514956], [-96.57076461796768, 39.09408981645813], [-96.57040529185403, 39.09408981645813], [-96.57040529185403, 39.094269479514956], [-96.57004596574039, 39.094269479514956], [-96.57004596574039, 39.09444914257178], [-96.56950697656991, 39.09444914257178], [-96.56950697656991, 39.0946288056286], [-96.56878832434262, 39.0946288056286], [-96.56878832434262, 39.09480846868543], [-96.5686086612858, 39.09480846868543], [-96.5686086612858, 39.095167794799075], [-96.56878832434262, 39.095167794799075], [-96.56878832434262, 39.09552712091272], [-96.56896798739945, 39.09552712091272], [-96.56896798739945, 39.09570678396955], [-96.56950697656991, 39.09570678396955], [-96.56950697656991, 39.09588644702637], [-96.56968663962674, 39.09588644702637], [-96.56968663962674, 39.09606611008319], [-96.56986630268356, 39.09606611008319], [-96.56986630268356, 39.09714408842414], [-96.56968663962674, 39.09714408842414], [-96.56968663962674, 39.097323751480964], [-96.56932731351309, 39.097323751480964], [-96.56932731351309, 39.09750341453779], [-96.56896798739945, 39.09750341453779], [-96.56896798739945, 39.09768307759461], [-96.56824933517214, 39.09768307759461], [-96.56824933517214, 39.097862740651436], [-96.56806967211533, 39.097862740651436], [-96.56806967211533, 39.098042403708256], [-96.56842899822897, 39.098042403708256], [-96.56842899822897, 39.09822206676508], [-96.56896798739945, 39.09822206676508], [-96.56896798739945, 39.09840172982191], [-96.56914765045627, 39.09840172982191], [-96.56914765045627, 39.09822206676508], [-96.57004596574039, 39.09822206676508], [-96.57004596574039, 39.098042403708256], [-96.5702256287972, 39.098042403708256], [-96.5702256287972, 39.097862740651436], [-96.57058495491086, 39.097862740651436], [-96.57058495491086, 39.09768307759461], [-96.57112394408134, 39.09768307759461], [-96.57112394408134, 39.097862740651436], [-96.57148327019497, 39.097862740651436], [-96.57148327019497, 39.098042403708256], [-96.5716629332518, 39.098042403708256], [-96.5716629332518, 39.09822206676508], [-96.57184259630863, 39.09822206676508], [-96.57184259630863, 39.09840172982191], [-96.57202225936545, 39.09840172982191], [-96.57202225936545, 39.09858139287873], [-96.57220192242227, 39.09858139287873], [-96.57220192242227, 39.098761055935555], [-96.57238158547909, 39.098761055935555], [-96.57238158547909, 39.09894071899238], [-96.57256124853592, 39.09894071899238], [-96.57256124853592, 39.0991203820492], [-96.57274091159275, 39.0991203820492], [-96.57274091159275, 39.09930004510603], [-96.57292057464957, 39.09930004510603], [-96.57292057464957, 39.09947970816285], [-96.57345956382004, 39.09947970816285], [-96.57345956382004, 39.09930004510603], [-96.57363922687686, 39.09930004510603], [-96.57363922687686, 39.09947970816285], [-96.57381888993369, 39.09947970816285], [-96.57381888993369, 39.09965937121967], [-96.57399855299052, 39.09965937121967], [-96.57399855299052, 39.0998390342765], [-96.57381888993369, 39.0998390342765], [-96.57381888993369, 39.100198360390145], [-96.57345956382004, 39.100198360390145], [-96.57345956382004, 39.10001869733332], [-96.57327990076321, 39.10001869733332], [-96.57327990076321, 39.100198360390145], [-96.5731002377064, 39.100198360390145], [-96.5731002377064, 39.10037802344697], [-96.57292057464957, 39.10037802344697], [-96.57292057464957, 39.10073734956062], [-96.5731002377064, 39.10073734956062], [-96.5731002377064, 39.100917012617444], [-96.57292057464957, 39.100917012617444], [-96.57292057464957, 39.10127633873109], [-96.57274091159275, 39.10127633873109], [-96.57274091159275, 39.101456001787916], [-96.57256124853592, 39.101456001787916], [-96.57256124853592, 39.101635664844736], [-96.57220192242227, 39.101635664844736], [-96.57220192242227, 39.10181532790156], [-96.57184259630863, 39.10181532790156], [-96.57184259630863, 39.10199499095838], [-96.5716629332518, 39.10199499095838], [-96.5716629332518, 39.10181532790156], [-96.57148327019497, 39.10181532790156], [-96.57148327019497, 39.10109667567426], [-96.57112394408134, 39.10109667567426], [-96.57112394408134, 39.10181532790156], [-96.57058495491086, 39.10181532790156], [-96.57058495491086, 39.10199499095838], [-96.57040529185403, 39.10199499095838], [-96.57040529185403, 39.102354317072034], [-96.57058495491086, 39.102354317072034], [-96.57058495491086, 39.10325263235615], [-96.57076461796768, 39.10325263235615], [-96.57076461796768, 39.103072969299326], [-96.57184259630863, 39.103072969299326], [-96.57184259630863, 39.10289330624251], [-96.57202225936545, 39.10289330624251], [-96.57202225936545, 39.10271364318568], [-96.57220192242227, 39.10271364318568], [-96.57220192242227, 39.10289330624251], [-96.57238158547909, 39.10289330624251], [-96.57238158547909, 39.103072969299326], [-96.57256124853592, 39.103072969299326], [-96.57256124853592, 39.10325263235615], [-96.57274091159275, 39.10325263235615], [-96.57274091159275, 39.10343229541298], [-96.57292057464957, 39.10343229541298], [-96.57292057464957, 39.1036119584698], [-96.5731002377064, 39.1036119584698], [-96.5731002377064, 39.10343229541298], [-96.57327990076321, 39.10343229541298], [-96.57327990076321, 39.10325263235615], [-96.57345956382004, 39.10325263235615], [-96.57345956382004, 39.103072969299326], [-96.57363922687686, 39.103072969299326], [-96.57363922687686, 39.10289330624251], [-96.57381888993369, 39.10289330624251], [-96.57381888993369, 39.10271364318568], [-96.57417821604733, 39.10271364318568], [-96.57417821604733, 39.10289330624251], [-96.57579518355875, 39.10289330624251], [-96.57579518355875, 39.103072969299326], [-96.57597484661558, 39.103072969299326], [-96.57597484661558, 39.1036119584698], [-96.57615450967239, 39.1036119584698], [-96.57615450967239, 39.10415094764027], [-96.57597484661558, 39.10415094764027], [-96.57597484661558, 39.10468993681074], [-96.57579518355875, 39.10468993681074], [-96.57579518355875, 39.10486959986757], [-96.5754358574451, 39.10486959986757], [-96.5754358574451, 39.10504926292439], [-96.57507653133146, 39.10504926292439], [-96.57507653133146, 39.10486959986757], [-96.57471720521781, 39.10486959986757], [-96.57471720521781, 39.10504926292439], [-96.57453754216098, 39.10504926292439], [-96.57453754216098, 39.10540858903804], [-96.57435787910416, 39.10540858903804], [-96.57435787910416, 39.10576791515169], [-96.57453754216098, 39.10576791515169], [-96.57453754216098, 39.106127241265334], [-96.5754358574451, 39.106127241265334], [-96.5754358574451, 39.10594757820851], [-96.57561552050193, 39.10594757820851], [-96.57561552050193, 39.10576791515169], [-96.57579518355875, 39.10576791515169], [-96.57579518355875, 39.10540858903804], [-96.57615450967239, 39.10540858903804], [-96.57615450967239, 39.105228925981216], [-96.57633417272922, 39.105228925981216], [-96.57633417272922, 39.10504926292439], [-96.57651383578605, 39.10504926292439], [-96.57651383578605, 39.10468993681074], [-96.5768731618997, 39.10468993681074], [-96.5768731618997, 39.10451027375392], [-96.57705282495652, 39.10451027375392], [-96.57705282495652, 39.1043306106971], [-96.57723248801334, 39.1043306106971], [-96.57723248801334, 39.103971284583444], [-96.57741215107016, 39.103971284583444], [-96.57741215107016, 39.103791621526625], [-96.57759181412699, 39.103791621526625], [-96.57759181412699, 39.1036119584698], [-96.57902911858159, 39.1036119584698], [-96.57902911858159, 39.103791621526625], [-96.5792087816384, 39.103791621526625], [-96.5792087816384, 39.106127241265334], [-96.57956810775205, 39.106127241265334], [-96.57956810775205, 39.10594757820851], [-96.57974777080888, 39.10594757820851], [-96.57974777080888, 39.10558825209486], [-96.5799274338657, 39.10558825209486], [-96.5799274338657, 39.10540858903804], [-96.58028675997934, 39.10540858903804], [-96.58028675997934, 39.105228925981216], [-96.58046642303617, 39.105228925981216], [-96.58046642303617, 39.10486959986757], [-96.580646086093, 39.10486959986757], [-96.580646086093, 39.10468993681074], [-96.58082574914982, 39.10468993681074], [-96.58082574914982, 39.10451027375392], [-96.58118507526346, 39.10451027375392], [-96.58118507526346, 39.10468993681074], [-96.58154440137712, 39.10468993681074], [-96.58154440137712, 39.10504926292439], [-96.58172406443394, 39.10504926292439], [-96.58172406443394, 39.10558825209486], [-96.58154440137712, 39.10558825209486], [-96.58154440137712, 39.10594757820851], [-96.58172406443394, 39.10594757820851], [-96.58172406443394, 39.106127241265334], [-96.58190372749077, 39.106127241265334], [-96.58190372749077, 39.10630690432216], [-96.58262237971806, 39.10630690432216], [-96.58262237971806, 39.106127241265334], [-96.58280204277489, 39.106127241265334], [-96.58280204277489, 39.10594757820851], [-96.58298170583171, 39.10594757820851], [-96.58298170583171, 39.10468993681074], [-96.58334103194535, 39.10468993681074], [-96.58334103194535, 39.10451027375392], [-96.5844190102863, 39.10451027375392], [-96.5844190102863, 39.10468993681074], [-96.58459867334312, 39.10468993681074], [-96.58459867334312, 39.10486959986757], [-96.58477833639995, 39.10486959986757], [-96.58477833639995, 39.105228925981216], [-96.58495799945678, 39.105228925981216], [-96.58495799945678, 39.10540858903804], [-96.58531732557041, 39.10540858903804], [-96.58531732557041, 39.10504926292439], [-96.58549698862724, 39.10504926292439], [-96.58549698862724, 39.10486959986757], [-96.58567665168407, 39.10486959986757], [-96.58567665168407, 39.10468993681074], [-96.58639530391136, 39.10468993681074], [-96.58639530391136, 39.10540858903804], [-96.58657496696819, 39.10540858903804], [-96.58657496696819, 39.10684589349263], [-96.58639530391136, 39.10684589349263], [-96.58639530391136, 39.10702555654945], [-96.58621564085453, 39.10702555654945], [-96.58621564085453, 39.10720521960628], [-96.5858563147409, 39.10720521960628], [-96.5858563147409, 39.107384882663105], [-96.58567665168407, 39.107384882663105], [-96.58567665168407, 39.107564545719924], [-96.5858563147409, 39.107564545719924], [-96.5858563147409, 39.10774420877675], [-96.58765294530913, 39.10774420877675], [-96.58765294530913, 39.10792387183357], [-96.58783260836596, 39.10792387183357], [-96.58783260836596, 39.10774420877675], [-96.5881919344796, 39.10774420877675], [-96.5881919344796, 39.10792387183357], [-96.58837159753642, 39.10792387183357], [-96.58837159753642, 39.10774420877675], [-96.58855126059325, 39.10774420877675], [-96.58855126059325, 39.107384882663105], [-96.58837159753642, 39.107384882663105], [-96.58837159753642, 39.10720521960628], [-96.58801227142277, 39.10720521960628], [-96.58801227142277, 39.10702555654945], [-96.58783260836596, 39.10702555654945], [-96.58783260836596, 39.10630690432216], [-96.5881919344796, 39.10630690432216], [-96.5881919344796, 39.106127241265334], [-96.58855126059325, 39.106127241265334], [-96.58855126059325, 39.10594757820851], [-96.58873092365008, 39.10594757820851], [-96.58873092365008, 39.10486959986757], [-96.5889105867069, 39.10486959986757], [-96.5889105867069, 39.10468993681074], [-96.58926991282054, 39.10468993681074], [-96.58926991282054, 39.10451027375392], [-96.58944957587737, 39.10451027375392], [-96.58944957587737, 39.10415094764027], [-96.5896292389342, 39.10415094764027], [-96.5896292389342, 39.103791621526625], [-96.59376148924115, 39.103791621526625], [-96.59376148924115, 39.1036119584698], [-96.59430047841161, 39.1036119584698], [-96.59430047841161, 39.10343229541298], [-96.5950191306389, 39.10343229541298], [-96.5950191306389, 39.1036119584698], [-96.59519879369573, 39.1036119584698], [-96.59519879369573, 39.103791621526625], [-96.59555811980938, 39.103791621526625], [-96.59555811980938, 39.1036119584698], [-96.59591744592302, 39.1036119584698], [-96.59591744592302, 39.10343229541298], [-96.59609710897985, 39.10343229541298], [-96.59609710897985, 39.10325263235615], [-96.59627677203667, 39.10325263235615], [-96.59627677203667, 39.10055768650379], [-96.59591744592302, 39.10055768650379], [-96.59591744592302, 39.10037802344697], [-96.59573778286621, 39.10037802344697], [-96.59573778286621, 39.100198360390145], [-96.59555811980938, 39.100198360390145], [-96.59555811980938, 39.10001869733332], [-96.59519879369573, 39.10001869733332], [-96.59519879369573, 39.0998390342765], [-96.59465980452526, 39.0998390342765], [-96.59465980452526, 39.09965937121967], [-96.59448014146844, 39.09965937121967], [-96.59448014146844, 39.09947970816285], [-96.59412081535478, 39.09947970816285], [-96.59412081535478, 39.09930004510603], [-96.59394115229796, 39.09930004510603], [-96.59394115229796, 39.0991203820492], [-96.59376148924115, 39.0991203820492], [-96.59376148924115, 39.09894071899238], [-96.5934021631275, 39.09894071899238], [-96.5934021631275, 39.098761055935555], [-96.59322250007067, 39.098761055935555], [-96.59322250007067, 39.09858139287873], [-96.59304283701384, 39.09858139287873], [-96.59304283701384, 39.09840172982191], [-96.59286317395703, 39.09840172982191], [-96.59286317395703, 39.09822206676508], [-96.59304283701384, 39.09822206676508], [-96.59304283701384, 39.098042403708256], [-96.59322250007067, 39.098042403708256], [-96.59322250007067, 39.097862740651436], [-96.5934021631275, 39.097862740651436], [-96.5934021631275, 39.09750341453779], [-96.59358182618432, 39.09750341453779], [-96.59358182618432, 39.09678476231049], [-96.5934021631275, 39.09678476231049], [-96.5934021631275, 39.09624577314002], [-96.59358182618432, 39.09624577314002], [-96.59358182618432, 39.09588644702637], [-96.59394115229796, 39.09588644702637], [-96.59394115229796, 39.09570678396955], [-96.59412081535478, 39.09570678396955], [-96.59412081535478, 39.09552712091272], [-96.59430047841161, 39.09552712091272], [-96.59430047841161, 39.0953474578559], [-96.59448014146844, 39.0953474578559], [-96.59448014146844, 39.094988131742255], [-96.59483946758209, 39.094988131742255], [-96.59483946758209, 39.09480846868543], [-96.5950191306389, 39.09480846868543], [-96.5950191306389, 39.09337116423084], [-96.59519879369573, 39.09337116423084], [-96.59519879369573, 39.09301183811719], [-96.5950191306389, 39.09301183811719], [-96.5950191306389, 39.092832175060366], [-96.59465980452526, 39.092832175060366], [-96.59465980452526, 39.09301183811719], [-96.59448014146844, 39.09301183811719], [-96.59448014146844, 39.09337116423084], [-96.59430047841161, 39.09337116423084], [-96.59430047841161, 39.09355082728766], [-96.59394115229796, 39.09355082728766], [-96.59394115229796, 39.093730490344484], [-96.59376148924115, 39.093730490344484], [-96.59376148924115, 39.09408981645813], [-96.59358182618432, 39.09408981645813], [-96.59358182618432, 39.094269479514956], [-96.59322250007067, 39.094269479514956], [-96.59322250007067, 39.09444914257178], [-96.59304283701384, 39.09444914257178], [-96.59304283701384, 39.0946288056286], [-96.59286317395703, 39.0946288056286], [-96.59286317395703, 39.094988131742255], [-96.5926835109002, 39.094988131742255], [-96.5926835109002, 39.095167794799075], [-96.59214452172972, 39.095167794799075], [-96.59214452172972, 39.094988131742255], [-96.5919648586729, 39.094988131742255], [-96.5919648586729, 39.09480846868543], [-96.59178519561608, 39.09480846868543], [-96.59178519561608, 39.092832175060366], [-96.5919648586729, 39.092832175060366], [-96.5919648586729, 39.09265251200354], [-96.59214452172972, 39.09265251200354], [-96.59214452172972, 39.09247284894672], [-96.59250384784337, 39.09247284894672], [-96.59250384784337, 39.09229318588989], [-96.5926835109002, 39.09229318588989], [-96.5926835109002, 39.09193385977625], [-96.59286317395703, 39.09193385977625], [-96.59286317395703, 39.09175419671942], [-96.59322250007067, 39.09175419671942], [-96.59322250007067, 39.091574533662595], [-96.5934021631275, 39.091574533662595], [-96.5934021631275, 39.09121520754895], [-96.59322250007067, 39.09121520754895], [-96.59322250007067, 39.09103554449213], [-96.5926835109002, 39.09103554449213], [-96.5926835109002, 39.09121520754895], [-96.59214452172972, 39.09121520754895], [-96.59214452172972, 39.091574533662595], [-96.5919648586729, 39.091574533662595], [-96.5919648586729, 39.09175419671942], [-96.59178519561608, 39.09175419671942], [-96.59178519561608, 39.09193385977625], [-96.59142586950243, 39.09193385977625], [-96.59142586950243, 39.09229318588989], [-96.5912462064456, 39.09229318588989], [-96.5912462064456, 39.09265251200354], [-96.59088688033196, 39.09265251200354], [-96.59088688033196, 39.092832175060366], [-96.59052755421831, 39.092832175060366], [-96.59052755421831, 39.09265251200354], [-96.59034789116149, 39.09265251200354], [-96.59034789116149, 39.09247284894672], [-96.59016822810466, 39.09247284894672], [-96.59016822810466, 39.09211352283307], [-96.58998856504783, 39.09211352283307], [-96.58998856504783, 39.09193385977625], [-96.5896292389342, 39.09193385977625], [-96.5896292389342, 39.09175419671942], [-96.58944957587737, 39.09175419671942], [-96.58944957587737, 39.0908558814353], [-96.58998856504783, 39.0908558814353], [-96.58998856504783, 39.090676218378476], [-96.59016822810466, 39.090676218378476], [-96.59016822810466, 39.09049655532166], [-96.59034789116149, 39.09049655532166], [-96.59034789116149, 39.09031689226483], [-96.59052755421831, 39.09031689226483], [-96.59052755421831, 39.090137229208004], [-96.59070721727514, 39.090137229208004], [-96.59070721727514, 39.089957566151185], [-96.59322250007067, 39.089957566151185], [-96.59322250007067, 39.08977790309436], [-96.5934021631275, 39.08977790309436], [-96.5934021631275, 39.08959824003753], [-96.59358182618432, 39.08959824003753], [-96.59358182618432, 39.08941857698071], [-96.59376148924115, 39.08941857698071], [-96.59376148924115, 39.089238913923886], [-96.59412081535478, 39.089238913923886], [-96.59412081535478, 39.08887958781024], [-96.59394115229796, 39.08887958781024], [-96.59394115229796, 39.08869992475341], [-96.59322250007067, 39.08869992475341], [-96.59322250007067, 39.08887958781024], [-96.59304283701384, 39.08887958781024], [-96.59304283701384, 39.089238913923886], [-96.59286317395703, 39.089238913923886], [-96.59286317395703, 39.08941857698071], [-96.5926835109002, 39.08941857698071], [-96.5926835109002, 39.08959824003753], [-96.59214452172972, 39.08959824003753], [-96.59214452172972, 39.08941857698071], [-96.59178519561608, 39.08941857698071], [-96.59178519561608, 39.08798127252612], [-96.59160553255926, 39.08798127252612], [-96.59160553255926, 39.08744228335565], [-96.59178519561608, 39.08744228335565], [-96.59178519561608, 39.08726262029882], [-96.5919648586729, 39.08726262029882], [-96.5919648586729, 39.087082957242], [-96.59304283701384, 39.087082957242], [-96.59304283701384, 39.08690329418518], [-96.5934021631275, 39.08690329418518], [-96.5934021631275, 39.08672363112835], [-96.59358182618432, 39.08672363112835], [-96.59358182618432, 39.08618464195788], [-96.59376148924115, 39.08618464195788], [-96.59376148924115, 39.08546598973059], [-96.59394115229796, 39.08546598973059], [-96.59394115229796, 39.08510666361694], [-96.59358182618432, 39.08510666361694], [-96.59358182618432, 39.08528632667376], [-96.59286317395703, 39.08528632667376], [-96.59286317395703, 39.08546598973059], [-96.59250384784337, 39.08546598973059], [-96.59250384784337, 39.085645652787406], [-96.59034789116149, 39.085645652787406], [-96.59034789116149, 39.08546598973059], [-96.58998856504783, 39.08546598973059], [-96.58998856504783, 39.085645652787406], [-96.58980890199102, 39.085645652787406], [-96.58980890199102, 39.08582531584423], [-96.58998856504783, 39.08582531584423], [-96.58998856504783, 39.08600497890106], [-96.59016822810466, 39.08600497890106], [-96.59016822810466, 39.08618464195788], [-96.59034789116149, 39.08618464195788], [-96.59034789116149, 39.08672363112835], [-96.59016822810466, 39.08672363112835], [-96.59016822810466, 39.08690329418518], [-96.58944957587737, 39.08690329418518], [-96.58944957587737, 39.087082957242], [-96.58909024976371, 39.087082957242], [-96.58909024976371, 39.08726262029882], [-96.5889105867069, 39.08726262029882], [-96.5889105867069, 39.087801609469295], [-96.58873092365008, 39.087801609469295], [-96.58873092365008, 39.08798127252612], [-96.5881919344796, 39.08798127252612], [-96.5881919344796, 39.08816093558294], [-96.58801227142277, 39.08816093558294], [-96.58801227142277, 39.088520261696594], [-96.58783260836596, 39.088520261696594], [-96.58783260836596, 39.08869992475341], [-96.58693429308184, 39.08869992475341], [-96.58693429308184, 39.08762194641247], [-96.58765294530913, 39.08762194641247], [-96.58765294530913, 39.08744228335565], [-96.58783260836596, 39.08744228335565], [-96.58783260836596, 39.08672363112835], [-96.58765294530913, 39.08672363112835], [-96.58765294530913, 39.085645652787406], [-96.58783260836596, 39.085645652787406], [-96.58783260836596, 39.08528632667376], [-96.58801227142277, 39.08528632667376], [-96.58801227142277, 39.08456767444647], [-96.5881919344796, 39.08456767444647], [-96.5881919344796, 39.08438801138964], [-96.58837159753642, 39.08438801138964], [-96.58837159753642, 39.084208348332815], [-96.58855126059325, 39.084208348332815], [-96.58855126059325, 39.08384902221917], [-96.58873092365008, 39.08384902221917], [-96.58873092365008, 39.08366935916234], [-96.5889105867069, 39.08366935916234], [-96.5889105867069, 39.083489696105524], [-96.58926991282054, 39.083489696105524], [-96.58926991282054, 39.08241171776458], [-96.58909024976371, 39.08241171776458], [-96.58909024976371, 39.08223205470775], [-96.5889105867069, 39.08223205470775], [-96.5889105867069, 39.08205239165093], [-96.58855126059325, 39.08205239165093], [-96.58855126059325, 39.08187272859411], [-96.58837159753642, 39.08187272859411], [-96.58837159753642, 39.08205239165093], [-96.5881919344796, 39.08205239165093], [-96.5881919344796, 39.083489696105524], [-96.58801227142277, 39.083489696105524], [-96.58801227142277, 39.08384902221917], [-96.58783260836596, 39.08384902221917], [-96.58783260836596, 39.084028685275996], [-96.58657496696819, 39.084028685275996], [-96.58657496696819, 39.08510666361694], [-96.58639530391136, 39.08510666361694], [-96.58639530391136, 39.08546598973059], [-96.58621564085453, 39.08546598973059], [-96.58621564085453, 39.08690329418518], [-96.58549698862724, 39.08690329418518], [-96.58549698862724, 39.08672363112835], [-96.58531732557041, 39.08672363112835], [-96.58531732557041, 39.08654396807153], [-96.58513766251359, 39.08654396807153], [-96.58513766251359, 39.086364305014705], [-96.58495799945678, 39.086364305014705], [-96.58495799945678, 39.08618464195788], [-96.58477833639995, 39.08618464195788], [-96.58477833639995, 39.08600497890106], [-96.58459867334312, 39.08600497890106], [-96.58459867334312, 39.08582531584423], [-96.5844190102863, 39.08582531584423], [-96.5844190102863, 39.085645652787406], [-96.58423934722947, 39.085645652787406], [-96.58423934722947, 39.08510666361694], [-96.5844190102863, 39.08510666361694], [-96.5844190102863, 39.08313036999188], [-96.58459867334312, 39.08313036999188], [-96.58459867334312, 39.08295070693505], [-96.58477833639995, 39.08295070693505], [-96.58477833639995, 39.082771043878225], [-96.58495799945678, 39.082771043878225], [-96.58495799945678, 39.082591380821405], [-96.58513766251359, 39.082591380821405], [-96.58513766251359, 39.08151340248046], [-96.58531732557041, 39.08151340248046], [-96.58531732557041, 39.08169306553728], [-96.58549698862724, 39.08169306553728], [-96.58549698862724, 39.08187272859411], [-96.5858563147409, 39.08187272859411], [-96.5858563147409, 39.08151340248046], [-96.58567665168407, 39.08151340248046], [-96.58567665168407, 39.08079475025316], [-96.58549698862724, 39.08079475025316], [-96.58549698862724, 39.08061508719634], [-96.58495799945678, 39.08061508719634], [-96.58495799945678, 39.08079475025316], [-96.58459867334312, 39.08079475025316], [-96.58459867334312, 39.08097441330999], [-96.5844190102863, 39.08097441330999], [-96.5844190102863, 39.081154076366815], [-96.58405968417264, 39.081154076366815], [-96.58405968417264, 39.081333739423634], [-96.58388002111583, 39.081333739423634], [-96.58388002111583, 39.08151340248046], [-96.583700358059, 39.08151340248046], [-96.583700358059, 39.08169306553728], [-96.58316136888853, 39.08169306553728], [-96.58316136888853, 39.08151340248046], [-96.58298170583171, 39.08151340248046], [-96.58298170583171, 39.081333739423634], [-96.58262237971806, 39.081333739423634], [-96.58262237971806, 39.081154076366815], [-96.58244271666123, 39.081154076366815], [-96.58244271666123, 39.08097441330999], [-96.58226305360441, 39.08097441330999], [-96.58226305360441, 39.08079475025316], [-96.58208339054758, 39.08079475025316], [-96.58208339054758, 39.08061508719634]], [[-96.59376148924115, 39.101635664844736], [-96.59376148924115, 39.102354317072034], [-96.59394115229796, 39.102354317072034], [-96.59394115229796, 39.102533980128854], [-96.59430047841161, 39.102533980128854], [-96.59430047841161, 39.101635664844736], [-96.59376148924115, 39.101635664844736]], [[-96.57345956382004, 39.10037802344697], [-96.57345956382004, 39.10055768650379], [-96.57327990076321, 39.10055768650379], [-96.57327990076321, 39.10109667567426], [-96.57381888993369, 39.10109667567426], [-96.57381888993369, 39.10055768650379], [-96.57363922687686, 39.10055768650379], [-96.57363922687686, 39.10037802344697], [-96.57345956382004, 39.10037802344697]], [[-96.57148327019497, 39.094988131742255], [-96.57148327019497, 39.095167794799075], [-96.57130360713815, 39.095167794799075], [-96.57130360713815, 39.0953474578559], [-96.57148327019497, 39.0953474578559], [-96.57148327019497, 39.09552712091272], [-96.57184259630863, 39.09552712091272], [-96.57184259630863, 39.0953474578559], [-96.57202225936545, 39.0953474578559], [-96.57202225936545, 39.095167794799075], [-96.57184259630863, 39.095167794799075], [-96.57184259630863, 39.094988131742255], [-96.57148327019497, 39.094988131742255]]]}, "id": "+464303+283415", "properties": {"count": 9277, "label": 3}}, {"type": "Feature", "geometry": {"geodesic": false, "type": "Polygon", "coordinates": [[[-96.58118507526346, 39.090676218378476], [-96.57938844469523, 39.090676218378476], [-96.57938844469523, 39.0908558814353], [-96.5792087816384, 39.0908558814353], [-96.5792087816384, 39.09121520754895], [-96.57902911858159, 39.09121520754895], [-96.57902911858159, 39.09193385977625], [-96.57884945552476, 39.09193385977625], [-96.57884945552476, 39.09211352283307], [-96.57902911858159, 39.09211352283307], [-96.57902911858159, 39.09193385977625], [-96.5799274338657, 39.09193385977625], [-96.5799274338657, 39.09211352283307], [-96.58010709692252, 39.09211352283307], [-96.58010709692252, 39.09229318588989], [-96.58082574914982, 39.09229318588989], [-96.58082574914982, 39.09247284894672], [-96.58118507526346, 39.09247284894672], [-96.58118507526346, 39.09265251200354], [-96.58154440137712, 39.09265251200354], [-96.58154440137712, 39.092832175060366], [-96.58190372749077, 39.092832175060366], [-96.58190372749077, 39.09319150117401], [-96.58208339054758, 39.09319150117401], [-96.58208339054758, 39.09337116423084], [-96.58244271666123, 39.09337116423084], [-96.58244271666123, 39.09301183811719], [-96.58262237971806, 39.09301183811719], [-96.58262237971806, 39.092832175060366], [-96.58298170583171, 39.092832175060366], [-96.58298170583171, 39.09265251200354], [-96.58334103194535, 39.09265251200354], [-96.58334103194535, 39.09211352283307], [-96.58316136888853, 39.09211352283307], [-96.58316136888853, 39.09193385977625], [-96.58298170583171, 39.09193385977625], [-96.58298170583171, 39.09175419671942], [-96.58280204277489, 39.09175419671942], [-96.58280204277489, 39.091574533662595], [-96.58262237971806, 39.091574533662595], [-96.58262237971806, 39.091394870605775], [-96.58244271666123, 39.091394870605775], [-96.58244271666123, 39.091574533662595], [-96.58172406443394, 39.091574533662595], [-96.58172406443394, 39.091394870605775], [-96.58154440137712, 39.091394870605775], [-96.58154440137712, 39.09103554449213], [-96.58136473832029, 39.09103554449213], [-96.58136473832029, 39.0908558814353], [-96.58118507526346, 39.0908558814353], [-96.58118507526346, 39.090676218378476]]]}, "id": "+464316+283359", "properties": {"count": 188, "label": 4}}, {"type": "Feature", "geometry": {"geodesic": false, "type": "Polygon", "coordinates": [[[-96.57956810775205, 39.0833100330487], [-96.57938844469523, 39.0833100330487], [-96.57938844469523, 39.084208348332815], [-96.57956810775205, 39.084208348332815], [-96.57956810775205, 39.08438801138964], [-96.57974777080888, 39.08438801138964], [-96.57974777080888, 39.08456767444647], [-96.5799274338657, 39.08456767444647], [-96.5799274338657, 39.08474733750329], [-96.58010709692252, 39.08474733750329], [-96.58010709692252, 39.084927000560114], [-96.58046642303617, 39.084927000560114], [-96.58046642303617, 39.08510666361694], [-96.58082574914982, 39.08510666361694], [-96.58082574914982, 39.084927000560114], [-96.58154440137712, 39.084927000560114], [-96.58154440137712, 39.08456767444647], [-96.58118507526346, 39.08456767444647], [-96.58118507526346, 39.084208348332815], [-96.58100541220665, 39.084208348332815], [-96.58100541220665, 39.084028685275996], [-96.58082574914982, 39.084028685275996], [-96.58082574914982, 39.08384902221917], [-96.58046642303617, 39.08384902221917], [-96.58046642303617, 39.08366935916234], [-96.57974777080888, 39.08366935916234], [-96.57974777080888, 39.083489696105524], [-96.57956810775205, 39.083489696105524], [-96.57956810775205, 39.0833100330487]]]}, "id": "+464316+283400", "properties": {"count": 62, "label": 3}}, {"type": "Feature", "geometry": {"geodesic": false, "type": "Polygon", "coordinates": [[[-96.57902911858159, 39.07845913051445], [-96.57884945552476, 39.07845913051445], [-96.57884945552476, 39.07863879357128], [-96.57866979246793, 39.07863879357128], [-96.57866979246793, 39.0788184566281], [-96.57831046635428, 39.0788184566281], [-96.57831046635428, 39.078998119684925], [-96.57795114024064, 39.078998119684925], [-96.57795114024064, 39.07917778274175], [-96.57777147718382, 39.07917778274175], [-96.57777147718382, 39.07935744579857], [-96.57759181412699, 39.07935744579857], [-96.57759181412699, 39.0795371088554], [-96.57741215107016, 39.0795371088554], [-96.57741215107016, 39.07971677191222], [-96.57723248801334, 39.07971677191222], [-96.57723248801334, 39.079896434969044], [-96.5768731618997, 39.079896434969044], [-96.5768731618997, 39.08007609802587], [-96.57669349884287, 39.08007609802587], [-96.57669349884287, 39.080435424139516], [-96.57633417272922, 39.080435424139516], [-96.57633417272922, 39.08061508719634], [-96.57615450967239, 39.08061508719634], [-96.57615450967239, 39.08079475025316], [-96.57597484661558, 39.08079475025316], [-96.57597484661558, 39.08097441330999], [-96.57579518355875, 39.08097441330999], [-96.57579518355875, 39.08187272859411], [-96.57597484661558, 39.08187272859411], [-96.57597484661558, 39.08205239165093], [-96.57615450967239, 39.08205239165093], [-96.57615450967239, 39.08223205470775], [-96.57633417272922, 39.08223205470775], [-96.57633417272922, 39.08241171776458], [-96.57651383578605, 39.08241171776458], [-96.57651383578605, 39.08313036999188], [-96.57633417272922, 39.08313036999188], [-96.57633417272922, 39.084208348332815], [-96.57615450967239, 39.084208348332815], [-96.57615450967239, 39.08510666361694], [-96.57651383578605, 39.08510666361694], [-96.57651383578605, 39.084927000560114], [-96.57723248801334, 39.084927000560114], [-96.57723248801334, 39.08528632667376], [-96.57741215107016, 39.08528632667376], [-96.57741215107016, 39.08600497890106], [-96.57759181412699, 39.08600497890106], [-96.57759181412699, 39.086364305014705], [-96.57795114024064, 39.086364305014705], [-96.57795114024064, 39.08726262029882], [-96.5792087816384, 39.08726262029882], [-96.5792087816384, 39.087082957242], [-96.57938844469523, 39.087082957242], [-96.57938844469523, 39.08726262029882], [-96.57956810775205, 39.08726262029882], [-96.57956810775205, 39.087801609469295], [-96.5799274338657, 39.087801609469295], [-96.5799274338657, 39.08798127252612], [-96.58118507526346, 39.08798127252612], [-96.58118507526346, 39.08816093558294], [-96.58136473832029, 39.08816093558294], [-96.58136473832029, 39.08834059863977], [-96.58172406443394, 39.08834059863977], [-96.58172406443394, 39.088520261696594], [-96.58226305360441, 39.088520261696594], [-96.58226305360441, 39.08869992475341], [-96.58262237971806, 39.08869992475341], [-96.58262237971806, 39.08887958781024], [-96.58298170583171, 39.08887958781024], [-96.58298170583171, 39.08869992475341], [-96.58334103194535, 39.08869992475341], [-96.58334103194535, 39.08798127252612], [-96.58316136888853, 39.08798127252612], [-96.58316136888853, 39.08744228335565], [-96.58298170583171, 39.08744228335565], [-96.58298170583171, 39.08690329418518], [-96.58280204277489, 39.08690329418518], [-96.58280204277489, 39.08672363112835], [-96.58262237971806, 39.08672363112835], [-96.58262237971806, 39.08654396807153], [-96.58244271666123, 39.08654396807153], [-96.58244271666123, 39.086364305014705], [-96.58226305360441, 39.086364305014705], [-96.58226305360441, 39.08618464195788], [-96.58208339054758, 39.08618464195788], [-96.58208339054758, 39.08600497890106], [-96.58190372749077, 39.08600497890106], [-96.58190372749077, 39.085645652787406], [-96.58172406443394, 39.085645652787406], [-96.58172406443394, 39.08438801138964], [-96.58190372749077, 39.08438801138964], [-96.58190372749077, 39.084028685275996], [-96.58172406443394, 39.084028685275996], [-96.58172406443394, 39.08384902221917], [-96.58190372749077, 39.08384902221917], [-96.58190372749077, 39.08241171776458], [-96.58172406443394, 39.08241171776458], [-96.58172406443394, 39.08223205470775], [-96.58154440137712, 39.08223205470775], [-96.58154440137712, 39.08205239165093], [-96.58136473832029, 39.08205239165093], [-96.58136473832029, 39.08187272859411], [-96.58118507526346, 39.08187272859411], [-96.58118507526346, 39.08169306553728], [-96.58100541220665, 39.08169306553728], [-96.58100541220665, 39.081333739423634], [-96.58118507526346, 39.081333739423634], [-96.58118507526346, 39.081154076366815], [-96.58100541220665, 39.081154076366815], [-96.58100541220665, 39.08097441330999], [-96.58010709692252, 39.08097441330999], [-96.58010709692252, 39.08007609802587], [-96.5799274338657, 39.08007609802587], [-96.5799274338657, 39.079896434969044], [-96.57974777080888, 39.079896434969044], [-96.57974777080888, 39.07971677191222], [-96.57956810775205, 39.07971677191222], [-96.57956810775205, 39.0795371088554], [-96.57938844469523, 39.0795371088554], [-96.57938844469523, 39.07935744579857], [-96.5792087816384, 39.07935744579857], [-96.5792087816384, 39.07917778274175], [-96.57902911858159, 39.07917778274175], [-96.57902911858159, 39.07845913051445]], [[-96.57938844469523, 39.0833100330487], [-96.57938844469523, 39.084208348332815], [-96.57956810775205, 39.084208348332815], [-96.57956810775205, 39.08438801138964], [-96.57974777080888, 39.08438801138964], [-96.57974777080888, 39.08456767444647], [-96.5799274338657, 39.08456767444647], [-96.5799274338657, 39.08474733750329], [-96.58010709692252, 39.08474733750329], [-96.58010709692252, 39.084927000560114], [-96.58046642303617, 39.084927000560114], [-96.58046642303617, 39.08510666361694], [-96.58082574914982, 39.08510666361694], [-96.58082574914982, 39.084927000560114], [-96.58154440137712, 39.084927000560114], [-96.58154440137712, 39.08456767444647], [-96.58118507526346, 39.08456767444647], [-96.58118507526346, 39.084208348332815], [-96.58100541220665, 39.084208348332815], [-96.58100541220665, 39.084028685275996], [-96.58082574914982, 39.084028685275996], [-96.58082574914982, 39.08384902221917], [-96.58046642303617, 39.08384902221917], [-96.58046642303617, 39.08366935916234], [-96.57974777080888, 39.08366935916234], [-96.57974777080888, 39.083489696105524], [-96.57956810775205, 39.083489696105524], [-96.57956810775205, 39.0833100330487], [-96.57938844469523, 39.0833100330487]], [[-96.57849012941111, 39.08151340248046], [-96.57849012941111, 39.08187272859411], [-96.57866979246793, 39.08187272859411], [-96.57866979246793, 39.08151340248046], [-96.57849012941111, 39.08151340248046]]]}, "id": "+464319+283427", "properties": {"count": 1232, "label": 4}}, {"type": "Feature", "geometry": {"geodesic": false, "type": "Polygon", "coordinates": [[[-96.57884945552476, 39.106666230435806], [-96.57849012941111, 39.106666230435806], [-96.57849012941111, 39.10684589349263], [-96.57831046635428, 39.10684589349263], [-96.57831046635428, 39.10702555654945], [-96.57813080329746, 39.10702555654945], [-96.57813080329746, 39.10720521960628], [-96.57795114024064, 39.10720521960628], [-96.57795114024064, 39.107384882663105], [-96.57777147718382, 39.107384882663105], [-96.57777147718382, 39.107564545719924], [-96.57759181412699, 39.107564545719924], [-96.57759181412699, 39.10774420877675], [-96.57795114024064, 39.10774420877675], [-96.57795114024064, 39.10792387183357], [-96.57831046635428, 39.10792387183357], [-96.57831046635428, 39.10774420877675], [-96.57866979246793, 39.10774420877675], [-96.57866979246793, 39.107564545719924], [-96.57884945552476, 39.107564545719924], [-96.57884945552476, 39.106666230435806]]]}, "id": "+464321+283270", "properties": {"count": 28, "label": 3}}, {"type": "Feature", "geometry": {"geodesic": false, "type": "Polygon", "coordinates": [[[-96.57866979246793, 39.098042403708256], [-96.57849012941111, 39.098042403708256], [-96.57849012941111, 39.09822206676508], [-96.57866979246793, 39.09822206676508], [-96.57866979246793, 39.098042403708256]]]}, "id": "+464321+283318", "properties": {"count": 1, "label": 3}}, {"type": "Feature", "geometry": {"geodesic": false, "type": "Polygon", "coordinates": [[[-96.57866979246793, 39.08151340248046], [-96.57849012941111, 39.08151340248046], [-96.57849012941111, 39.08187272859411], [-96.57866979246793, 39.08187272859411], [-96.57866979246793, 39.08151340248046]]]}, "id": "+464321+283410", "properties": {"count": 2, "label": 0}}, {"type": "Feature", "geometry": {"geodesic": false, "type": "Polygon", "coordinates": [[[-96.5768731618997, 39.08887958781024], [-96.57633417272922, 39.08887958781024], [-96.57633417272922, 39.08905925086707], [-96.57597484661558, 39.08905925086707], [-96.57597484661558, 39.08941857698071], [-96.57579518355875, 39.08941857698071], [-96.57579518355875, 39.08959824003753], [-96.57561552050193, 39.08959824003753], [-96.57561552050193, 39.08977790309436], [-96.5754358574451, 39.08977790309436], [-96.5754358574451, 39.089957566151185], [-96.57507653133146, 39.089957566151185], [-96.57507653133146, 39.090137229208004], [-96.57327990076321, 39.090137229208004], [-96.57327990076321, 39.089957566151185], [-96.5731002377064, 39.089957566151185], [-96.5731002377064, 39.08977790309436], [-96.57220192242227, 39.08977790309436], [-96.57220192242227, 39.089957566151185], [-96.57202225936545, 39.089957566151185], [-96.57202225936545, 39.090137229208004], [-96.5716629332518, 39.090137229208004], [-96.5716629332518, 39.09031689226483], [-96.57148327019497, 39.09031689226483], [-96.57148327019497, 39.09049655532166], [-96.57238158547909, 39.09049655532166], [-96.57238158547909, 39.090676218378476], [-96.57292057464957, 39.090676218378476], [-96.57292057464957, 39.0908558814353], [-96.57471720521781, 39.0908558814353], [-96.57471720521781, 39.09103554449213], [-96.57633417272922, 39.09103554449213], [-96.57633417272922, 39.09121520754895], [-96.57651383578605, 39.09121520754895], [-96.57651383578605, 39.091394870605775], [-96.57705282495652, 39.091394870605775], [-96.57705282495652, 39.09121520754895], [-96.57723248801334, 39.09121520754895], [-96.57723248801334, 39.09103554449213], [-96.57741215107016, 39.09103554449213], [-96.57741215107016, 39.0908558814353], [-96.57759181412699, 39.0908558814353], [-96.57759181412699, 39.090676218378476], [-96.57777147718382, 39.090676218378476], [-96.57777147718382, 39.09049655532166], [-96.57795114024064, 39.09049655532166], [-96.57795114024064, 39.089957566151185], [-96.57777147718382, 39.089957566151185], [-96.57777147718382, 39.08959824003753], [-96.57759181412699, 39.08959824003753], [-96.57759181412699, 39.08941857698071], [-96.57741215107016, 39.08941857698071], [-96.57741215107016, 39.089238913923886], [-96.57723248801334, 39.089238913923886], [-96.57723248801334, 39.08905925086707], [-96.5768731618997, 39.08905925086707], [-96.5768731618997, 39.08887958781024]]]}, "id": "+464333+283369", "properties": {"count": 231, "label": 4}}, {"type": "Feature", "geometry": {"geodesic": false, "type": "Polygon", "coordinates": [[[-96.57597484661558, 39.09624577314002], [-96.57561552050193, 39.09624577314002], [-96.57561552050193, 39.096425436196846], [-96.57597484661558, 39.096425436196846], [-96.57597484661558, 39.09624577314002]]]}, "id": "+464337+283328", "properties": {"count": 2, "label": 3}}, {"type": "Feature", "geometry": {"geodesic": false, "type": "Polygon", "coordinates": [[[-96.5754358574451, 39.096425436196846], [-96.57435787910416, 39.096425436196846], [-96.57435787910416, 39.096605099253665], [-96.57453754216098, 39.096605099253665], [-96.57453754216098, 39.09678476231049], [-96.57489686827464, 39.09678476231049], [-96.57489686827464, 39.09714408842414], [-96.57507653133146, 39.09714408842414], [-96.57507653133146, 39.097323751480964], [-96.57525619438827, 39.097323751480964], [-96.57525619438827, 39.09678476231049], [-96.5754358574451, 39.09678476231049], [-96.5754358574451, 39.096425436196846]]]}, "id": "+464344+283327", "properties": {"count": 16, "label": 3}}, {"type": "Feature", "geometry": {"geodesic": false, "type": "Polygon", "coordinates": [[[-96.57417821604733, 39.10271364318568], [-96.57381888993369, 39.10271364318568], [-96.57381888993369, 39.10289330624251], [-96.57363922687686, 39.10289330624251], [-96.57363922687686, 39.10325263235615], [-96.57327990076321, 39.10325263235615], [-96.57327990076321, 39.10343229541298], [-96.5731002377064, 39.10343229541298], [-96.5731002377064, 39.1036119584698], [-96.57292057464957, 39.1036119584698], [-96.57292057464957, 39.10343229541298], [-96.57274091159275, 39.10343229541298], [-96.57274091159275, 39.1036119584698], [-96.57292057464957, 39.1036119584698], [-96.57292057464957, 39.10415094764027], [-96.57274091159275, 39.10415094764027], [-96.57274091159275, 39.1043306106971], [-96.57238158547909, 39.1043306106971], [-96.57238158547909, 39.10451027375392], [-96.57202225936545, 39.10451027375392], [-96.57202225936545, 39.10468993681074], [-96.57184259630863, 39.10468993681074], [-96.57184259630863, 39.10504926292439], [-96.57148327019497, 39.10504926292439], [-96.57148327019497, 39.10540858903804], [-96.5716629332518, 39.10540858903804], [-96.5716629332518, 39.10576791515169], [-96.57184259630863, 39.10576791515169], [-96.57184259630863, 39.106127241265334], [-96.57202225936545, 39.106127241265334], [-96.57202225936545, 39.10630690432216], [-96.57220192242227, 39.10630690432216], [-96.57220192242227, 39.10648656737898], [-96.57256124853592, 39.10648656737898], [-96.57256124853592, 39.106666230435806], [-96.57274091159275, 39.106666230435806], [-96.57274091159275, 39.10684589349263], [-96.57292057464957, 39.10684589349263], [-96.57292057464957, 39.10702555654945], [-96.57327990076321, 39.10702555654945], [-96.57327990076321, 39.10720521960628], [-96.57345956382004, 39.10720521960628], [-96.57345956382004, 39.107564545719924], [-96.57363922687686, 39.107564545719924], [-96.57363922687686, 39.10774420877675], [-96.57345956382004, 39.10774420877675], [-96.57345956382004, 39.10792387183357], [-96.57417821604733, 39.10792387183357], [-96.57417821604733, 39.10774420877675], [-96.57489686827464, 39.10774420877675], [-96.57489686827464, 39.107564545719924], [-96.57615450967239, 39.107564545719924], [-96.57615450967239, 39.10774420877675], [-96.57633417272922, 39.10774420877675], [-96.57633417272922, 39.10792387183357], [-96.57651383578605, 39.10792387183357], [-96.57651383578605, 39.1081035348904], [-96.57669349884287, 39.1081035348904], [-96.57669349884287, 39.10828319794722], [-96.5768731618997, 39.10828319794722], [-96.5768731618997, 39.10846286100404], [-96.57741215107016, 39.10846286100404], [-96.57741215107016, 39.10864252406087], [-96.57777147718382, 39.10864252406087], [-96.57777147718382, 39.108822187117696], [-96.57902911858159, 39.108822187117696], [-96.57902911858159, 39.10864252406087], [-96.58028675997934, 39.10864252406087], [-96.58028675997934, 39.10846286100404], [-96.580646086093, 39.10846286100404], [-96.580646086093, 39.10864252406087], [-96.58190372749077, 39.10864252406087], [-96.58190372749077, 39.10846286100404], [-96.58280204277489, 39.10846286100404], [-96.58280204277489, 39.10864252406087], [-96.583700358059, 39.10864252406087], [-96.583700358059, 39.108822187117696], [-96.58405968417264, 39.108822187117696], [-96.58405968417264, 39.109001850174515], [-96.58477833639995, 39.109001850174515], [-96.58477833639995, 39.10918151323134], [-96.58549698862724, 39.10918151323134], [-96.58549698862724, 39.10936117628817], [-96.58639530391136, 39.10936117628817], [-96.58639530391136, 39.10954083934499], [-96.58675463002501, 39.10954083934499], [-96.58675463002501, 39.109720502401814], [-96.58711395613865, 39.109720502401814], [-96.58711395613865, 39.10990016545863], [-96.58765294530913, 39.10990016545863], [-96.58765294530913, 39.11007982851546], [-96.58783260836596, 39.11007982851546], [-96.58783260836596, 39.110259491572286], [-96.5881919344796, 39.110259491572286], [-96.5881919344796, 39.110439154629105], [-96.58837159753642, 39.110439154629105], [-96.58837159753642, 39.11061881768593], [-96.58855126059325, 39.11061881768593], [-96.58855126059325, 39.11079848074276], [-96.58873092365008, 39.11079848074276], [-96.58873092365008, 39.11097814379958], [-96.5889105867069, 39.11097814379958], [-96.5889105867069, 39.11079848074276], [-96.58909024976371, 39.11079848074276], [-96.58909024976371, 39.11061881768593], [-96.58926991282054, 39.11061881768593], [-96.58926991282054, 39.110259491572286], [-96.58944957587737, 39.110259491572286], [-96.58944957587737, 39.11007982851546], [-96.5896292389342, 39.11007982851546], [-96.5896292389342, 39.109720502401814], [-96.58980890199102, 39.109720502401814], [-96.58980890199102, 39.10936117628817], [-96.58998856504783, 39.10936117628817], [-96.58998856504783, 39.108822187117696], [-96.59016822810466, 39.108822187117696], [-96.59016822810466, 39.107384882663105], [-96.58998856504783, 39.107384882663105], [-96.58998856504783, 39.10684589349263], [-96.59016822810466, 39.10684589349263], [-96.59016822810466, 39.10648656737898], [-96.59034789116149, 39.10648656737898], [-96.59034789116149, 39.106127241265334], [-96.59052755421831, 39.106127241265334], [-96.59052755421831, 39.10594757820851], [-96.59070721727514, 39.10594757820851], [-96.59070721727514, 39.10576791515169], [-96.59088688033196, 39.10576791515169], [-96.59088688033196, 39.10558825209486], [-96.59106654338878, 39.10558825209486], [-96.59106654338878, 39.10540858903804], [-96.5912462064456, 39.10540858903804], [-96.5912462064456, 39.105228925981216], [-96.59160553255926, 39.105228925981216], [-96.59160553255926, 39.10504926292439], [-96.59178519561608, 39.10504926292439], [-96.59178519561608, 39.10486959986757], [-96.5919648586729, 39.10486959986757], [-96.5919648586729, 39.10468993681074], [-96.59214452172972, 39.10468993681074], [-96.59214452172972, 39.10451027375392], [-96.59232418478655, 39.10451027375392], [-96.59232418478655, 39.1043306106971], [-96.5926835109002, 39.1043306106971], [-96.5926835109002, 39.10415094764027], [-96.59304283701384, 39.10415094764027], [-96.59304283701384, 39.103971284583444], [-96.5934021631275, 39.103971284583444], [-96.5934021631275, 39.103791621526625], [-96.5896292389342, 39.103791621526625], [-96.5896292389342, 39.10415094764027], [-96.58944957587737, 39.10415094764027], [-96.58944957587737, 39.10451027375392], [-96.58926991282054, 39.10451027375392], [-96.58926991282054, 39.10468993681074], [-96.5889105867069, 39.10468993681074], [-96.5889105867069, 39.10486959986757], [-96.58873092365008, 39.10486959986757], [-96.58873092365008, 39.10594757820851], [-96.58855126059325, 39.10594757820851], [-96.58855126059325, 39.106127241265334], [-96.5881919344796, 39.106127241265334], [-96.5881919344796, 39.10630690432216], [-96.58783260836596, 39.10630690432216], [-96.58783260836596, 39.10702555654945], [-96.58801227142277, 39.10702555654945], [-96.58801227142277, 39.10720521960628], [-96.58837159753642, 39.10720521960628], [-96.58837159753642, 39.107384882663105], [-96.58855126059325, 39.107384882663105], [-96.58855126059325, 39.10774420877675], [-96.58837159753642, 39.10774420877675], [-96.58837159753642, 39.10792387183357], [-96.5881919344796, 39.10792387183357], [-96.5881919344796, 39.10774420877675], [-96.58783260836596, 39.10774420877675], [-96.58783260836596, 39.10792387183357], [-96.58765294530913, 39.10792387183357], [-96.58765294530913, 39.10774420877675], [-96.5858563147409, 39.10774420877675], [-96.5858563147409, 39.107564545719924], [-96.58567665168407, 39.107564545719924], [-96.58567665168407, 39.107384882663105], [-96.5858563147409, 39.107384882663105], [-96.5858563147409, 39.10720521960628], [-96.58621564085453, 39.10720521960628], [-96.58621564085453, 39.10702555654945], [-96.58639530391136, 39.10702555654945], [-96.58639530391136, 39.10684589349263], [-96.58657496696819, 39.10684589349263], [-96.58657496696819, 39.10540858903804], [-96.58639530391136, 39.10540858903804], [-96.58639530391136, 39.10468993681074], [-96.58567665168407, 39.10468993681074], [-96.58567665168407, 39.10486959986757], [-96.58549698862724, 39.10486959986757], [-96.58549698862724, 39.10504926292439], [-96.58531732557041, 39.10504926292439], [-96.58531732557041, 39.10540858903804], [-96.58495799945678, 39.10540858903804], [-96.58495799945678, 39.105228925981216], [-96.58477833639995, 39.105228925981216], [-96.58477833639995, 39.10486959986757], [-96.58459867334312, 39.10486959986757], [-96.58459867334312, 39.10468993681074], [-96.5844190102863, 39.10468993681074], [-96.5844190102863, 39.10451027375392], [-96.58334103194535, 39.10451027375392], [-96.58334103194535, 39.10468993681074], [-96.58298170583171, 39.10468993681074], [-96.58298170583171, 39.10594757820851], [-96.58280204277489, 39.10594757820851], [-96.58280204277489, 39.106127241265334], [-96.58262237971806, 39.106127241265334], [-96.58262237971806, 39.10630690432216], [-96.58190372749077, 39.10630690432216], [-96.58190372749077, 39.106127241265334], [-96.58172406443394, 39.106127241265334], [-96.58172406443394, 39.10594757820851], [-96.58154440137712, 39.10594757820851], [-96.58154440137712, 39.10558825209486], [-96.58172406443394, 39.10558825209486], [-96.58172406443394, 39.10504926292439], [-96.58154440137712, 39.10504926292439], [-96.58154440137712, 39.10468993681074], [-96.58118507526346, 39.10468993681074], [-96.58118507526346, 39.10451027375392], [-96.58082574914982, 39.10451027375392], [-96.58082574914982, 39.10468993681074], [-96.580646086093, 39.10468993681074], [-96.580646086093, 39.10486959986757], [-96.58046642303617, 39.10486959986757], [-96.58046642303617, 39.105228925981216], [-96.58028675997934, 39.105228925981216], [-96.58028675997934, 39.10540858903804], [-96.5799274338657, 39.10540858903804], [-96.5799274338657, 39.10558825209486], [-96.57974777080888, 39.10558825209486], [-96.57974777080888, 39.10594757820851], [-96.57956810775205, 39.10594757820851], [-96.57956810775205, 39.106127241265334], [-96.5792087816384, 39.106127241265334], [-96.5792087816384, 39.103791621526625], [-96.57902911858159, 39.103791621526625], [-96.57902911858159, 39.1036119584698], [-96.57759181412699, 39.1036119584698], [-96.57759181412699, 39.103791621526625], [-96.57741215107016, 39.103791621526625], [-96.57741215107016, 39.103971284583444], [-96.57723248801334, 39.103971284583444], [-96.57723248801334, 39.1043306106971], [-96.57705282495652, 39.1043306106971], [-96.57705282495652, 39.10451027375392], [-96.5768731618997, 39.10451027375392], [-96.5768731618997, 39.10468993681074], [-96.57651383578605, 39.10468993681074], [-96.57651383578605, 39.10504926292439], [-96.57633417272922, 39.10504926292439], [-96.57633417272922, 39.105228925981216], [-96.57615450967239, 39.105228925981216], [-96.57615450967239, 39.10540858903804], [-96.57579518355875, 39.10540858903804], [-96.57579518355875, 39.10576791515169], [-96.57561552050193, 39.10576791515169], [-96.57561552050193, 39.10594757820851], [-96.5754358574451, 39.10594757820851], [-96.5754358574451, 39.106127241265334], [-96.57453754216098, 39.106127241265334], [-96.57453754216098, 39.10576791515169], [-96.57435787910416, 39.10576791515169], [-96.57435787910416, 39.10540858903804], [-96.57453754216098, 39.10540858903804], [-96.57453754216098, 39.10504926292439], [-96.57471720521781, 39.10504926292439], [-96.57471720521781, 39.10486959986757], [-96.57507653133146, 39.10486959986757], [-96.57507653133146, 39.10504926292439], [-96.5754358574451, 39.10504926292439], [-96.5754358574451, 39.10486959986757], [-96.57579518355875, 39.10486959986757], [-96.57579518355875, 39.10468993681074], [-96.57597484661558, 39.10468993681074], [-96.57597484661558, 39.10415094764027], [-96.57615450967239, 39.10415094764027], [-96.57615450967239, 39.1036119584698], [-96.57597484661558, 39.1036119584698], [-96.57597484661558, 39.103072969299326], [-96.57579518355875, 39.103072969299326], [-96.57579518355875, 39.10289330624251], [-96.57417821604733, 39.10289330624251], [-96.57417821604733, 39.10271364318568]], [[-96.57849012941111, 39.106666230435806], [-96.57849012941111, 39.10684589349263], [-96.57831046635428, 39.10684589349263], [-96.57831046635428, 39.10702555654945], [-96.57813080329746, 39.10702555654945], [-96.57813080329746, 39.10720521960628], [-96.57795114024064, 39.10720521960628], [-96.57795114024064, 39.107384882663105], [-96.57777147718382, 39.107384882663105], [-96.57777147718382, 39.107564545719924], [-96.57759181412699, 39.107564545719924], [-96.57759181412699, 39.10774420877675], [-96.57795114024064, 39.10774420877675], [-96.57795114024064, 39.10792387183357], [-96.57831046635428, 39.10792387183357], [-96.57831046635428, 39.10774420877675], [-96.57866979246793, 39.10774420877675], [-96.57866979246793, 39.107564545719924], [-96.57884945552476, 39.107564545719924], [-96.57884945552476, 39.106666230435806], [-96.57849012941111, 39.106666230435806]], [[-96.57363922687686, 39.10325263235615], [-96.57363922687686, 39.10343229541298], [-96.57345956382004, 39.10343229541298], [-96.57345956382004, 39.1036119584698], [-96.57381888993369, 39.1036119584698], [-96.57381888993369, 39.10343229541298], [-96.57399855299052, 39.10343229541298], [-96.57399855299052, 39.10325263235615], [-96.57363922687686, 39.10325263235615]]]}, "id": "+464347+283292", "properties": {"count": 2243, "label": 4}}, {"type": "Feature", "geometry": {"geodesic": false, "type": "Polygon", "coordinates": [[[-96.57363922687686, 39.103072969299326], [-96.57345956382004, 39.103072969299326], [-96.57345956382004, 39.10325263235615], [-96.57363922687686, 39.10325263235615], [-96.57363922687686, 39.10343229541298], [-96.57345956382004, 39.10343229541298], [-96.57345956382004, 39.1036119584698], [-96.57381888993369, 39.1036119584698], [-96.57381888993369, 39.10343229541298], [-96.57399855299052, 39.10343229541298], [-96.57399855299052, 39.10325263235615], [-96.57363922687686, 39.10325263235615], [-96.57363922687686, 39.103072969299326]]]}, "id": "+464349+283290", "properties": {"count": 5, "label": 1}}, {"type": "Feature", "geometry": {"geodesic": false, "type": "Polygon", "coordinates": [[[-96.57363922687686, 39.10037802344697], [-96.57345956382004, 39.10037802344697], [-96.57345956382004, 39.10055768650379], [-96.57327990076321, 39.10055768650379], [-96.57327990076321, 39.10109667567426], [-96.57381888993369, 39.10109667567426], [-96.57381888993369, 39.10055768650379], [-96.57363922687686, 39.10055768650379], [-96.57363922687686, 39.10037802344697]]]}, "id": "+464349+283305", "properties": {"count": 10, "label": 1}}, {"type": "Feature", "geometry": {"geodesic": false, "type": "Polygon", "coordinates": [[[-96.57381888993369, 39.07648283688939], [-96.57292057464957, 39.07648283688939], [-96.57292057464957, 39.07666249994622], [-96.57274091159275, 39.07666249994622], [-96.57274091159275, 39.07702182605986], [-96.57256124853592, 39.07702182605986], [-96.57256124853592, 39.07738115217351], [-96.57274091159275, 39.07738115217351], [-96.57274091159275, 39.07845913051445], [-96.57256124853592, 39.07845913051445], [-96.57256124853592, 39.0788184566281], [-96.57238158547909, 39.0788184566281], [-96.57238158547909, 39.078998119684925], [-96.57184259630863, 39.078998119684925], [-96.57184259630863, 39.0788184566281], [-96.5716629332518, 39.0788184566281], [-96.5716629332518, 39.07845913051445], [-96.57148327019497, 39.07845913051445], [-96.57148327019497, 39.07809980440081], [-96.57094428102451, 39.07809980440081], [-96.57094428102451, 39.07792014134398], [-96.5702256287972, 39.07792014134398], [-96.5702256287972, 39.077740478287154], [-96.57004596574039, 39.077740478287154], [-96.57004596574039, 39.077560815230335], [-96.56986630268356, 39.077560815230335], [-96.56986630268356, 39.07738115217351], [-96.5686086612858, 39.07738115217351], [-96.5686086612858, 39.07702182605986], [-96.56842899822897, 39.07702182605986], [-96.56842899822897, 39.07666249994622], [-96.5678900090585, 39.07666249994622], [-96.5678900090585, 39.077740478287154], [-96.56806967211533, 39.077740478287154], [-96.56806967211533, 39.07792014134398], [-96.56842899822897, 39.07792014134398], [-96.56842899822897, 39.07809980440081], [-96.5686086612858, 39.07809980440081], [-96.5686086612858, 39.07845913051445], [-96.56878832434262, 39.07845913051445], [-96.56878832434262, 39.07863879357128], [-96.56896798739945, 39.07863879357128], [-96.56896798739945, 39.0788184566281], [-96.56932731351309, 39.0788184566281], [-96.56932731351309, 39.07917778274175], [-96.56950697656991, 39.07917778274175], [-96.56950697656991, 39.0795371088554], [-96.56932731351309, 39.0795371088554], [-96.56932731351309, 39.07971677191222], [-96.56914765045627, 39.07971677191222], [-96.56914765045627, 39.079896434969044], [-96.56555438931979, 39.079896434969044], [-96.56555438931979, 39.08025576108269], [-96.56573405237661, 39.08025576108269], [-96.56573405237661, 39.080435424139516], [-96.56609337849027, 39.080435424139516], [-96.56609337849027, 39.08061508719634], [-96.56627304154708, 39.08061508719634], [-96.56627304154708, 39.08097441330999], [-96.5664527046039, 39.08097441330999], [-96.5664527046039, 39.081154076366815], [-96.56699169377438, 39.081154076366815], [-96.56699169377438, 39.08151340248046], [-96.56717135683121, 39.08151340248046], [-96.56717135683121, 39.08187272859411], [-96.56735101988802, 39.08187272859411], [-96.56735101988802, 39.08205239165093], [-96.56806967211533, 39.08205239165093], [-96.56806967211533, 39.08187272859411], [-96.56824933517214, 39.08187272859411], [-96.56824933517214, 39.08169306553728], [-96.56842899822897, 39.08169306553728], [-96.56842899822897, 39.081333739423634], [-96.5686086612858, 39.081333739423634], [-96.5686086612858, 39.081154076366815], [-96.56914765045627, 39.081154076366815], [-96.56914765045627, 39.081333739423634], [-96.56986630268356, 39.081333739423634], [-96.56986630268356, 39.08151340248046], [-96.57058495491086, 39.08151340248046], [-96.57058495491086, 39.081333739423634], [-96.57202225936545, 39.081333739423634], [-96.57202225936545, 39.08151340248046], [-96.57327990076321, 39.08151340248046], [-96.57327990076321, 39.08169306553728], [-96.57345956382004, 39.08169306553728], [-96.57345956382004, 39.08187272859411], [-96.57363922687686, 39.08187272859411], [-96.57363922687686, 39.08205239165093], [-96.57381888993369, 39.08205239165093], [-96.57381888993369, 39.08223205470775], [-96.57399855299052, 39.08223205470775], [-96.57399855299052, 39.082771043878225], [-96.57381888993369, 39.082771043878225], [-96.57381888993369, 39.08295070693505], [-96.57040529185403, 39.08295070693505], [-96.57040529185403, 39.08313036999188], [-96.5702256287972, 39.08313036999188], [-96.5702256287972, 39.08366935916234], [-96.57184259630863, 39.08366935916234], [-96.57184259630863, 39.08384902221917], [-96.57238158547909, 39.08384902221917], [-96.57238158547909, 39.084028685275996], [-96.57256124853592, 39.084028685275996], [-96.57256124853592, 39.08438801138964], [-96.57274091159275, 39.08438801138964], [-96.57274091159275, 39.08456767444647], [-96.57327990076321, 39.08456767444647], [-96.57327990076321, 39.08438801138964], [-96.57381888993369, 39.08438801138964], [-96.57381888993369, 39.08456767444647], [-96.57399855299052, 39.08456767444647], [-96.57399855299052, 39.084927000560114], [-96.57417821604733, 39.084927000560114], [-96.57417821604733, 39.08546598973059], [-96.57435787910416, 39.08546598973059], [-96.57435787910416, 39.085645652787406], [-96.57453754216098, 39.085645652787406], [-96.57453754216098, 39.08582531584423], [-96.57489686827464, 39.08582531584423], [-96.57489686827464, 39.085645652787406], [-96.57471720521781, 39.085645652787406], [-96.57471720521781, 39.08510666361694], [-96.57453754216098, 39.08510666361694], [-96.57453754216098, 39.08474733750329], [-96.57471720521781, 39.08474733750329], [-96.57471720521781, 39.08438801138964], [-96.57489686827464, 39.08438801138964], [-96.57489686827464, 39.084208348332815], [-96.57507653133146, 39.084208348332815], [-96.57507653133146, 39.084028685275996], [-96.57525619438827, 39.084028685275996], [-96.57525619438827, 39.08384902221917], [-96.57561552050193, 39.08384902221917], [-96.57561552050193, 39.084028685275996], [-96.57579518355875, 39.084028685275996], [-96.57579518355875, 39.08438801138964], [-96.57597484661558, 39.08438801138964], [-96.57597484661558, 39.08474733750329], [-96.57615450967239, 39.08474733750329], [-96.57615450967239, 39.084208348332815], [-96.57633417272922, 39.084208348332815], [-96.57633417272922, 39.08313036999188], [-96.57651383578605, 39.08313036999188], [-96.57651383578605, 39.08241171776458], [-96.57633417272922, 39.08241171776458], [-96.57633417272922, 39.08223205470775], [-96.57615450967239, 39.08223205470775], [-96.57615450967239, 39.08205239165093], [-96.57597484661558, 39.08205239165093], [-96.57597484661558, 39.08187272859411], [-96.57579518355875, 39.08187272859411], [-96.57579518355875, 39.08007609802587], [-96.57597484661558, 39.08007609802587], [-96.57597484661558, 39.079896434969044], [-96.57615450967239, 39.079896434969044], [-96.57615450967239, 39.07971677191222], [-96.57651383578605, 39.07971677191222], [-96.57651383578605, 39.0795371088554], [-96.57669349884287, 39.0795371088554], [-96.57669349884287, 39.07917778274175], [-96.5768731618997, 39.07917778274175], [-96.5768731618997, 39.078998119684925], [-96.57723248801334, 39.078998119684925], [-96.57723248801334, 39.0788184566281], [-96.57741215107016, 39.0788184566281], [-96.57741215107016, 39.07809980440081], [-96.57705282495652, 39.07809980440081], [-96.57705282495652, 39.07792014134398], [-96.57651383578605, 39.07792014134398], [-96.57651383578605, 39.07809980440081], [-96.57435787910416, 39.07809980440081], [-96.57435787910416, 39.07792014134398], [-96.57417821604733, 39.07792014134398], [-96.57417821604733, 39.07666249994622], [-96.57381888993369, 39.07666249994622], [-96.57381888993369, 39.07648283688939]]]}, "id": "+464352+283438", "properties": {"count": 1379, "label": 0}}, {"type": "Feature", "geometry": {"geodesic": false, "type": "Polygon", "coordinates": [[[-96.57274091159275, 39.08438801138964], [-96.57256124853592, 39.08438801138964], [-96.57256124853592, 39.08456767444647], [-96.57238158547909, 39.08456767444647], [-96.57238158547909, 39.084927000560114], [-96.57220192242227, 39.084927000560114], [-96.57220192242227, 39.08510666361694], [-96.57202225936545, 39.08510666361694], [-96.57202225936545, 39.08528632667376], [-96.57184259630863, 39.08528632667376], [-96.57184259630863, 39.08546598973059], [-96.5716629332518, 39.08546598973059], [-96.5716629332518, 39.08582531584423], [-96.57130360713815, 39.08582531584423], [-96.57130360713815, 39.08618464195788], [-96.57148327019497, 39.08618464195788], [-96.57148327019497, 39.086364305014705], [-96.5716629332518, 39.086364305014705], [-96.5716629332518, 39.08654396807153], [-96.57184259630863, 39.08654396807153], [-96.57184259630863, 39.08672363112835], [-96.57202225936545, 39.08672363112835], [-96.57202225936545, 39.08690329418518], [-96.57220192242227, 39.08690329418518], [-96.57220192242227, 39.087082957242], [-96.57238158547909, 39.087082957242], [-96.57238158547909, 39.087801609469295], [-96.57274091159275, 39.087801609469295], [-96.57274091159275, 39.08798127252612], [-96.5731002377064, 39.08798127252612], [-96.5731002377064, 39.08816093558294], [-96.57327990076321, 39.08816093558294], [-96.57327990076321, 39.088520261696594], [-96.57417821604733, 39.088520261696594], [-96.57417821604733, 39.08834059863977], [-96.57435787910416, 39.08834059863977], [-96.57435787910416, 39.08816093558294], [-96.57453754216098, 39.08816093558294], [-96.57453754216098, 39.08798127252612], [-96.57489686827464, 39.08798127252612], [-96.57489686827464, 39.08816093558294], [-96.5754358574451, 39.08816093558294], [-96.5754358574451, 39.08798127252612], [-96.57561552050193, 39.08798127252612], [-96.57561552050193, 39.087801609469295], [-96.57579518355875, 39.087801609469295], [-96.57579518355875, 39.08690329418518], [-96.57561552050193, 39.08690329418518], [-96.57561552050193, 39.08672363112835], [-96.5754358574451, 39.08672363112835], [-96.5754358574451, 39.08654396807153], [-96.57525619438827, 39.08654396807153], [-96.57525619438827, 39.086364305014705], [-96.57507653133146, 39.086364305014705], [-96.57507653133146, 39.08618464195788], [-96.57489686827464, 39.08618464195788], [-96.57489686827464, 39.08582531584423], [-96.57453754216098, 39.08582531584423], [-96.57453754216098, 39.085645652787406], [-96.57435787910416, 39.085645652787406], [-96.57435787910416, 39.08546598973059], [-96.57417821604733, 39.08546598973059], [-96.57417821604733, 39.084927000560114], [-96.57399855299052, 39.084927000560114], [-96.57399855299052, 39.08456767444647], [-96.57381888993369, 39.08456767444647], [-96.57381888993369, 39.08438801138964], [-96.57327990076321, 39.08438801138964], [-96.57327990076321, 39.08456767444647], [-96.57274091159275, 39.08456767444647], [-96.57274091159275, 39.08438801138964]]]}, "id": "+464354+283394", "properties": {"count": 343, "label": 4}}, {"type": "Feature", "geometry": {"geodesic": false, "type": "Polygon", "coordinates": [[[-96.57220192242227, 39.10271364318568], [-96.57202225936545, 39.10271364318568], [-96.57202225936545, 39.10289330624251], [-96.57184259630863, 39.10289330624251], [-96.57184259630863, 39.103072969299326], [-96.57076461796768, 39.103072969299326], [-96.57076461796768, 39.10325263235615], [-96.57058495491086, 39.10325263235615], [-96.57058495491086, 39.10343229541298], [-96.57040529185403, 39.10343229541298], [-96.57040529185403, 39.103791621526625], [-96.57004596574039, 39.103791621526625], [-96.57004596574039, 39.1043306106971], [-96.56986630268356, 39.1043306106971], [-96.56986630268356, 39.10451027375392], [-96.56968663962674, 39.10451027375392], [-96.56968663962674, 39.1043306106971], [-96.56950697656991, 39.1043306106971], [-96.56950697656991, 39.1036119584698], [-96.56932731351309, 39.1036119584698], [-96.56932731351309, 39.103791621526625], [-96.56914765045627, 39.103791621526625], [-96.56914765045627, 39.1036119584698], [-96.56878832434262, 39.1036119584698], [-96.56878832434262, 39.103791621526625], [-96.56842899822897, 39.103791621526625], [-96.56842899822897, 39.1043306106971], [-96.56824933517214, 39.1043306106971], [-96.56824933517214, 39.10451027375392], [-96.56806967211533, 39.10451027375392], [-96.56806967211533, 39.10468993681074], [-96.56771034600168, 39.10468993681074], [-96.56771034600168, 39.10451027375392], [-96.56735101988802, 39.10451027375392], [-96.56735101988802, 39.10468993681074], [-96.56555438931979, 39.10468993681074], [-96.56555438931979, 39.10451027375392], [-96.56537472626296, 39.10451027375392], [-96.56537472626296, 39.1043306106971], [-96.56519506320615, 39.1043306106971], [-96.56519506320615, 39.10451027375392], [-96.56501540014932, 39.10451027375392], [-96.56501540014932, 39.10468993681074], [-96.5648357370925, 39.10468993681074], [-96.5648357370925, 39.10486959986757], [-96.56429674792201, 39.10486959986757], [-96.56429674792201, 39.10504926292439], [-96.56375775875155, 39.10504926292439], [-96.56375775875155, 39.105228925981216], [-96.56393742180838, 39.105228925981216], [-96.56393742180838, 39.10558825209486], [-96.5641170848652, 39.10558825209486], [-96.5641170848652, 39.10576791515169], [-96.56429674792201, 39.10576791515169], [-96.56429674792201, 39.106127241265334], [-96.56447641097884, 39.106127241265334], [-96.56447641097884, 39.10648656737898], [-96.56465607403567, 39.10648656737898], [-96.56465607403567, 39.106666230435806], [-96.56681203071756, 39.106666230435806], [-96.56681203071756, 39.10648656737898], [-96.56735101988802, 39.10648656737898], [-96.56735101988802, 39.10630690432216], [-96.5686086612858, 39.10630690432216], [-96.5686086612858, 39.10648656737898], [-96.56896798739945, 39.10648656737898], [-96.56896798739945, 39.106666230435806], [-96.56914765045627, 39.106666230435806], [-96.56914765045627, 39.10684589349263], [-96.56950697656991, 39.10684589349263], [-96.56950697656991, 39.10702555654945], [-96.5702256287972, 39.10702555654945], [-96.5702256287972, 39.10720521960628], [-96.57112394408134, 39.10720521960628], [-96.57112394408134, 39.107384882663105], [-96.57130360713815, 39.107384882663105], [-96.57130360713815, 39.107564545719924], [-96.5716629332518, 39.107564545719924], [-96.5716629332518, 39.10774420877675], [-96.57184259630863, 39.10774420877675], [-96.57184259630863, 39.10792387183357], [-96.57345956382004, 39.10792387183357], [-96.57345956382004, 39.10774420877675], [-96.57363922687686, 39.10774420877675], [-96.57363922687686, 39.107564545719924], [-96.57345956382004, 39.107564545719924], [-96.57345956382004, 39.10720521960628], [-96.57327990076321, 39.10720521960628], [-96.57327990076321, 39.10702555654945], [-96.57292057464957, 39.10702555654945], [-96.57292057464957, 39.10684589349263], [-96.57274091159275, 39.10684589349263], [-96.57274091159275, 39.106666230435806], [-96.57256124853592, 39.106666230435806], [-96.57256124853592, 39.10648656737898], [-96.57220192242227, 39.10648656737898], [-96.57220192242227, 39.10630690432216], [-96.57202225936545, 39.10630690432216], [-96.57202225936545, 39.106127241265334], [-96.57184259630863, 39.106127241265334], [-96.57184259630863, 39.10576791515169], [-96.5716629332518, 39.10576791515169], [-96.5716629332518, 39.10540858903804], [-96.57148327019497, 39.10540858903804], [-96.57148327019497, 39.10504926292439], [-96.57184259630863, 39.10504926292439], [-96.57184259630863, 39.10468993681074], [-96.57202225936545, 39.10468993681074], [-96.57202225936545, 39.10451027375392], [-96.57238158547909, 39.10451027375392], [-96.57238158547909, 39.1043306106971], [-96.57274091159275, 39.1043306106971], [-96.57274091159275, 39.10415094764027], [-96.57292057464957, 39.10415094764027], [-96.57292057464957, 39.1036119584698], [-96.57274091159275, 39.1036119584698], [-96.57274091159275, 39.10325263235615], [-96.57256124853592, 39.10325263235615], [-96.57256124853592, 39.103072969299326], [-96.57238158547909, 39.103072969299326], [-96.57238158547909, 39.10289330624251], [-96.57220192242227, 39.10289330624251], [-96.57220192242227, 39.10271364318568]]]}, "id": "+464357+283292", "properties": {"count": 717, "label": 1}}, {"type": "Feature", "geometry": {"geodesic": false, "type": "Polygon", "coordinates": [[[-96.57184259630863, 39.094988131742255], [-96.57148327019497, 39.094988131742255], [-96.57148327019497, 39.095167794799075], [-96.57130360713815, 39.095167794799075], [-96.57130360713815, 39.0953474578559], [-96.57148327019497, 39.0953474578559], [-96.57148327019497, 39.09552712091272], [-96.57184259630863, 39.09552712091272], [-96.57184259630863, 39.0953474578559], [-96.57202225936545, 39.0953474578559], [-96.57202225936545, 39.095167794799075], [-96.57184259630863, 39.095167794799075], [-96.57184259630863, 39.094988131742255]]]}, "id": "+464360+283335", "properties": {"count": 8, "label": 1}}, {"type": "Feature", "geometry": {"geodesic": false, "type": "Polygon", "coordinates": [[[-96.5716629332518, 39.08959824003753], [-96.57130360713815, 39.08959824003753], [-96.57130360713815, 39.089957566151185], [-96.5716629332518, 39.089957566151185], [-96.5716629332518, 39.08959824003753]]]}, "id": "+464361+283365", "properties": {"count": 4, "label": 3}}, {"type": "Feature", "geometry": {"geodesic": false, "type": "Polygon", "coordinates": [[[-96.57112394408134, 39.09768307759461], [-96.57058495491086, 39.09768307759461], [-96.57058495491086, 39.097862740651436], [-96.5702256287972, 39.097862740651436], [-96.5702256287972, 39.098042403708256], [-96.57004596574039, 39.098042403708256], [-96.57004596574039, 39.09822206676508], [-96.56950697656991, 39.09822206676508], [-96.56950697656991, 39.09840172982191], [-96.56914765045627, 39.09840172982191], [-96.56914765045627, 39.09858139287873], [-96.56878832434262, 39.09858139287873], [-96.56878832434262, 39.098761055935555], [-96.56842899822897, 39.098761055935555], [-96.56842899822897, 39.09858139287873], [-96.56824933517214, 39.09858139287873], [-96.56824933517214, 39.098761055935555], [-96.56771034600168, 39.098761055935555], [-96.56771034600168, 39.09858139287873], [-96.56753068294485, 39.09858139287873], [-96.56753068294485, 39.098761055935555], [-96.56717135683121, 39.098761055935555], [-96.56717135683121, 39.09894071899238], [-96.56699169377438, 39.09894071899238], [-96.56699169377438, 39.0991203820492], [-96.56537472626296, 39.0991203820492], [-96.56537472626296, 39.09930004510603], [-96.56519506320615, 39.09930004510603], [-96.56519506320615, 39.10037802344697], [-96.56501540014932, 39.10037802344697], [-96.56501540014932, 39.10055768650379], [-96.56465607403567, 39.10055768650379], [-96.56465607403567, 39.10037802344697], [-96.56447641097884, 39.10037802344697], [-96.56447641097884, 39.09947970816285], [-96.56465607403567, 39.09947970816285], [-96.56465607403567, 39.09840172982191], [-96.56429674792201, 39.09840172982191], [-96.56429674792201, 39.09822206676508], [-96.56375775875155, 39.09822206676508], [-96.56375775875155, 39.09894071899238], [-96.56393742180838, 39.09894071899238], [-96.56393742180838, 39.09947970816285], [-96.5641170848652, 39.09947970816285], [-96.5641170848652, 39.10055768650379], [-96.56393742180838, 39.10055768650379], [-96.56393742180838, 39.101635664844736], [-96.5641170848652, 39.101635664844736], [-96.5641170848652, 39.10181532790156], [-96.56429674792201, 39.10181532790156], [-96.56429674792201, 39.10217465401521], [-96.56447641097884, 39.10217465401521], [-96.56447641097884, 39.102533980128854], [-96.56465607403567, 39.102533980128854], [-96.56465607403567, 39.10271364318568], [-96.5648357370925, 39.10271364318568], [-96.5648357370925, 39.103072969299326], [-96.56519506320615, 39.103072969299326], [-96.56519506320615, 39.10325263235615], [-96.56681203071756, 39.10325263235615], [-96.56681203071756, 39.103072969299326], [-96.56699169377438, 39.103072969299326], [-96.56699169377438, 39.102533980128854], [-96.5686086612858, 39.102533980128854], [-96.5686086612858, 39.10217465401521], [-96.56878832434262, 39.10217465401521], [-96.56878832434262, 39.10181532790156], [-96.5702256287972, 39.10181532790156], [-96.5702256287972, 39.10217465401521], [-96.57040529185403, 39.10217465401521], [-96.57040529185403, 39.10199499095838], [-96.57058495491086, 39.10199499095838], [-96.57058495491086, 39.10181532790156], [-96.57112394408134, 39.10181532790156], [-96.57112394408134, 39.10109667567426], [-96.57148327019497, 39.10109667567426], [-96.57148327019497, 39.10181532790156], [-96.5716629332518, 39.10181532790156], [-96.5716629332518, 39.10199499095838], [-96.57184259630863, 39.10199499095838], [-96.57184259630863, 39.10181532790156], [-96.57220192242227, 39.10181532790156], [-96.57220192242227, 39.101635664844736], [-96.57256124853592, 39.101635664844736], [-96.57256124853592, 39.101456001787916], [-96.57274091159275, 39.101456001787916], [-96.57274091159275, 39.10127633873109], [-96.57292057464957, 39.10127633873109], [-96.57292057464957, 39.100917012617444], [-96.5731002377064, 39.100917012617444], [-96.5731002377064, 39.10073734956062], [-96.57292057464957, 39.10073734956062], [-96.57292057464957, 39.10037802344697], [-96.5731002377064, 39.10037802344697], [-96.5731002377064, 39.100198360390145], [-96.57327990076321, 39.100198360390145], [-96.57327990076321, 39.10001869733332], [-96.57345956382004, 39.10001869733332], [-96.57345956382004, 39.100198360390145], [-96.57381888993369, 39.100198360390145], [-96.57381888993369, 39.0998390342765], [-96.57399855299052, 39.0998390342765], [-96.57399855299052, 39.09965937121967], [-96.57381888993369, 39.09965937121967], [-96.57381888993369, 39.09947970816285], [-96.57363922687686, 39.09947970816285], [-96.57363922687686, 39.09930004510603], [-96.57345956382004, 39.09930004510603], [-96.57345956382004, 39.09947970816285], [-96.57292057464957, 39.09947970816285], [-96.57292057464957, 39.09930004510603], [-96.57274091159275, 39.09930004510603], [-96.57274091159275, 39.0991203820492], [-96.57256124853592, 39.0991203820492], [-96.57256124853592, 39.09894071899238], [-96.57238158547909, 39.09894071899238], [-96.57238158547909, 39.098761055935555], [-96.57220192242227, 39.098761055935555], [-96.57220192242227, 39.09858139287873], [-96.57202225936545, 39.09858139287873], [-96.57202225936545, 39.09840172982191], [-96.57184259630863, 39.09840172982191], [-96.57184259630863, 39.09822206676508], [-96.5716629332518, 39.09822206676508], [-96.5716629332518, 39.098042403708256], [-96.57148327019497, 39.098042403708256], [-96.57148327019497, 39.097862740651436], [-96.57112394408134, 39.097862740651436], [-96.57112394408134, 39.09768307759461]]]}, "id": "+464365+283320", "properties": {"count": 1018, "label": 1}}, {"type": "Feature", "geometry": {"geodesic": false, "type": "Polygon", "coordinates": [[[-96.57058495491086, 39.087082957242], [-96.57040529185403, 39.087082957242], [-96.57040529185403, 39.087801609469295], [-96.5702256287972, 39.087801609469295], [-96.5702256287972, 39.08798127252612], [-96.57004596574039, 39.08798127252612], [-96.57004596574039, 39.08834059863977], [-96.56986630268356, 39.08834059863977], [-96.56986630268356, 39.088520261696594], [-96.57004596574039, 39.088520261696594], [-96.57004596574039, 39.08869992475341], [-96.57058495491086, 39.08869992475341], [-96.57058495491086, 39.088520261696594], [-96.57076461796768, 39.088520261696594], [-96.57076461796768, 39.08726262029882], [-96.57058495491086, 39.08726262029882], [-96.57058495491086, 39.087082957242]]]}, "id": "+464366+283379", "properties": {"count": 26, "label": 4}}, {"type": "Feature", "geometry": {"geodesic": false, "type": "Polygon", "coordinates": [[[-96.57058495491086, 39.102354317072034], [-96.5702256287972, 39.102354317072034], [-96.5702256287972, 39.102533980128854], [-96.57004596574039, 39.102533980128854], [-96.57004596574039, 39.10289330624251], [-96.56986630268356, 39.10289330624251], [-96.56986630268356, 39.103072969299326], [-96.57058495491086, 39.103072969299326], [-96.57058495491086, 39.102354317072034]]]}, "id": "+464367+283294", "properties": {"count": 12, "label": 1}}, {"type": "Feature", "geometry": {"geodesic": false, "type": "Polygon", "coordinates": [[[-96.5702256287972, 39.10181532790156], [-96.56878832434262, 39.10181532790156], [-96.56878832434262, 39.10217465401521], [-96.5686086612858, 39.10217465401521], [-96.5686086612858, 39.102533980128854], [-96.56699169377438, 39.102533980128854], [-96.56699169377438, 39.103072969299326], [-96.56681203071756, 39.103072969299326], [-96.56681203071756, 39.10325263235615], [-96.56519506320615, 39.10325263235615], [-96.56519506320615, 39.103072969299326], [-96.5648357370925, 39.103072969299326], [-96.5648357370925, 39.10325263235615], [-96.56465607403567, 39.10325263235615], [-96.56465607403567, 39.10343229541298], [-96.56447641097884, 39.10343229541298], [-96.56447641097884, 39.1036119584698], [-96.56465607403567, 39.1036119584698], [-96.56465607403567, 39.103791621526625], [-96.5648357370925, 39.103791621526625], [-96.5648357370925, 39.103971284583444], [-96.56519506320615, 39.103971284583444], [-96.56519506320615, 39.1043306106971], [-96.56537472626296, 39.1043306106971], [-96.56537472626296, 39.10451027375392], [-96.56555438931979, 39.10451027375392], [-96.56555438931979, 39.10468993681074], [-96.56735101988802, 39.10468993681074], [-96.56735101988802, 39.10451027375392], [-96.56771034600168, 39.10451027375392], [-96.56771034600168, 39.10468993681074], [-96.56806967211533, 39.10468993681074], [-96.56806967211533, 39.10451027375392], [-96.56824933517214, 39.10451027375392], [-96.56824933517214, 39.1043306106971], [-96.56842899822897, 39.1043306106971], [-96.56842899822897, 39.103791621526625], [-96.56878832434262, 39.103791621526625], [-96.56878832434262, 39.1036119584698], [-96.56914765045627, 39.1036119584698], [-96.56914765045627, 39.103791621526625], [-96.56932731351309, 39.103791621526625], [-96.56932731351309, 39.1036119584698], [-96.56950697656991, 39.1036119584698], [-96.56950697656991, 39.1043306106971], [-96.56968663962674, 39.1043306106971], [-96.56968663962674, 39.10451027375392], [-96.56986630268356, 39.10451027375392], [-96.56986630268356, 39.1043306106971], [-96.57004596574039, 39.1043306106971], [-96.57004596574039, 39.103791621526625], [-96.57040529185403, 39.103791621526625], [-96.57040529185403, 39.10343229541298], [-96.57058495491086, 39.10343229541298], [-96.57058495491086, 39.103072969299326], [-96.56986630268356, 39.103072969299326], [-96.56986630268356, 39.10289330624251], [-96.57004596574039, 39.10289330624251], [-96.57004596574039, 39.102533980128854], [-96.5702256287972, 39.102533980128854], [-96.5702256287972, 39.102354317072034], [-96.57040529185403, 39.102354317072034], [-96.57040529185403, 39.10217465401521], [-96.5702256287972, 39.10217465401521], [-96.5702256287972, 39.10181532790156]]]}, "id": "+464375+283297", "properties": {"count": 297, "label": 0}}, {"type": "Feature", "geometry": {"geodesic": false, "type": "Polygon", "coordinates": [[[-96.5686086612858, 39.08977790309436], [-96.56842899822897, 39.08977790309436], [-96.56842899822897, 39.090137229208004], [-96.56824933517214, 39.090137229208004], [-96.56824933517214, 39.09049655532166], [-96.56806967211533, 39.09049655532166], [-96.56806967211533, 39.09103554449213], [-96.5678900090585, 39.09103554449213], [-96.5678900090585, 39.09193385977625], [-96.56771034600168, 39.09193385977625], [-96.56771034600168, 39.09229318588989], [-96.56753068294485, 39.09229318588989], [-96.56753068294485, 39.09247284894672], [-96.56735101988802, 39.09247284894672], [-96.56735101988802, 39.09265251200354], [-96.56842899822897, 39.09265251200354], [-96.56842899822897, 39.09301183811719], [-96.5686086612858, 39.09301183811719], [-96.5686086612858, 39.09391015340131], [-96.56878832434262, 39.09391015340131], [-96.56878832434262, 39.09408981645813], [-96.56914765045627, 39.09408981645813], [-96.56914765045627, 39.094269479514956], [-96.56968663962674, 39.094269479514956], [-96.56968663962674, 39.09408981645813], [-96.57004596574039, 39.09408981645813], [-96.57004596574039, 39.09391015340131], [-96.5702256287972, 39.09391015340131], [-96.5702256287972, 39.092832175060366], [-96.57076461796768, 39.092832175060366], [-96.57076461796768, 39.09391015340131], [-96.57094428102451, 39.09391015340131], [-96.57094428102451, 39.094269479514956], [-96.57112394408134, 39.094269479514956], [-96.57112394408134, 39.09444914257178], [-96.57130360713815, 39.09444914257178], [-96.57130360713815, 39.0946288056286], [-96.57238158547909, 39.0946288056286], [-96.57238158547909, 39.09444914257178], [-96.57292057464957, 39.09444914257178], [-96.57292057464957, 39.0946288056286], [-96.5731002377064, 39.0946288056286], [-96.5731002377064, 39.094988131742255], [-96.57327990076321, 39.094988131742255], [-96.57327990076321, 39.095167794799075], [-96.57345956382004, 39.095167794799075], [-96.57345956382004, 39.0953474578559], [-96.57381888993369, 39.0953474578559], [-96.57381888993369, 39.09552712091272], [-96.57399855299052, 39.09552712091272], [-96.57399855299052, 39.09588644702637], [-96.57381888993369, 39.09588644702637], [-96.57381888993369, 39.09606611008319], [-96.57363922687686, 39.09606611008319], [-96.57363922687686, 39.096425436196846], [-96.57345956382004, 39.096425436196846], [-96.57345956382004, 39.09624577314002], [-96.57327990076321, 39.09624577314002], [-96.57327990076321, 39.09606611008319], [-96.5731002377064, 39.09606611008319], [-96.5731002377064, 39.096605099253665], [-96.57292057464957, 39.096605099253665], [-96.57292057464957, 39.09696442536732], [-96.5731002377064, 39.09696442536732], [-96.5731002377064, 39.09714408842414], [-96.57345956382004, 39.09714408842414], [-96.57345956382004, 39.09696442536732], [-96.57381888993369, 39.09696442536732], [-96.57381888993369, 39.09714408842414], [-96.57417821604733, 39.09714408842414], [-96.57417821604733, 39.097323751480964], [-96.57435787910416, 39.097323751480964], [-96.57435787910416, 39.09750341453779], [-96.57453754216098, 39.09750341453779], [-96.57453754216098, 39.097862740651436], [-96.57525619438827, 39.097862740651436], [-96.57525619438827, 39.098042403708256], [-96.5754358574451, 39.098042403708256], [-96.5754358574451, 39.09858139287873], [-96.57561552050193, 39.09858139287873], [-96.57561552050193, 39.09822206676508], [-96.57579518355875, 39.09822206676508], [-96.57579518355875, 39.098042403708256], [-96.57561552050193, 39.098042403708256], [-96.57561552050193, 39.097862740651436], [-96.57615450967239, 39.097862740651436], [-96.57615450967239, 39.098042403708256], [-96.57633417272922, 39.098042403708256], [-96.57633417272922, 39.09894071899238], [-96.57615450967239, 39.09894071899238], [-96.57615450967239, 39.09947970816285], [-96.57813080329746, 39.09947970816285], [-96.57813080329746, 39.09930004510603], [-96.57831046635428, 39.09930004510603], [-96.57831046635428, 39.0991203820492], [-96.57849012941111, 39.0991203820492], [-96.57849012941111, 39.09840172982191], [-96.57884945552476, 39.09840172982191], [-96.57884945552476, 39.098761055935555], [-96.57866979246793, 39.098761055935555], [-96.57866979246793, 39.09947970816285], [-96.57884945552476, 39.09947970816285], [-96.57884945552476, 39.10001869733332], [-96.57902911858159, 39.10001869733332], [-96.57902911858159, 39.100198360390145], [-96.58010709692252, 39.100198360390145], [-96.58010709692252, 39.10001869733332], [-96.58046642303617, 39.10001869733332], [-96.58046642303617, 39.0998390342765], [-96.58082574914982, 39.0998390342765], [-96.58082574914982, 39.09947970816285], [-96.58100541220665, 39.09947970816285], [-96.58100541220665, 39.09930004510603], [-96.58118507526346, 39.09930004510603], [-96.58118507526346, 39.09947970816285], [-96.58136473832029, 39.09947970816285], [-96.58136473832029, 39.10037802344697], [-96.58154440137712, 39.10037802344697], [-96.58154440137712, 39.10055768650379], [-96.58172406443394, 39.10055768650379], [-96.58172406443394, 39.10073734956062], [-96.58244271666123, 39.10073734956062], [-96.58244271666123, 39.10055768650379], [-96.58334103194535, 39.10055768650379], [-96.58334103194535, 39.10037802344697], [-96.583700358059, 39.10037802344697], [-96.583700358059, 39.100198360390145], [-96.58388002111583, 39.100198360390145], [-96.58388002111583, 39.0991203820492], [-96.58352069500218, 39.0991203820492], [-96.58352069500218, 39.09894071899238], [-96.58334103194535, 39.09894071899238], [-96.58334103194535, 39.098761055935555], [-96.58316136888853, 39.098761055935555], [-96.58316136888853, 39.09840172982191], [-96.58298170583171, 39.09840172982191], [-96.58298170583171, 39.09822206676508], [-96.58280204277489, 39.09822206676508], [-96.58280204277489, 39.098042403708256], [-96.58262237971806, 39.098042403708256], [-96.58262237971806, 39.09768307759461], [-96.58352069500218, 39.09768307759461], [-96.58352069500218, 39.097862740651436], [-96.583700358059, 39.097862740651436], [-96.583700358059, 39.098042403708256], [-96.58388002111583, 39.098042403708256], [-96.58388002111583, 39.09822206676508], [-96.58405968417264, 39.09822206676508], [-96.58405968417264, 39.09840172982191], [-96.5844190102863, 39.09840172982191], [-96.5844190102863, 39.09858139287873], [-96.58459867334312, 39.09858139287873], [-96.58459867334312, 39.098761055935555], [-96.58477833639995, 39.098761055935555], [-96.58477833639995, 39.09894071899238], [-96.58495799945678, 39.09894071899238], [-96.58495799945678, 39.0991203820492], [-96.58513766251359, 39.0991203820492], [-96.58513766251359, 39.09894071899238], [-96.58549698862724, 39.09894071899238], [-96.58549698862724, 39.098761055935555], [-96.58567665168407, 39.098761055935555], [-96.58567665168407, 39.09858139287873], [-96.5858563147409, 39.09858139287873], [-96.5858563147409, 39.09840172982191], [-96.5860359777977, 39.09840172982191], [-96.5860359777977, 39.09822206676508], [-96.58639530391136, 39.09822206676508], [-96.58639530391136, 39.098042403708256], [-96.58675463002501, 39.098042403708256], [-96.58675463002501, 39.097862740651436], [-96.58693429308184, 39.097862740651436], [-96.58693429308184, 39.09768307759461], [-96.58711395613865, 39.09768307759461], [-96.58711395613865, 39.09750341453779], [-96.58675463002501, 39.09750341453779], [-96.58675463002501, 39.097323751480964], [-96.58549698862724, 39.097323751480964], [-96.58549698862724, 39.09750341453779], [-96.58531732557041, 39.09750341453779], [-96.58531732557041, 39.097323751480964], [-96.58495799945678, 39.097323751480964], [-96.58495799945678, 39.09714408842414], [-96.58477833639995, 39.09714408842414], [-96.58477833639995, 39.09696442536732], [-96.58495799945678, 39.09696442536732], [-96.58495799945678, 39.09678476231049], [-96.58621564085453, 39.09678476231049], [-96.58621564085453, 39.096605099253665], [-96.58639530391136, 39.096605099253665], [-96.58639530391136, 39.096425436196846], [-96.58657496696819, 39.096425436196846], [-96.58657496696819, 39.09606611008319], [-96.58639530391136, 39.09606611008319], [-96.58639530391136, 39.09570678396955], [-96.58621564085453, 39.09570678396955], [-96.58621564085453, 39.09552712091272], [-96.5860359777977, 39.09552712091272], [-96.5860359777977, 39.0953474578559], [-96.58567665168407, 39.0953474578559], [-96.58567665168407, 39.095167794799075], [-96.58531732557041, 39.095167794799075], [-96.58531732557041, 39.094988131742255], [-96.58495799945678, 39.094988131742255], [-96.58495799945678, 39.09480846868543], [-96.58459867334312, 39.09480846868543], [-96.58459867334312, 39.0946288056286], [-96.58423934722947, 39.0946288056286], [-96.58423934722947, 39.09444914257178], [-96.583700358059, 39.09444914257178], [-96.583700358059, 39.094269479514956], [-96.58334103194535, 39.094269479514956], [-96.58334103194535, 39.09408981645813], [-96.58298170583171, 39.09408981645813], [-96.58298170583171, 39.09391015340131], [-96.58262237971806, 39.09391015340131], [-96.58262237971806, 39.09408981645813], [-96.58226305360441, 39.09408981645813], [-96.58226305360441, 39.094269479514956], [-96.58208339054758, 39.094269479514956], [-96.58208339054758, 39.0946288056286], [-96.58172406443394, 39.0946288056286], [-96.58172406443394, 39.093730490344484], [-96.58190372749077, 39.093730490344484], [-96.58190372749077, 39.09355082728766], [-96.58226305360441, 39.09355082728766], [-96.58226305360441, 39.09337116423084], [-96.58208339054758, 39.09337116423084], [-96.58208339054758, 39.09319150117401], [-96.58190372749077, 39.09319150117401], [-96.58190372749077, 39.092832175060366], [-96.58154440137712, 39.092832175060366], [-96.58154440137712, 39.09265251200354], [-96.58118507526346, 39.09265251200354], [-96.58118507526346, 39.09247284894672], [-96.58082574914982, 39.09247284894672], [-96.58082574914982, 39.09229318588989], [-96.58010709692252, 39.09229318588989], [-96.58010709692252, 39.09211352283307], [-96.5799274338657, 39.09211352283307], [-96.5799274338657, 39.09193385977625], [-96.57902911858159, 39.09193385977625], [-96.57902911858159, 39.09211352283307], [-96.57866979246793, 39.09211352283307], [-96.57866979246793, 39.09229318588989], [-96.57615450967239, 39.09229318588989], [-96.57615450967239, 39.09211352283307], [-96.57633417272922, 39.09211352283307], [-96.57633417272922, 39.09193385977625], [-96.57669349884287, 39.09193385977625], [-96.57669349884287, 39.09175419671942], [-96.5768731618997, 39.09175419671942], [-96.5768731618997, 39.091394870605775], [-96.57651383578605, 39.091394870605775], [-96.57651383578605, 39.09121520754895], [-96.57633417272922, 39.09121520754895], [-96.57633417272922, 39.09103554449213], [-96.57471720521781, 39.09103554449213], [-96.57471720521781, 39.0908558814353], [-96.57292057464957, 39.0908558814353], [-96.57292057464957, 39.090676218378476], [-96.57238158547909, 39.090676218378476], [-96.57238158547909, 39.09049655532166], [-96.57148327019497, 39.09049655532166], [-96.57148327019497, 39.09031689226483], [-96.57094428102451, 39.09031689226483], [-96.57094428102451, 39.090137229208004], [-96.56878832434262, 39.090137229208004], [-96.56878832434262, 39.089957566151185], [-96.5686086612858, 39.089957566151185], [-96.5686086612858, 39.08977790309436]], [[-96.57849012941111, 39.098042403708256], [-96.57849012941111, 39.09822206676508], [-96.57866979246793, 39.09822206676508], [-96.57866979246793, 39.098042403708256], [-96.57849012941111, 39.098042403708256]], [[-96.57435787910416, 39.096425436196846], [-96.57435787910416, 39.096605099253665], [-96.57453754216098, 39.096605099253665], [-96.57453754216098, 39.09678476231049], [-96.57489686827464, 39.09678476231049], [-96.57489686827464, 39.09714408842414], [-96.57507653133146, 39.09714408842414], [-96.57507653133146, 39.097323751480964], [-96.57525619438827, 39.097323751480964], [-96.57525619438827, 39.09678476231049], [-96.5754358574451, 39.09678476231049], [-96.5754358574451, 39.096425436196846], [-96.57435787910416, 39.096425436196846]], [[-96.57363922687686, 39.096425436196846], [-96.57363922687686, 39.096605099253665], [-96.57381888993369, 39.096605099253665], [-96.57381888993369, 39.096425436196846], [-96.57363922687686, 39.096425436196846]], [[-96.57561552050193, 39.09624577314002], [-96.57561552050193, 39.096425436196846], [-96.57597484661558, 39.096425436196846], [-96.57597484661558, 39.09624577314002], [-96.57561552050193, 39.09624577314002]]]}, "id": "+464377+283364", "properties": {"count": 3135, "label": 1}}, {"type": "Feature", "geometry": {"geodesic": false, "type": "Polygon", "coordinates": [[[-96.5664527046039, 39.09480846868543], [-96.56627304154708, 39.09480846868543], [-96.56627304154708, 39.094988131742255], [-96.56609337849027, 39.094988131742255], [-96.56609337849027, 39.0953474578559], [-96.56591371543344, 39.0953474578559], [-96.56591371543344, 39.09570678396955], [-96.56537472626296, 39.09570678396955], [-96.56537472626296, 39.094988131742255], [-96.56501540014932, 39.094988131742255], [-96.56501540014932, 39.095167794799075], [-96.5648357370925, 39.095167794799075], [-96.5648357370925, 39.0953474578559], [-96.56465607403567, 39.0953474578559], [-96.56465607403567, 39.09552712091272], [-96.56447641097884, 39.09552712091272], [-96.56447641097884, 39.09570678396955], [-96.56429674792201, 39.09570678396955], [-96.56429674792201, 39.09750341453779], [-96.56501540014932, 39.09750341453779], [-96.56501540014932, 39.09768307759461], [-96.56591371543344, 39.09768307759461], [-96.56591371543344, 39.097862740651436], [-96.5664527046039, 39.097862740651436], [-96.5664527046039, 39.09768307759461], [-96.56681203071756, 39.09768307759461], [-96.56681203071756, 39.09750341453779], [-96.56932731351309, 39.09750341453779], [-96.56932731351309, 39.097323751480964], [-96.56968663962674, 39.097323751480964], [-96.56968663962674, 39.09714408842414], [-96.56986630268356, 39.09714408842414], [-96.56986630268356, 39.09606611008319], [-96.56950697656991, 39.09606611008319], [-96.56950697656991, 39.09588644702637], [-96.56878832434262, 39.09588644702637], [-96.56878832434262, 39.09570678396955], [-96.56824933517214, 39.09570678396955], [-96.56824933517214, 39.09552712091272], [-96.56717135683121, 39.09552712091272], [-96.56717135683121, 39.0953474578559], [-96.56699169377438, 39.0953474578559], [-96.56699169377438, 39.095167794799075], [-96.56681203071756, 39.095167794799075], [-96.56681203071756, 39.094988131742255], [-96.5664527046039, 39.094988131742255], [-96.5664527046039, 39.09480846868543]]]}, "id": "+464389+283336", "properties": {"count": 355, "label": 1}}, {"type": "Feature", "geometry": {"geodesic": false, "type": "Polygon", "coordinates": [[[-96.56663236766073, 39.08384902221917], [-96.56555438931979, 39.08384902221917], [-96.56555438931979, 39.084208348332815], [-96.56537472626296, 39.084208348332815], [-96.56537472626296, 39.08456767444647], [-96.56501540014932, 39.08456767444647], [-96.56501540014932, 39.08474733750329], [-96.56393742180838, 39.08474733750329], [-96.56393742180838, 39.08510666361694], [-96.56501540014932, 39.08510666361694], [-96.56501540014932, 39.08528632667376], [-96.56537472626296, 39.08528632667376], [-96.56537472626296, 39.08582531584423], [-96.56555438931979, 39.08582531584423], [-96.56555438931979, 39.08600497890106], [-96.56663236766073, 39.08600497890106], [-96.56663236766073, 39.08618464195788], [-96.56681203071756, 39.08618464195788], [-96.56681203071756, 39.086364305014705], [-96.56699169377438, 39.086364305014705], [-96.56699169377438, 39.08672363112835], [-96.56735101988802, 39.08672363112835], [-96.56735101988802, 39.08690329418518], [-96.56968663962674, 39.08690329418518], [-96.56968663962674, 39.087082957242], [-96.57058495491086, 39.087082957242], [-96.57058495491086, 39.08726262029882], [-96.57076461796768, 39.08726262029882], [-96.57076461796768, 39.088520261696594], [-96.57058495491086, 39.088520261696594], [-96.57058495491086, 39.08869992475341], [-96.57004596574039, 39.08869992475341], [-96.57004596574039, 39.088520261696594], [-96.56932731351309, 39.088520261696594], [-96.56932731351309, 39.08834059863977], [-96.5686086612858, 39.08834059863977], [-96.5686086612858, 39.08816093558294], [-96.56842899822897, 39.08816093558294], [-96.56842899822897, 39.08798127252612], [-96.56824933517214, 39.08798127252612], [-96.56824933517214, 39.087801609469295], [-96.56555438931979, 39.087801609469295], [-96.56555438931979, 39.08798127252612], [-96.56537472626296, 39.08798127252612], [-96.56537472626296, 39.08834059863977], [-96.56555438931979, 39.08834059863977], [-96.56555438931979, 39.088520261696594], [-96.56735101988802, 39.088520261696594], [-96.56735101988802, 39.08869992475341], [-96.56771034600168, 39.08869992475341], [-96.56771034600168, 39.08887958781024], [-96.5678900090585, 39.08887958781024], [-96.5678900090585, 39.089238913923886], [-96.56806967211533, 39.089238913923886], [-96.56806967211533, 39.08941857698071], [-96.56824933517214, 39.08941857698071], [-96.56824933517214, 39.08959824003753], [-96.56842899822897, 39.08959824003753], [-96.56842899822897, 39.08977790309436], [-96.5686086612858, 39.08977790309436], [-96.5686086612858, 39.089957566151185], [-96.56878832434262, 39.089957566151185], [-96.56878832434262, 39.090137229208004], [-96.57094428102451, 39.090137229208004], [-96.57094428102451, 39.09031689226483], [-96.5716629332518, 39.09031689226483], [-96.5716629332518, 39.090137229208004], [-96.57202225936545, 39.090137229208004], [-96.57202225936545, 39.089957566151185], [-96.57220192242227, 39.089957566151185], [-96.57220192242227, 39.08977790309436], [-96.57292057464957, 39.08977790309436], [-96.57292057464957, 39.08959824003753], [-96.57274091159275, 39.08959824003753], [-96.57274091159275, 39.08941857698071], [-96.57202225936545, 39.08941857698071], [-96.57202225936545, 39.08869992475341], [-96.57238158547909, 39.08869992475341], [-96.57238158547909, 39.088520261696594], [-96.57274091159275, 39.088520261696594], [-96.57274091159275, 39.08834059863977], [-96.57327990076321, 39.08834059863977], [-96.57327990076321, 39.08816093558294], [-96.5731002377064, 39.08816093558294], [-96.5731002377064, 39.08798127252612], [-96.57274091159275, 39.08798127252612], [-96.57274091159275, 39.087801609469295], [-96.57238158547909, 39.087801609469295], [-96.57238158547909, 39.087082957242], [-96.57220192242227, 39.087082957242], [-96.57220192242227, 39.08690329418518], [-96.57202225936545, 39.08690329418518], [-96.57202225936545, 39.08672363112835], [-96.57184259630863, 39.08672363112835], [-96.57184259630863, 39.08654396807153], [-96.5716629332518, 39.08654396807153], [-96.5716629332518, 39.086364305014705], [-96.57148327019497, 39.086364305014705], [-96.57148327019497, 39.08618464195788], [-96.57130360713815, 39.08618464195788], [-96.57130360713815, 39.08600497890106], [-96.57112394408134, 39.08600497890106], [-96.57112394408134, 39.085645652787406], [-96.57094428102451, 39.085645652787406], [-96.57094428102451, 39.08546598973059], [-96.57076461796768, 39.08546598973059], [-96.57076461796768, 39.08528632667376], [-96.5686086612858, 39.08528632667376], [-96.5686086612858, 39.08546598973059], [-96.56824933517214, 39.08546598973059], [-96.56824933517214, 39.08528632667376], [-96.5678900090585, 39.08528632667376], [-96.5678900090585, 39.08510666361694], [-96.56771034600168, 39.08510666361694], [-96.56771034600168, 39.08474733750329], [-96.56753068294485, 39.08474733750329], [-96.56753068294485, 39.08456767444647], [-96.56699169377438, 39.08456767444647], [-96.56699169377438, 39.08438801138964], [-96.56681203071756, 39.08438801138964], [-96.56681203071756, 39.084028685275996], [-96.56663236766073, 39.084028685275996], [-96.56663236766073, 39.08384902221917]], [[-96.57130360713815, 39.08959824003753], [-96.57130360713815, 39.089957566151185], [-96.5716629332518, 39.089957566151185], [-96.5716629332518, 39.08959824003753], [-96.57130360713815, 39.08959824003753]]]}, "id": "+464393+283397", "properties": {"count": 731, "label": 0}}, {"type": "Feature", "geometry": {"geodesic": false, "type": "Polygon", "coordinates": [[[-96.56196112818331, 39.085645652787406], [-96.56142213901283, 39.085645652787406], [-96.56142213901283, 39.08654396807153], [-96.56160180206966, 39.08654396807153], [-96.56160180206966, 39.08672363112835], [-96.56178146512649, 39.08672363112835], [-96.56178146512649, 39.08654396807153], [-96.56196112818331, 39.08654396807153], [-96.56196112818331, 39.085645652787406]]]}, "id": "+464416+283387", "properties": {"count": 16, "label": 0}}, {"type": "Feature", "geometry": {"geodesic": false, "type": "Polygon", "coordinates": [[[-96.56501540014932, 39.09750341453779], [-96.56070348678554, 39.09750341453779], [-96.56070348678554, 39.09768307759461], [-96.56052382372872, 39.09768307759461], [-96.56052382372872, 39.098761055935555], [-96.56070348678554, 39.098761055935555], [-96.56070348678554, 39.09894071899238], [-96.5626797804106, 39.09894071899238], [-96.5626797804106, 39.098761055935555], [-96.56285944346743, 39.098761055935555], [-96.56285944346743, 39.09840172982191], [-96.56303910652426, 39.09840172982191], [-96.56303910652426, 39.09822206676508], [-96.56429674792201, 39.09822206676508], [-96.56429674792201, 39.09840172982191], [-96.56465607403567, 39.09840172982191], [-96.56465607403567, 39.09947970816285], [-96.56447641097884, 39.09947970816285], [-96.56447641097884, 39.10037802344697], [-96.56465607403567, 39.10037802344697], [-96.56465607403567, 39.10055768650379], [-96.56501540014932, 39.10055768650379], [-96.56501540014932, 39.10037802344697], [-96.56519506320615, 39.10037802344697], [-96.56519506320615, 39.09930004510603], [-96.56537472626296, 39.09930004510603], [-96.56537472626296, 39.0991203820492], [-96.56699169377438, 39.0991203820492], [-96.56699169377438, 39.09894071899238], [-96.56717135683121, 39.09894071899238], [-96.56717135683121, 39.098761055935555], [-96.56753068294485, 39.098761055935555], [-96.56753068294485, 39.09858139287873], [-96.56771034600168, 39.09858139287873], [-96.56771034600168, 39.098761055935555], [-96.56824933517214, 39.098761055935555], [-96.56824933517214, 39.09858139287873], [-96.56842899822897, 39.09858139287873], [-96.56842899822897, 39.098761055935555], [-96.56878832434262, 39.098761055935555], [-96.56878832434262, 39.09858139287873], [-96.56914765045627, 39.09858139287873], [-96.56914765045627, 39.09840172982191], [-96.56950697656991, 39.09840172982191], [-96.56950697656991, 39.09822206676508], [-96.56914765045627, 39.09822206676508], [-96.56914765045627, 39.09840172982191], [-96.56896798739945, 39.09840172982191], [-96.56896798739945, 39.09822206676508], [-96.56842899822897, 39.09822206676508], [-96.56842899822897, 39.098042403708256], [-96.56806967211533, 39.098042403708256], [-96.56806967211533, 39.097862740651436], [-96.56824933517214, 39.097862740651436], [-96.56824933517214, 39.09768307759461], [-96.56896798739945, 39.09768307759461], [-96.56896798739945, 39.09750341453779], [-96.56681203071756, 39.09750341453779], [-96.56681203071756, 39.09768307759461], [-96.5664527046039, 39.09768307759461], [-96.5664527046039, 39.097862740651436], [-96.56591371543344, 39.097862740651436], [-96.56591371543344, 39.09768307759461], [-96.56501540014932, 39.09768307759461], [-96.56501540014932, 39.09750341453779]]]}, "id": "+464420+283321", "properties": {"count": 343, "label": 0}}, {"type": "Feature", "geometry": {"geodesic": false, "type": "Polygon", "coordinates": [[[-96.55854753010365, 39.086364305014705], [-96.55818820399001, 39.086364305014705], [-96.55818820399001, 39.08762194641247], [-96.55836786704683, 39.08762194641247], [-96.55836786704683, 39.08816093558294], [-96.55818820399001, 39.08816093558294], [-96.55818820399001, 39.08869992475341], [-96.55782887787636, 39.08869992475341], [-96.55782887787636, 39.08887958781024], [-96.55746955176271, 39.08887958781024], [-96.55746955176271, 39.08869992475341], [-96.55711022564907, 39.08869992475341], [-96.55711022564907, 39.08834059863977], [-96.55693056259224, 39.08834059863977], [-96.55693056259224, 39.08798127252612], [-96.5558525842513, 39.08798127252612], [-96.5558525842513, 39.088520261696594], [-96.55567292119447, 39.088520261696594], [-96.55567292119447, 39.08869992475341], [-96.55531359508083, 39.08869992475341], [-96.55531359508083, 39.08887958781024], [-96.555133932024, 39.08887958781024], [-96.555133932024, 39.08905925086707], [-96.55639157342176, 39.08905925086707], [-96.55639157342176, 39.089238913923886], [-96.55657123647859, 39.089238913923886], [-96.55657123647859, 39.08941857698071], [-96.55675089953542, 39.08941857698071], [-96.55675089953542, 39.09031689226483], [-96.55657123647859, 39.09031689226483], [-96.55657123647859, 39.09049655532166], [-96.555133932024, 39.09049655532166], [-96.555133932024, 39.090676218378476], [-96.55531359508083, 39.090676218378476], [-96.55531359508083, 39.0908558814353], [-96.55567292119447, 39.0908558814353], [-96.55567292119447, 39.090676218378476], [-96.55639157342176, 39.090676218378476], [-96.55639157342176, 39.0908558814353], [-96.55657123647859, 39.0908558814353], [-96.55657123647859, 39.09103554449213], [-96.55675089953542, 39.09103554449213], [-96.55675089953542, 39.091394870605775], [-96.55657123647859, 39.091394870605775], [-96.55657123647859, 39.09229318588989], [-96.55693056259224, 39.09229318588989], [-96.55693056259224, 39.09247284894672], [-96.55746955176271, 39.09247284894672], [-96.55746955176271, 39.09229318588989], [-96.5589068562173, 39.09229318588989], [-96.5589068562173, 39.09247284894672], [-96.55908651927413, 39.09247284894672], [-96.55908651927413, 39.09319150117401], [-96.55926618233096, 39.09319150117401], [-96.55926618233096, 39.09337116423084], [-96.55944584538777, 39.09337116423084], [-96.55944584538777, 39.09355082728766], [-96.55980517150142, 39.09355082728766], [-96.55980517150142, 39.094269479514956], [-96.55944584538777, 39.094269479514956], [-96.55944584538777, 39.09444914257178], [-96.5572898887059, 39.09444914257178], [-96.5572898887059, 39.094269479514956], [-96.55693056259224, 39.094269479514956], [-96.55693056259224, 39.09444914257178], [-96.55657123647859, 39.09444914257178], [-96.55657123647859, 39.09480846868543], [-96.55675089953542, 39.09480846868543], [-96.55675089953542, 39.094988131742255], [-96.55711022564907, 39.094988131742255], [-96.55711022564907, 39.095167794799075], [-96.5572898887059, 39.095167794799075], [-96.5572898887059, 39.0953474578559], [-96.55746955176271, 39.0953474578559], [-96.55746955176271, 39.09552712091272], [-96.5572898887059, 39.09552712091272], [-96.5572898887059, 39.09570678396955], [-96.55711022564907, 39.09570678396955], [-96.55711022564907, 39.09588644702637], [-96.55693056259224, 39.09588644702637], [-96.55693056259224, 39.09606611008319], [-96.55657123647859, 39.09606611008319], [-96.55657123647859, 39.096425436196846], [-96.55675089953542, 39.096425436196846], [-96.55675089953542, 39.096605099253665], [-96.55746955176271, 39.096605099253665], [-96.55746955176271, 39.096425436196846], [-96.55782887787636, 39.096425436196846], [-96.55782887787636, 39.09606611008319], [-96.55800854093319, 39.09606611008319], [-96.55800854093319, 39.09588644702637], [-96.55818820399001, 39.09588644702637], [-96.55818820399001, 39.09570678396955], [-96.55926618233096, 39.09570678396955], [-96.55926618233096, 39.09552712091272], [-96.55944584538777, 39.09552712091272], [-96.55944584538777, 39.0953474578559], [-96.5596255084446, 39.0953474578559], [-96.5596255084446, 39.094988131742255], [-96.55998483455825, 39.094988131742255], [-96.55998483455825, 39.09480846868543], [-96.56178146512649, 39.09480846868543], [-96.56178146512649, 39.094988131742255], [-96.56321876958108, 39.094988131742255], [-96.56321876958108, 39.09480846868543], [-96.56357809569472, 39.09480846868543], [-96.56357809569472, 39.0946288056286], [-96.56375775875155, 39.0946288056286], [-96.56375775875155, 39.09444914257178], [-96.56519506320615, 39.09444914257178], [-96.56519506320615, 39.0946288056286], [-96.56537472626296, 39.0946288056286], [-96.56537472626296, 39.09570678396955], [-96.56591371543344, 39.09570678396955], [-96.56591371543344, 39.0953474578559], [-96.56609337849027, 39.0953474578559], [-96.56609337849027, 39.094988131742255], [-96.56627304154708, 39.094988131742255], [-96.56627304154708, 39.09480846868543], [-96.5664527046039, 39.09480846868543], [-96.5664527046039, 39.094988131742255], [-96.56681203071756, 39.094988131742255], [-96.56681203071756, 39.095167794799075], [-96.56699169377438, 39.095167794799075], [-96.56699169377438, 39.0953474578559], [-96.56717135683121, 39.0953474578559], [-96.56717135683121, 39.09552712091272], [-96.56824933517214, 39.09552712091272], [-96.56824933517214, 39.09570678396955], [-96.56878832434262, 39.09570678396955], [-96.56878832434262, 39.09588644702637], [-96.56950697656991, 39.09588644702637], [-96.56950697656991, 39.09606611008319], [-96.56968663962674, 39.09606611008319], [-96.56968663962674, 39.09588644702637], [-96.56950697656991, 39.09588644702637], [-96.56950697656991, 39.09570678396955], [-96.56896798739945, 39.09570678396955], [-96.56896798739945, 39.09552712091272], [-96.56878832434262, 39.09552712091272], [-96.56878832434262, 39.095167794799075], [-96.5686086612858, 39.095167794799075], [-96.5686086612858, 39.09480846868543], [-96.56878832434262, 39.09480846868543], [-96.56878832434262, 39.0946288056286], [-96.56950697656991, 39.0946288056286], [-96.56950697656991, 39.09444914257178], [-96.57004596574039, 39.09444914257178], [-96.57004596574039, 39.094269479514956], [-96.57040529185403, 39.094269479514956], [-96.57040529185403, 39.09408981645813], [-96.57076461796768, 39.09408981645813], [-96.57076461796768, 39.094269479514956], [-96.57094428102451, 39.094269479514956], [-96.57094428102451, 39.09391015340131], [-96.57076461796768, 39.09391015340131], [-96.57076461796768, 39.092832175060366], [-96.5702256287972, 39.092832175060366], [-96.5702256287972, 39.09391015340131], [-96.57004596574039, 39.09391015340131], [-96.57004596574039, 39.09408981645813], [-96.56968663962674, 39.09408981645813], [-96.56968663962674, 39.094269479514956], [-96.56914765045627, 39.094269479514956], [-96.56914765045627, 39.09408981645813], [-96.56878832434262, 39.09408981645813], [-96.56878832434262, 39.09391015340131], [-96.5686086612858, 39.09391015340131], [-96.5686086612858, 39.09301183811719], [-96.56842899822897, 39.09301183811719], [-96.56842899822897, 39.09265251200354], [-96.56735101988802, 39.09265251200354], [-96.56735101988802, 39.09247284894672], [-96.56717135683121, 39.09247284894672], [-96.56717135683121, 39.09229318588989], [-96.56699169377438, 39.09229318588989], [-96.56699169377438, 39.09211352283307], [-96.56681203071756, 39.09211352283307], [-96.56681203071756, 39.09193385977625], [-96.56699169377438, 39.09193385977625], [-96.56699169377438, 39.09121520754895], [-96.56681203071756, 39.09121520754895], [-96.56681203071756, 39.09103554449213], [-96.5664527046039, 39.09103554449213], [-96.5664527046039, 39.0908558814353], [-96.56627304154708, 39.0908558814353], [-96.56627304154708, 39.090676218378476], [-96.56609337849027, 39.090676218378476], [-96.56609337849027, 39.09049655532166], [-96.56591371543344, 39.09049655532166], [-96.56591371543344, 39.09031689226483], [-96.56573405237661, 39.09031689226483], [-96.56573405237661, 39.090137229208004], [-96.5648357370925, 39.090137229208004], [-96.5648357370925, 39.089957566151185], [-96.56447641097884, 39.089957566151185], [-96.56447641097884, 39.08977790309436], [-96.56429674792201, 39.08977790309436], [-96.56429674792201, 39.08869992475341], [-96.56393742180838, 39.08869992475341], [-96.56393742180838, 39.088520261696594], [-96.56375775875155, 39.088520261696594], [-96.56375775875155, 39.08834059863977], [-96.56357809569472, 39.08834059863977], [-96.56357809569472, 39.08816093558294], [-96.5633984326379, 39.08816093558294], [-96.5633984326379, 39.087801609469295], [-96.56357809569472, 39.087801609469295], [-96.56357809569472, 39.08726262029882], [-96.5633984326379, 39.08726262029882], [-96.5633984326379, 39.087082957242], [-96.56232045429695, 39.087082957242], [-96.56232045429695, 39.08744228335565], [-96.56214079124014, 39.08744228335565], [-96.56214079124014, 39.087801609469295], [-96.56232045429695, 39.087801609469295], [-96.56232045429695, 39.0908558814353], [-96.5633984326379, 39.0908558814353], [-96.5633984326379, 39.09103554449213], [-96.56357809569472, 39.09103554449213], [-96.56357809569472, 39.09121520754895], [-96.56375775875155, 39.09121520754895], [-96.56375775875155, 39.091394870605775], [-96.56393742180838, 39.091394870605775], [-96.56393742180838, 39.091574533662595], [-96.5641170848652, 39.091574533662595], [-96.5641170848652, 39.09175419671942], [-96.56429674792201, 39.09175419671942], [-96.56429674792201, 39.09193385977625], [-96.56447641097884, 39.09193385977625], [-96.56447641097884, 39.09211352283307], [-96.56465607403567, 39.09211352283307], [-96.56465607403567, 39.09265251200354], [-96.56447641097884, 39.09265251200354], [-96.56447641097884, 39.092832175060366], [-96.56357809569472, 39.092832175060366], [-96.56357809569472, 39.09265251200354], [-96.56214079124014, 39.09265251200354], [-96.56214079124014, 39.092832175060366], [-96.56160180206966, 39.092832175060366], [-96.56160180206966, 39.09265251200354], [-96.56142213901283, 39.09265251200354], [-96.56142213901283, 39.09247284894672], [-96.56124247595602, 39.09247284894672], [-96.56124247595602, 39.09211352283307], [-96.5610628128992, 39.09211352283307], [-96.5610628128992, 39.09175419671942], [-96.56124247595602, 39.09175419671942], [-96.56124247595602, 39.091574533662595], [-96.5610628128992, 39.091574533662595], [-96.5610628128992, 39.09121520754895], [-96.56070348678554, 39.09121520754895], [-96.56070348678554, 39.09103554449213], [-96.56052382372872, 39.09103554449213], [-96.56052382372872, 39.0908558814353], [-96.56034416067189, 39.0908558814353], [-96.56034416067189, 39.09049655532166], [-96.56016449761508, 39.09049655532166], [-96.56016449761508, 39.09031689226483], [-96.5596255084446, 39.09031689226483], [-96.5596255084446, 39.090137229208004], [-96.55944584538777, 39.090137229208004], [-96.55944584538777, 39.08726262029882], [-96.55926618233096, 39.08726262029882], [-96.55926618233096, 39.087082957242], [-96.5589068562173, 39.087082957242], [-96.5589068562173, 39.08690329418518], [-96.55872719316048, 39.08690329418518], [-96.55872719316048, 39.08654396807153], [-96.55854753010365, 39.08654396807153], [-96.55854753010365, 39.086364305014705]], [[-96.55711022564907, 39.09049655532166], [-96.55711022564907, 39.0908558814353], [-96.5572898887059, 39.0908558814353], [-96.5572898887059, 39.09103554449213], [-96.55746955176271, 39.09103554449213], [-96.55746955176271, 39.09049655532166], [-96.55711022564907, 39.09049655532166]]]}, "id": "+464434+283383", "properties": {"count": 1776, "label": 0}}, {"type": "Feature", "geometry": {"geodesic": false, "type": "Polygon", "coordinates": [[[-96.55746955176271, 39.09049655532166], [-96.55711022564907, 39.09049655532166], [-96.55711022564907, 39.0908558814353], [-96.5572898887059, 39.0908558814353], [-96.5572898887059, 39.09103554449213], [-96.55746955176271, 39.09103554449213], [-96.55746955176271, 39.09049655532166]]]}, "id": "+464440+283360", "properties": {"count": 5, "label": 2}}, {"type": "Feature", "geometry": {"geodesic": false, "type": "Polygon", "coordinates": [[[-96.5544152797967, 39.08798127252612], [-96.55423561673989, 39.08798127252612], [-96.55423561673989, 39.08834059863977], [-96.5544152797967, 39.08834059863977], [-96.5544152797967, 39.08798127252612]]]}, "id": "+464456+283374", "properties": {"count": 2, "label": 0}}]}